Game_Date,Team,Player,MP,PTS,TRB,AST,FGA,FG%,STL,TOV
20251101,SAC,DeMar DeRozan,41:25,29,4,3,19,.526,0,2
20251101,SAC,Zach LaVine,38:49,31,4,2,17,.471,1,0
20251101,SAC,Dennis Schröder,37:06,24,5,7,13,.615,2,3
20251101,SAC,Domantas Sabonis,36:57,24,13,6,13,.615,1,3
20251101,SAC,Dylan Cardwell,5:04,2,1,0,1,1.000,0,0
20251101,SAC,Russell Westbrook,33:33,12,5,10,14,.286,2,1
20251101,SAC,Keon Ellis,16:10,3,1,1,2,.500,2,0
20251101,SAC,Nique Clifford,15:53,0,3,0,1,.000,0,0
20251101,SAC,Drew Eubanks,11:04,10,1,1,6,.833,0,0
20251101,SAC,Maxime Raynaud,3:59,0,1,0,1,.000,0,0
20251101,MIL,Ryan Rollins,36:21,16,4,8,13,.615,2,3
20251101,MIL,Giannis Antetokounmpo,32:11,26,11,8,13,.615,1,1
20251101,MIL,Gary Trent Jr.,32:10,17,0,2,7,.714,0,1
20251101,MIL,A.J. Green,29:48,17,4,2,12,.500,0,0
20251101,MIL,Myles Turner,23:50,9,3,0,6,.500,2,2
20251101,MIL,Bobby Portis,23:03,16,6,2,9,.667,0,1
20251101,MIL,Kyle Kuzma,21:30,22,1,1,13,.692,0,0
20251101,MIL,Amir Coffey,14:42,4,3,2,3,.667,0,0
20251101,MIL,Taurean Prince,13:16,3,3,0,2,.500,0,0
20251101,MIL,Cole Anthony,13:08,3,2,5,4,.250,0,3
20251101,MIL,Jericho Sims,0:01,0,0,0,0,,0,0
20251101,MIN,Rudy Gobert,35:20,14,15,5,9,.667,2,1
20251101,MIN,Julius Randle,32:17,30,7,4,19,.632,1,2
20251101,MIN,Jaden McDaniels,31:53,14,4,6,10,.600,0,3
20251101,MIN,Donte DiVincenzo,31:19,18,3,4,14,.429,1,0
20251101,MIN,Mike Conley,28:55,10,3,6,6,.500,1,1
20251101,MIN,Naz Reid,21:55,18,3,1,13,.538,0,1
20251101,MIN,Jaylen Clark,19:02,6,1,0,6,.500,1,0
20251101,MIN,Rob Dillingham,15:31,4,0,4,5,.400,2,2
20251101,MIN,Terrence Shannon Jr.,11:36,2,1,0,1,.000,0,0
20251101,MIN,Bones Hyland,9:58,3,1,1,3,.333,0,0
20251101,MIN,Joan Beringer,1:16,0,0,0,0,,0,0
20251101,MIN,Johnny Juzang,0:58,3,0,0,1,1.000,0,0
20251101,CHO,Miles Bridges,36:41,30,8,4,16,.625,1,1
20251101,CHO,LaMelo Ball,33:28,18,7,8,19,.368,1,3
20251101,CHO,Kon Knueppel,30:57,5,8,2,9,.111,1,3
20251101,CHO,Ryan Kalkbrenner,29:27,6,6,0,4,.500,0,1
20251101,CHO,Collin Sexton,19:58,9,2,2,7,.286,0,2
20251101,CHO,Sion James,27:25,8,2,0,3,.667,0,0
20251101,CHO,Tre Mann,22:36,16,1,5,15,.400,1,1
20251101,CHO,Moussa Diabaté,18:33,11,9,1,5,.600,0,0
20251101,CHO,Tidjane Salaün,11:19,2,1,1,5,.200,0,1
20251101,CHO,Liam McNeeley,9:36,0,1,0,3,.000,0,2
20251101,GSW,Brandin Podziemski,35:19,16,4,3,10,.600,1,0
20251101,GSW,Jimmy Butler,34:26,20,6,7,14,.429,3,2
20251101,GSW,Jonathan Kuminga,31:49,17,5,2,16,.438,0,0
20251101,GSW,Draymond Green,29:44,8,10,1,5,.400,0,3
20251101,GSW,Stephen Curry,29:07,24,0,2,23,.348,1,5
20251101,GSW,Moses Moody,16:06,3,2,3,3,.333,0,0
20251101,GSW,Buddy Hield,15:25,3,1,4,4,.250,0,2
20251101,GSW,Al Horford,15:13,4,6,1,4,.500,0,1
20251101,GSW,Quinten Post,12:49,9,3,0,8,.500,0,1
20251101,GSW,Gui Santos,11:14,5,4,1,2,1.000,0,1
20251101,GSW,Gary Payton II,8:48,0,3,1,1,.000,0,1
20251101,IND,Pascal Siakam,38:01,27,5,3,23,.522,2,3
20251101,IND,Aaron Nesmith,35:08,31,6,1,19,.526,0,1
20251101,IND,Quenton Jackson,31:09,25,6,10,16,.625,3,0
20251101,IND,Jarace Walker,29:57,6,9,5,9,.222,0,4
20251101,IND,Isaiah Jackson,20:57,10,8,1,5,.400,0,0
20251101,IND,Johnny Furphy,22:51,5,3,0,4,.500,2,2
20251101,IND,Tony Bradley,18:05,5,6,0,3,.333,0,0
20251101,IND,RayJ Dennis,16:51,2,0,2,7,.143,0,0
20251101,IND,Ben Sheppard,12:52,3,3,2,1,.000,0,1
20251101,IND,Jeremiah Robinson-Earl,6:17,0,1,0,1,.000,0,0
20251101,IND,Taelon Peter,4:32,0,0,0,1,.000,0,1
20251101,IND,Jay Huff,3:20,0,0,0,0,,0,0
20251101,ORL,Franz Wagner,30:50,25,6,6,19,.421,3,1
20251101,ORL,Wendell Carter Jr.,28:02,16,12,0,10,.700,0,2
20251101,ORL,Paolo Banchero,26:09,28,11,4,15,.600,0,3
20251101,ORL,Desmond Bane,19:56,5,0,5,6,.333,2,0
20251101,ORL,Jalen Suggs,19:16,6,2,5,10,.300,5,3
20251101,ORL,Anthony Black,24:35,8,2,5,6,.500,0,3
20251101,ORL,Tristan Da Silva,21:54,2,2,1,5,.200,1,1
20251101,ORL,Goga Bitadze,19:58,15,6,0,8,.875,1,0
20251101,ORL,Jonathan Isaac,15:52,8,6,0,3,.667,0,1
20251101,ORL,Tyus Jones,14:44,6,2,1,4,.750,0,0
20251101,ORL,Noah Penda,6:46,3,2,3,2,.500,1,1
20251101,ORL,Jett Howard,5:59,3,1,2,3,.333,0,0
20251101,ORL,Jase Richardson,5:59,0,1,0,1,.000,0,0
20251101,WAS,Alex Sarr,27:59,10,8,2,8,.500,0,2
20251101,WAS,Bilal Coulibaly,26:31,10,2,4,10,.300,1,0
20251101,WAS,Kyshawn George,24:12,17,3,1,12,.667,0,4
20251101,WAS,CJ McCollum,22:29,13,5,1,12,.417,2,3
20251101,WAS,Khris Middleton,20:24,6,3,2,4,.500,0,1
20251101,WAS,Tre Johnson,24:41,7,3,0,12,.250,1,2
20251101,WAS,Bub Carrington,21:56,7,4,5,9,.333,1,3
20251101,WAS,Cam Whitmore,15:37,8,2,0,7,.429,2,0
20251101,WAS,Corey Kispert,14:57,2,0,0,5,.200,0,1
20251101,WAS,Marvin Bagley III,14:51,8,3,3,7,.571,0,0
20251101,WAS,AJ Johnson,5:59,2,1,0,3,.333,0,0
20251101,WAS,Will Riley,5:59,2,2,1,3,.333,0,0
20251101,WAS,Justin Champagnie,5:10,2,3,0,3,.333,0,0
20251101,WAS,Tristan Vukcevic,5:10,0,0,0,2,.000,0,1
20251101,WAS,Anthony Gill,4:05,0,1,0,1,.000,0,0
20251101,HOU,Amen Thompson,32:10,17,9,8,12,.500,0,3
20251101,HOU,Alperen Şengün,30:36,16,10,9,13,.385,1,4
20251101,HOU,Kevin Durant,29:33,26,4,1,11,.727,2,2
20251101,HOU,Jabari Smith Jr.,26:21,12,6,0,10,.500,1,1
20251101,HOU,Josh Okogie,21:02,12,0,2,5,.600,1,0
20251101,HOU,Tari Eason,20:03,12,6,0,7,.571,0,3
20251101,HOU,Clint Capela,18:04,4,10,1,3,.333,1,1
20251101,HOU,Reed Sheppard,16:46,12,0,3,6,.667,0,0
20251101,HOU,Steven Adams,14:27,4,5,3,3,.667,0,1
20251101,HOU,Jae'Sean Tate,8:25,0,1,0,2,.000,0,1
20251101,HOU,Jeff Green,7:31,6,0,0,2,1.000,0,0
20251101,HOU,JD Davison,7:31,5,0,1,2,1.000,0,0
20251101,HOU,Aaron Holiday,7:31,2,2,2,1,.000,0,2
20251101,BOS,Payton Pritchard,26:19,14,1,4,10,.500,1,1
20251101,BOS,Jaylen Brown,21:43,12,2,5,14,.429,1,5
20251101,BOS,Josh Minott,19:19,10,6,3,11,.273,2,1
20251101,BOS,Derrick White,19:09,5,2,2,11,.182,1,0
20251101,BOS,Neemias Queta,15:26,9,4,1,6,.667,0,0
20251101,BOS,Baylor Scheierman,22:32,17,5,1,7,.857,2,0
20251101,BOS,Jordan Walsh,18:42,10,4,1,10,.400,0,0
20251101,BOS,Hugo González,16:57,7,1,1,8,.375,0,2
20251101,BOS,Sam Hauser,16:53,6,2,2,4,.500,0,1
20251101,BOS,Anfernee Simons,16:50,3,1,0,6,.167,0,0
20251101,BOS,Luka Garza,15:29,0,4,0,3,.000,0,0
20251101,BOS,Chris Boucher,12:45,4,0,0,6,.333,1,0
20251101,BOS,Ron Harper Jr.,9:49,2,3,3,5,.200,0,0
20251101,BOS,Amari Williams,6:12,2,1,1,2,.500,1,0
20251101,BOS,Xavier Tillman Sr.,1:54,0,0,0,0,,0,0
20251101,DAL,P.J. Washington,35:50,6,5,5,13,.231,0,2
20251101,DAL,Cooper Flagg,33:30,16,8,4,14,.214,1,1
20251101,DAL,Max Christie,33:09,13,6,5,9,.556,0,1
20251101,DAL,Klay Thompson,19:56,11,3,1,9,.444,0,0
20251101,DAL,Daniel Gafford,17:22,7,4,3,3,.667,0,0
20251101,DAL,D'Angelo Russell,29:52,31,7,3,17,.588,0,4
20251101,DAL,Naji Marshall,22:53,7,2,0,5,.600,1,2
20251101,DAL,Dwight Powell,18:33,5,6,1,1,1.000,0,2
20251101,DAL,Brandon Williams,16:38,12,0,0,7,.429,1,3
20251101,DAL,Caleb Martin,12:17,2,2,1,2,.000,0,0
20251101,DET,Cade Cunningham,37:19,21,6,18,16,.438,3,1
20251101,DET,Tobias Harris,35:31,11,6,1,12,.250,0,1
20251101,DET,Duncan Robinson,34:21,18,6,1,11,.545,0,0
20251101,DET,Jalen Duren,29:06,33,10,2,16,.813,1,0
20251101,DET,Ausar Thompson,28:02,15,7,1,12,.500,2,2
20251101,DET,Isaiah Stewart,25:02,10,4,1,7,.571,0,0
20251101,DET,Caris LeVert,18:14,5,1,2,6,.333,0,1
20251101,DET,Ron Holland,18:12,2,5,2,5,.200,2,2
20251101,DET,Javonte Green,13:51,7,2,1,6,.500,2,0
20251101,DET,Chaz Lanier,0:22,0,0,0,0,,0,0
20251102,NOP,Trey Murphy III,32:04,19,5,2,13,.538,1,0
20251102,NOP,Zion Williamson,28:03,20,9,6,14,.500,1,4
20251102,NOP,Jeremiah Fears,25:38,16,4,4,13,.462,0,5
20251102,NOP,Herbert Jones,24:09,12,1,3,6,.667,2,0
20251102,NOP,Yves Missi,21:57,7,6,0,4,.500,0,1
20251102,NOP,Jordan Poole,24:03,11,1,3,11,.182,1,2
20251102,NOP,Saddiq Bey,19:00,2,2,0,4,.250,0,1
20251102,NOP,Jose Alvarado,18:10,3,2,2,3,.333,1,0
20251102,NOP,Kevon Looney,16:28,3,3,2,3,.333,0,2
20251102,NOP,Karlo Matković,6:51,4,2,0,2,1.000,0,0
20251102,NOP,Derik Queen,6:51,4,2,0,2,.500,0,0
20251102,NOP,Micah Peavy,6:51,3,1,2,4,.250,0,1
20251102,NOP,Jordan Hawkins,6:51,0,0,0,1,.000,0,0
20251102,NOP,Bryce McGowens,3:05,2,0,2,0,,0,0
20251102,OKC,Shai Gilgeous-Alexander,29:59,30,2,7,14,.571,1,3
20251102,OKC,Aaron Wiggins,26:29,15,1,1,11,.545,0,0
20251102,OKC,Cason Wallace,26:03,13,0,1,5,.800,5,0
20251102,OKC,Isaiah Hartenstein,25:48,14,14,8,7,.857,1,2
20251102,OKC,Jaylin Williams,22:53,12,3,4,9,.444,1,0
20251102,OKC,Ajay Mitchell,30:15,10,5,8,8,.250,1,2
20251102,OKC,Isaiah Joe,27:00,13,5,1,12,.417,1,0
20251102,OKC,Branden Carlson,19:40,11,5,1,8,.625,0,2
20251102,OKC,Alex Caruso,12:10,8,2,0,5,.600,1,1
20251102,OKC,Chris Youngblood,6:51,6,1,0,3,.667,0,0
20251102,OKC,Brooks Barnhizer,6:51,2,3,1,1,1.000,1,0
20251102,OKC,Ousmane Dieng,6:01,3,1,1,1,1.000,0,1
20251102,PHI,Tyrese Maxey,38:49,26,6,7,19,.474,1,1
20251102,PHI,Kelly Oubre Jr.,33:17,29,3,0,21,.571,1,2
20251102,PHI,VJ Edgecombe,32:51,16,2,3,12,.500,3,3
20251102,PHI,Jabari Walker,18:06,2,4,0,4,.250,0,1
20251102,PHI,Adem Bona,14:17,2,3,0,2,.500,1,0
20251102,PHI,Quentin Grimes,31:42,22,6,13,13,.538,1,4
20251102,PHI,Trendon Watford,25:29,16,9,7,9,.778,0,2
20251102,PHI,Andre Drummond,23:16,5,8,0,4,.500,1,1
20251102,PHI,Justin Edwards,10:12,2,0,1,5,.200,1,0
20251102,PHI,Johni Broome,4:43,4,2,1,5,.400,0,0
20251102,PHI,Hunter Sallis,4:06,2,1,1,1,1.000,0,1
20251102,PHI,Kyle Lowry,3:12,3,0,1,1,1.000,1,0
20251102,BRK,Cam Thomas,34:41,29,1,1,19,.474,0,3
20251102,BRK,Nic Claxton,34:13,19,7,5,11,.727,1,2
20251102,BRK,Terance Mann,33:36,17,5,4,10,.700,3,1
20251102,BRK,Michael Porter Jr.,31:21,17,17,2,23,.304,1,3
20251102,BRK,Tyrese Martin,27:23,0,2,4,6,.000,0,2
20251102,BRK,Ziaire Williams,20:28,13,5,0,9,.444,2,2
20251102,BRK,Egor Dёmin,15:25,5,0,2,4,.500,1,1
20251102,BRK,Noah Clowney,15:04,0,5,2,2,.000,0,2
20251102,BRK,Jalen Wilson,13:40,2,0,0,4,.250,0,1
20251102,BRK,Day'Ron Sharpe,9:41,1,2,0,2,.000,1,1
20251102,BRK,Drake Powell,4:28,2,0,1,1,1.000,1,0
20251102,UTA,Keyonte George,33:15,25,2,7,18,.444,1,4
20251102,UTA,Lauri Markkanen,32:51,29,7,3,28,.429,0,0
20251102,UTA,Svi Mykhailiuk,29:07,3,2,2,4,.250,0,0
20251102,UTA,Taylor Hendricks,25:08,14,7,1,8,.625,0,0
20251102,UTA,Jusuf Nurkić,21:58,3,9,2,6,.167,2,1
20251102,UTA,Ace Bailey,19:08,6,0,1,8,.375,1,1
20251102,UTA,Walter Clayton,18:49,4,2,2,4,.250,0,0
20251102,UTA,Kyle Filipowski,15:51,4,1,2,5,.400,1,0
20251102,UTA,Kevin Love,14:28,3,5,5,2,.000,0,2
20251102,UTA,Kyle Anderson,11:34,5,0,2,4,.500,1,1
20251102,UTA,Cody Williams,9:12,0,2,0,0,,0,1
20251102,UTA,Brice Sensabaugh,8:39,7,1,0,1,1.000,1,0
20251102,CHO,Kon Knueppel,35:29,24,6,5,17,.529,1,0
20251102,CHO,Miles Bridges,33:13,29,4,6,18,.389,0,0
20251102,CHO,Collin Sexton,29:13,10,4,12,11,.364,0,6
20251102,CHO,Sion James,28:49,15,5,3,8,.750,0,0
20251102,CHO,Ryan Kalkbrenner,22:06,2,4,0,3,.333,4,1
20251102,CHO,Moussa Diabaté,22:16,17,12,0,9,.778,0,0
20251102,CHO,Tre Mann,22:06,13,4,0,11,.364,0,0
20251102,CHO,KJ Simpson,16:37,7,4,4,5,.400,1,4
20251102,CHO,Pat Connaughton,14:24,6,1,0,5,.400,0,1
20251102,CHO,Liam McNeeley,9:24,3,1,1,1,1.000,0,1
20251102,CHO,Mason Plumlee,3:38,0,1,0,0,,0,1
20251102,CHO,Tidjane Salaün,2:45,0,0,0,0,,0,0
20251102,ATL,Dyson Daniels,36:11,18,4,3,12,.667,4,2
20251102,ATL,Jalen Johnson,34:46,23,13,5,16,.625,1,4
20251102,ATL,Nickeil Alexander-Walker,34:03,16,3,5,11,.273,0,5
20251102,ATL,Kristaps Porziņģis,27:32,15,12,5,11,.455,0,2
20251102,ATL,Zaccharie Risacher,24:00,8,2,5,8,.500,3,2
20251102,ATL,Luke Kennard,31:46,15,2,2,6,.833,1,2
20251102,ATL,Onyeka Okongwu,25:53,7,5,2,7,.286,0,4
20251102,ATL,Vít Krejčí,17:26,3,2,1,5,.200,0,0
20251102,ATL,Mouhamed Gueye,8:24,4,3,0,1,1.000,0,1
20251102,CLE,Donovan Mitchell,35:57,37,2,5,21,.571,2,3
20251102,CLE,Evan Mobley,34:34,14,8,5,16,.375,3,3
20251102,CLE,De'Andre Hunter,30:40,19,7,3,14,.357,3,2
20251102,CLE,Jaylon Tyson,24:44,18,3,2,14,.429,0,1
20251102,CLE,Larry Nance Jr.,24:33,2,4,4,9,.111,1,1
20251102,CLE,Lonzo Ball,26:32,8,6,3,8,.375,1,4
20251102,CLE,Dean Wade,25:18,11,6,3,9,.444,0,0
20251102,CLE,Craig Porter Jr.,21:12,4,7,3,2,1.000,1,2
20251102,CLE,Tyrese Proctor,11:09,4,0,2,3,.333,1,0
20251102,CLE,Thomas Bryant,5:22,0,1,0,1,.000,0,0
20251102,MEM,Jaren Jackson Jr.,32:27,20,9,3,15,.533,0,2
20251102,MEM,Kentavious Caldwell-Pope,27:24,12,0,2,13,.231,0,1
20251102,MEM,Cam Spencer,26:22,4,4,4,7,.143,2,2
20251102,MEM,Jaylen Wells,26:13,7,5,2,11,.273,0,0
20251102,MEM,Jock Landale,22:49,14,6,2,8,.750,1,2
20251102,MEM,Cedric Coward,29:19,12,5,5,9,.556,0,1
20251102,MEM,Santi Aldama,28:25,15,4,2,14,.357,0,0
20251102,MEM,Vince Williams Jr.,21:07,14,3,3,7,.714,2,2
20251102,MEM,Olivier-Maxence Prosper,11:48,6,2,0,3,.667,1,0
20251102,MEM,Javon Small,7:52,0,1,1,0,,0,1
20251102,MEM,John Konchar,6:14,0,2,0,0,,0,0
20251102,TOR,RJ Barrett,35:32,27,6,6,19,.526,0,2
20251102,TOR,Brandon Ingram,32:58,26,7,4,15,.667,0,4
20251102,TOR,Scottie Barnes,32:17,19,12,8,19,.421,1,2
20251102,TOR,Immanuel Quickley,31:49,9,4,3,5,.400,0,2
20251102,TOR,Collin Murray-Boyles,31:09,15,9,5,14,.500,3,3
20251102,TOR,Gradey Dick,19:52,8,4,0,6,.500,0,0
20251102,TOR,Jamal Shead,16:12,9,0,5,4,.750,0,0
20251102,TOR,Ochai Agbaji,16:02,4,2,0,4,.500,0,1
20251102,TOR,Ja'Kobe Walter,11:27,0,2,0,2,.000,1,0
20251102,TOR,Sandro Mamukelashvili,10:33,0,3,1,1,.000,0,1
20251102,TOR,Jamison Battle,2:10,0,0,0,0,,0,0
20251102,CHI,Josh Giddey,38:17,23,11,12,19,.526,2,4
20251102,CHI,Tre Jones,33:53,15,2,5,13,.462,1,2
20251102,CHI,Nikola Vučević,32:00,17,14,4,10,.600,0,3
20251102,CHI,Matas Buzelis,31:23,14,8,0,11,.455,1,1
20251102,CHI,Isaac Okoro,21:56,14,1,0,11,.545,0,3
20251102,CHI,Patrick Williams,25:56,11,2,3,9,.333,2,0
20251102,CHI,Kevin Huerter,21:26,7,3,2,8,.375,1,1
20251102,CHI,Jalen Smith,16:00,12,5,0,7,.714,0,0
20251102,CHI,Jevon Carter,12:12,0,0,2,1,.000,0,0
20251102,CHI,Julian Phillips,5:45,0,0,0,1,.000,0,0
20251102,CHI,Dalen Terry,1:12,3,0,0,3,.333,0,0
20251102,NYK,Karl-Anthony Towns,36:08,20,15,5,11,.455,0,1
20251102,NYK,OG Anunoby,34:48,21,2,4,17,.471,2,1
20251102,NYK,Mikal Bridges,34:40,10,5,9,7,.429,1,4
20251102,NYK,Jalen Brunson,32:27,31,5,3,22,.455,2,2
20251102,NYK,Mitchell Robinson,13:21,0,5,1,3,.000,0,0
20251102,NYK,Josh Hart,26:01,14,9,3,10,.500,1,3
20251102,NYK,Miles McBride,23:03,8,4,3,8,.375,1,0
20251102,NYK,Landry Shamet,18:18,9,1,1,6,.500,0,0
20251102,NYK,Jordan Clarkson,17:44,15,0,2,11,.545,0,0
20251102,NYK,Guerschon Yabusele,1:58,0,1,0,0,,0,0
20251102,NYK,Pacôme Dadiet,0:31,0,0,0,0,,0,0
20251102,NYK,Mohamed Diawara,0:31,0,0,0,0,,0,0
20251102,NYK,Tyler Kolek,0:31,0,0,0,0,,0,0
20251102,SAS,Victor Wembanyama,34:27,9,9,2,14,.286,1,6
20251102,SAS,Stephon Castle,34:06,26,7,5,16,.625,2,2
20251102,SAS,Devin Vassell,31:51,4,3,2,9,.222,0,1
20251102,SAS,Julian Champagnie,28:54,9,4,1,4,.500,2,1
20251102,SAS,Harrison Barnes,27:25,13,4,2,6,.500,1,1
20251102,SAS,Keldon Johnson,24:26,19,3,2,14,.571,0,2
20251102,SAS,Jordan McLaughlin,18:40,3,3,4,7,.143,2,0
20251102,SAS,Dylan Harper,11:01,12,1,0,8,.625,0,1
20251102,SAS,Carter Bryant,9:42,10,1,0,8,.500,2,0
20251102,SAS,Bismack Biyombo,5:52,0,1,1,1,.000,0,0
20251102,SAS,Riley Minix,4:32,9,1,0,6,.667,1,0
20251102,SAS,Harrison Ingram,4:32,2,2,0,2,.500,0,0
20251102,SAS,David Jones García,4:32,2,2,2,3,.333,0,0
20251102,PHO,Devin Booker,34:49,28,2,13,15,.667,1,5
20251102,PHO,Grayson Allen,34:11,17,3,3,13,.462,0,2
20251102,PHO,Royce O'Neale,29:53,11,6,4,6,.667,2,1
20251102,PHO,Ryan Dunn,27:21,17,5,1,8,.750,1,1
20251102,PHO,Mark Williams,25:10,7,7,2,5,.600,1,0
20251102,PHO,Collin Gillespie,21:38,15,2,4,10,.500,1,2
20251102,PHO,Jordan Goodwin,20:16,11,3,2,5,.600,2,2
20251102,PHO,Oso Ighodaro,14:11,4,5,2,5,.400,0,3
20251102,PHO,Nick Richards,10:42,10,3,2,6,.667,0,1
20251102,PHO,Nigel Hayes-Davis,9:28,0,1,0,1,.000,0,2
20251102,PHO,Khaman Maluach,4:08,4,0,0,1,1.000,0,1
20251102,PHO,Rasheer Fleming,4:08,2,2,0,2,.500,0,0
20251102,PHO,Koby Brea,4:04,4,0,1,2,.500,0,0
20251102,MIA,Andrew Wiggins,36:57,15,9,1,16,.375,1,4
20251102,MIA,Bam Adebayo,36:20,17,8,5,11,.545,3,0
20251102,MIA,Davion Mitchell,31:37,8,0,8,5,.600,1,1
20251102,MIA,Pelle Larsson,26:02,17,5,6,10,.600,0,1
20251102,MIA,Kel'el Ware,11:30,7,4,0,3,1.000,0,1
20251102,MIA,Jaime Jaquez Jr.,34:44,31,8,4,16,.688,0,4
20251102,MIA,Nikola Jović,27:42,9,3,2,8,.375,0,1
20251102,MIA,Simone Fontecchio,18:45,9,4,0,10,.200,0,1
20251102,MIA,Dru Smith,16:23,7,1,3,5,.600,2,2
20251102,LAL,Luka Dončić,38:20,29,11,10,22,.409,3,5
20251102,LAL,Austin Reaves,37:43,26,4,11,22,.409,0,3
20251102,LAL,Jaxson Hayes,32:24,15,5,1,7,1.000,1,1
20251102,LAL,Rui Hachimura,30:58,15,6,2,12,.500,0,1
20251102,LAL,Marcus Smart,26:42,11,3,4,9,.444,2,0
20251102,LAL,Jake LaRavia,34:35,25,8,3,13,.769,4,1
20251102,LAL,Bronny James,18:03,2,0,2,4,.250,3,0
20251102,LAL,Dalton Knecht,11:33,3,0,0,4,.250,0,0
20251102,LAL,Jarred Vanderbilt,9:42,4,4,0,2,.500,1,0
20251103,MIN,Rudy Gobert,33:41,15,12,1,6,1.000,0,3
20251103,MIN,Julius Randle,33:31,19,11,10,12,.500,2,4
20251103,MIN,Donte DiVincenzo,30:27,25,9,5,17,.471,0,0
20251103,MIN,Jaden McDaniels,29:21,22,3,3,11,.818,2,2
20251103,MIN,Mike Conley,24:00,9,3,7,5,.600,0,2
20251103,MIN,Naz Reid,24:08,21,3,2,10,.700,1,1
20251103,MIN,Jaylen Clark,20:19,2,5,2,3,.333,0,1
20251103,MIN,Rob Dillingham,20:02,7,3,1,6,.333,0,3
20251103,MIN,Terrence Shannon Jr.,13:22,3,1,1,3,.333,0,0
20251103,MIN,Bones Hyland,5:11,0,1,1,2,.000,1,0
20251103,MIN,Leonard Miller,2:59,2,1,0,2,.500,0,0
20251103,MIN,Joan Beringer,2:59,0,1,0,1,.000,0,0
20251103,BRK,Cam Thomas,34:40,25,2,3,24,.417,2,1
20251103,BRK,Noah Clowney,31:41,15,6,1,14,.357,2,2
20251103,BRK,Nic Claxton,29:52,19,8,7,6,1.000,0,2
20251103,BRK,Terance Mann,27:54,7,4,5,10,.300,1,1
20251103,BRK,Tyrese Martin,22:03,12,3,2,10,.400,0,0
20251103,BRK,Ziaire Williams,22:39,14,2,0,9,.444,0,0
20251103,BRK,Egor Dёmin,21:18,2,2,4,4,.250,2,2
20251103,BRK,Day'Ron Sharpe,19:48,3,7,0,1,1.000,2,3
20251103,BRK,Jalen Wilson,15:53,7,1,1,4,.250,0,0
20251103,BRK,Ben Saraf,3:33,5,1,0,3,.333,0,1
20251103,BRK,E.J. Liddell,3:33,0,3,0,2,.000,0,0
20251103,BRK,Nolan Traoré,3:33,0,0,0,1,.000,0,0
20251103,BRK,Danny Wolf,3:33,0,1,2,1,.000,0,0
20251103,MIL,Gary Trent Jr.,33:35,11,2,2,12,.250,1,0
20251103,MIL,Myles Turner,32:14,9,7,1,7,.429,0,2
20251103,MIL,Giannis Antetokounmpo,31:44,33,13,5,21,.667,2,3
20251103,MIL,A.J. Green,29:18,13,1,3,8,.500,0,1
20251103,MIL,Ryan Rollins,28:27,10,5,7,8,.500,1,7
20251103,MIL,Cole Anthony,22:56,11,4,4,8,.500,1,3
20251103,MIL,Taurean Prince,20:57,6,3,0,6,.333,1,0
20251103,MIL,Kyle Kuzma,16:16,15,5,0,10,.500,0,0
20251103,MIL,Bobby Portis,15:46,8,2,1,7,.429,0,2
20251103,MIL,Jericho Sims,5:04,1,1,0,0,,0,0
20251103,MIL,Amir Coffey,3:43,0,0,1,1,.000,0,0
20251103,IND,Jarace Walker,38:10,18,8,5,15,.467,0,2
20251103,IND,Pascal Siakam,37:55,32,5,8,24,.458,3,3
20251103,IND,Aaron Nesmith,33:46,17,7,1,16,.313,1,1
20251103,IND,Isaiah Jackson,29:20,21,10,1,12,.667,2,1
20251103,IND,Quenton Jackson,19:43,7,2,4,4,.250,0,1
20251103,IND,Ben Sheppard,20:06,5,1,2,5,.400,1,0
20251103,IND,Jay Huff,13:51,0,3,2,1,.000,1,0
20251103,IND,Johnny Furphy,12:50,3,3,0,2,.500,0,1
20251103,IND,Taelon Peter,10:34,3,1,1,3,.333,0,0
20251103,IND,RayJ Dennis,7:50,3,1,0,4,.250,0,1
20251103,IND,Tony Bradley,7:08,4,3,0,1,1.000,0,1
20251103,IND,Jeremiah Robinson-Earl,6:30,2,1,0,2,.500,0,0
20251103,IND,Mac McClung,2:17,0,0,0,1,.000,0,0
20251103,UTA,Keyonte George,37:58,31,5,4,16,.563,1,1
20251103,UTA,Lauri Markkanen,36:48,20,9,2,17,.412,0,4
20251103,UTA,Jusuf Nurkić,31:15,11,11,4,12,.417,0,3
20251103,UTA,Svi Mykhailiuk,29:21,9,6,1,12,.333,0,0
20251103,UTA,Taylor Hendricks,13:50,2,3,1,5,.200,0,1
20251103,UTA,Elijah Harkless,20:46,3,1,2,4,.250,1,3
20251103,UTA,Kyle Filipowski,19:29,13,8,0,7,.571,0,2
20251103,UTA,Ace Bailey,18:14,4,2,0,4,.500,0,2
20251103,UTA,Kevin Love,16:36,5,7,3,3,.667,0,2
20251103,UTA,Walter Clayton,15:43,7,3,6,4,.750,2,0
20251103,BOS,Jaylen Brown,37:36,36,2,4,28,.464,2,3
20251103,BOS,Payton Pritchard,34:32,18,5,3,15,.467,0,1
20251103,BOS,Derrick White,32:38,10,5,6,9,.333,3,2
20251103,BOS,Neemias Queta,26:12,9,8,1,4,1.000,2,2
20251103,BOS,Josh Minott,15:01,2,6,2,5,.200,0,0
20251103,BOS,Sam Hauser,28:01,4,2,1,8,.125,2,1
20251103,BOS,Anfernee Simons,26:16,15,1,2,13,.385,0,0
20251103,BOS,Luka Garza,10:54,2,2,1,2,.000,1,0
20251103,BOS,Hugo González,7:59,2,1,0,1,1.000,0,0
20251103,BOS,Chris Boucher,7:16,5,1,0,3,.667,1,0
20251103,BOS,Baylor Scheierman,7:11,0,1,0,0,,0,1
20251103,BOS,Xavier Tillman Sr.,6:24,0,2,1,1,.000,1,0
20251103,WAS,Kyshawn George,30:27,15,5,2,11,.545,3,4
20251103,WAS,Alex Sarr,29:29,19,8,7,16,.500,1,2
20251103,WAS,Bilal Coulibaly,27:48,15,7,2,11,.455,2,4
20251103,WAS,CJ McCollum,21:53,5,1,2,9,.222,0,0
20251103,WAS,Justin Champagnie,17:19,4,1,1,3,.333,0,0
20251103,WAS,Bub Carrington,25:01,0,4,7,2,.000,0,5
20251103,WAS,Tre Johnson,21:07,10,4,1,9,.444,0,1
20251103,WAS,Corey Kispert,14:47,15,0,4,6,.833,0,1
20251103,WAS,Marvin Bagley III,14:15,6,7,0,3,.667,0,0
20251103,WAS,Cam Whitmore,11:10,2,1,0,3,.333,0,2
20251103,WAS,Will Riley,10:19,0,2,2,0,,0,1
20251103,WAS,Malaki Branham,4:16,5,1,0,3,.667,0,0
20251103,WAS,Tristan Vukcevic,4:16,4,0,2,3,.333,1,0
20251103,WAS,AJ Johnson,4:16,0,0,0,1,.000,0,0
20251103,WAS,Anthony Gill,3:37,2,3,0,1,1.000,0,0
20251103,NYK,Jalen Brunson,32:28,16,1,9,17,.353,1,2
20251103,NYK,OG Anunoby,32:02,16,6,2,13,.538,5,2
20251103,NYK,Karl-Anthony Towns,30:29,33,13,5,24,.500,2,3
20251103,NYK,Mikal Bridges,29:29,10,2,4,8,.500,3,0
20251103,NYK,Landry Shamet,24:35,11,5,0,8,.375,0,1
20251103,NYK,Josh Hart,26:23,12,10,5,7,.714,0,1
20251103,NYK,Jordan Clarkson,21:21,15,1,2,8,.625,0,1
20251103,NYK,Miles McBride,14:10,3,3,3,3,.333,1,0
20251103,NYK,Guerschon Yabusele,13:54,1,3,0,2,.000,0,1
20251103,NYK,Mohamed Diawara,4:16,0,0,1,1,.000,0,1
20251103,NYK,Tyler Kolek,3:40,2,0,0,2,.500,0,0
20251103,NYK,Pacôme Dadiet,3:37,0,1,0,0,,0,0
20251103,NYK,Ariel Hukporti,3:37,0,4,1,1,.000,0,0
20251103,DAL,P.J. Washington,35:54,29,12,3,20,.550,2,2
20251103,DAL,Cooper Flagg,33:57,12,5,2,10,.500,1,4
20251103,DAL,Max Christie,32:39,17,4,6,10,.600,0,1
20251103,DAL,Daniel Gafford,24:51,14,4,1,9,.778,2,0
20251103,DAL,Klay Thompson,18:00,5,3,3,9,.222,0,2
20251103,DAL,D'Angelo Russell,28:53,10,4,12,10,.200,0,2
20251103,DAL,Naji Marshall,21:51,9,2,2,11,.364,2,0
20251103,DAL,Moussa Cisse,13:53,4,2,0,4,.500,1,2
20251103,DAL,Dwight Powell,9:10,0,0,0,1,.000,0,0
20251103,DAL,Brandon Williams,8:18,2,2,0,2,.500,3,2
20251103,DAL,Jaden Hardy,7:52,0,1,1,1,.000,1,0
20251103,DAL,Caleb Martin,4:42,0,1,0,2,.000,0,0
20251103,HOU,Alperen Şengün,39:49,26,11,6,20,.500,1,3
20251103,HOU,Amen Thompson,39:05,27,5,4,18,.611,1,3
20251103,HOU,Kevin Durant,38:24,21,6,5,18,.333,1,3
20251103,HOU,Tari Eason,29:38,15,4,2,9,.667,2,1
20251103,HOU,Josh Okogie,24:39,2,3,1,5,.000,2,1
20251103,HOU,Steven Adams,23:08,4,9,1,3,.667,2,1
20251103,HOU,Reed Sheppard,16:31,5,5,3,7,.286,0,2
20251103,HOU,Clint Capela,10:36,4,8,0,4,.500,0,1
20251103,HOU,Aaron Holiday,9:42,6,1,1,3,.667,0,2
20251103,HOU,Jae'Sean Tate,8:29,0,2,0,2,.000,0,0
20251103,DET,Duncan Robinson,39:50,11,4,1,10,.400,0,1
20251103,DET,Cade Cunningham,38:52,33,5,8,20,.600,0,3
20251103,DET,Jalen Duren,34:22,14,9,3,11,.455,1,2
20251103,DET,Isaiah Stewart,33:57,26,14,4,18,.500,0,1
20251103,DET,Ausar Thompson,26:32,9,4,1,7,.571,4,2
20251103,DET,Javonte Green,21:24,3,3,1,4,.250,2,0
20251103,DET,Caris LeVert,20:15,4,1,2,4,.500,2,2
20251103,DET,Ron Holland,19:51,14,2,3,8,.625,0,1
20251103,DET,Paul Reed,4:58,0,1,0,1,.000,2,0
20251103,MEM,Ja Morant,34:58,18,5,10,16,.313,1,5
20251103,MEM,Jaren Jackson Jr.,31:06,21,4,1,14,.571,0,1
20251103,MEM,Jock Landale,29:38,13,5,1,9,.556,4,2
20251103,MEM,Kentavious Caldwell-Pope,25:16,2,4,1,4,.000,1,1
20251103,MEM,Jaylen Wells,21:17,4,6,3,14,.143,0,0
20251103,MEM,Cedric Coward,30:38,17,6,2,9,.556,0,3
20251103,MEM,Santi Aldama,22:44,11,5,1,9,.556,0,3
20251103,MEM,Charles Bassey,15:11,3,10,1,3,.333,1,1
20251103,MEM,Cam Spencer,14:36,13,2,3,6,.667,0,3
20251103,MEM,Vince Williams Jr.,14:35,4,2,2,3,.000,1,1
20251103,SAC,Russell Westbrook,37:28,26,12,6,17,.588,2,6
20251103,SAC,Zach LaVine,36:52,15,5,4,11,.364,0,3
20251103,SAC,Domantas Sabonis,36:52,13,17,5,10,.500,1,2
20251103,SAC,DeMar DeRozan,35:36,19,3,0,17,.471,1,0
20251103,SAC,Dennis Schröder,34:55,18,4,9,14,.500,1,2
20251103,SAC,Keon Ellis,25:08,15,3,0,8,.625,0,0
20251103,SAC,Nique Clifford,18:37,8,1,3,9,.444,0,0
20251103,SAC,Drew Eubanks,11:08,10,2,0,4,1.000,0,2
20251103,SAC,Devin Carter,3:24,0,0,0,0,,0,0
20251103,DEN,Nikola Jokić,36:01,34,7,14,22,.636,4,1
20251103,DEN,Jamal Murray,32:05,15,7,7,17,.353,0,2
20251103,DEN,Christian Braun,31:25,21,4,3,10,.700,0,0
20251103,DEN,Aaron Gordon,30:15,20,7,1,11,.545,1,1
20251103,DEN,Cameron Johnson,29:49,10,3,2,12,.417,1,1
20251103,DEN,Tim Hardaway Jr.,22:35,5,2,2,4,.500,1,0
20251103,DEN,Bruce Brown,22:27,13,6,3,10,.500,0,1
20251103,DEN,Peyton Watson,16:09,0,1,1,4,.000,1,0
20251103,DEN,Jonas Valančiūnas,11:59,8,3,0,5,.800,1,0
20251103,DEN,Julian Strawther,7:15,4,0,0,2,.500,0,1
20251103,LAL,Rui Hachimura,37:37,28,4,1,15,.667,1,2
20251103,LAL,Jake LaRavia,36:27,11,5,6,10,.500,3,1
20251103,LAL,Marcus Smart,31:51,9,2,5,11,.273,4,5
20251103,LAL,Deandre Ayton,30:35,29,10,2,19,.737,0,3
20251103,LAL,Dalton Knecht,23:00,8,4,1,7,.571,0,1
20251103,LAL,Nick Smith Jr.,26:52,25,1,6,15,.667,1,3
20251103,LAL,Jarred Vanderbilt,21:14,4,4,2,1,1.000,1,2
20251103,LAL,Bronny James,19:29,5,1,6,4,.250,1,0
20251103,LAL,Jaxson Hayes,12:55,4,3,0,3,.667,0,0
20251103,POR,Deni Avdija,36:12,33,6,2,20,.500,1,5
20251103,POR,Jrue Holiday,35:33,8,3,6,11,.364,1,2
20251103,POR,Toumani Camara,34:15,14,7,2,13,.385,2,3
20251103,POR,Shaedon Sharpe,27:57,23,7,2,17,.471,3,2
20251103,POR,Donovan Clingan,17:31,2,4,0,3,.333,0,0
20251103,POR,Jerami Grant,30:53,18,3,4,10,.600,2,4
20251103,POR,Kris Murray,22:34,6,0,2,5,.600,1,1
20251103,POR,Robert Williams,14:31,6,3,2,3,1.000,1,0
20251103,POR,Sidy Cissoko,13:45,5,2,2,2,1.000,2,0
20251103,POR,Caleb Love,6:49,0,3,1,1,.000,0,1
20251103,MIA,Davion Mitchell,34:21,8,5,9,9,.444,3,0
20251103,MIA,Andrew Wiggins,31:50,17,2,2,12,.583,1,2
20251103,MIA,Bam Adebayo,30:13,25,10,4,18,.556,2,2
20251103,MIA,Norman Powell,28:22,21,2,2,10,.600,1,5
20251103,MIA,Pelle Larsson,23:45,7,1,3,4,.500,3,1
20251103,MIA,Jaime Jaquez Jr.,25:46,6,6,5,9,.333,1,0
20251103,MIA,Kel'el Ware,17:47,16,5,0,8,.750,0,1
20251103,MIA,Nikola Jović,17:37,7,4,4,5,.400,0,1
20251103,MIA,Simone Fontecchio,16:40,11,1,0,6,.667,1,3
20251103,MIA,Dru Smith,13:39,2,1,4,2,.500,0,1
20251103,LAC,James Harden,38:50,29,7,8,15,.533,1,7
20251103,LAC,Kawhi Leonard,37:09,27,4,4,21,.476,4,2
20251103,LAC,Ivica Zubac,33:26,9,18,3,9,.444,1,3
20251103,LAC,Derrick Jones Jr.,27:10,12,3,0,6,.833,1,1
20251103,LAC,Bradley Beal,20:09,12,1,2,8,.625,1,3
20251103,LAC,John Collins,25:03,12,3,0,11,.455,0,1
20251103,LAC,Kris Dunn,23:02,10,3,4,6,.667,3,1
20251103,LAC,Brook Lopez,14:34,5,1,0,7,.286,1,0
20251103,LAC,Chris Paul,13:46,3,4,4,5,.200,1,2
20251103,LAC,Nicolas Batum,6:51,0,0,0,0,,0,0
20251104,MIL,Ryan Rollins,28:13,11,0,5,13,.385,0,2
20251104,MIL,Giannis Antetokounmpo,23:43,22,8,3,14,.643,0,1
20251104,MIL,Myles Turner,22:46,10,8,3,7,.429,2,1
20251104,MIL,Gary Trent Jr.,21:26,6,2,4,4,.500,0,1
20251104,MIL,A.J. Green,16:47,9,1,1,4,.750,0,0
20251104,MIL,Kyle Kuzma,26:36,18,3,0,14,.500,0,4
20251104,MIL,Cole Anthony,24:13,12,4,4,9,.556,1,0
20251104,MIL,Taurean Prince,20:51,0,0,1,5,.000,0,1
20251104,MIL,Bobby Portis,20:11,2,9,2,8,.125,0,1
20251104,MIL,Amir Coffey,10:10,0,1,1,1,.000,0,0
20251104,MIL,Gary Harris,7:41,2,1,0,3,.333,1,0
20251104,MIL,Jericho Sims,6:53,0,3,0,0,,0,1
20251104,MIL,Andre Jackson Jr.,5:49,0,1,2,1,.000,1,0
20251104,MIL,Mark Sears,4:41,8,0,0,3,.333,0,0
20251104,TOR,RJ Barrett,31:06,23,8,4,12,.500,1,1
20251104,TOR,Brandon Ingram,30:49,13,8,4,12,.500,0,2
20251104,TOR,Scottie Barnes,27:30,23,3,6,16,.563,4,1
20251104,TOR,Immanuel Quickley,26:23,15,6,7,15,.333,1,1
20251104,TOR,Jakob Poeltl,20:01,8,9,0,6,.667,0,0
20251104,TOR,Sandro Mamukelashvili,23:28,15,7,1,12,.500,0,1
20251104,TOR,Gradey Dick,21:55,14,1,0,4,.750,0,0
20251104,TOR,Jamal Shead,17:06,5,2,8,4,.250,2,1
20251104,TOR,Collin Murray-Boyles,14:47,2,1,0,3,.333,0,1
20251104,TOR,Ja'Kobe Walter,11:23,8,3,0,3,.667,0,1
20251104,TOR,Jonathan Mogbo,6:30,0,2,2,1,.000,0,0
20251104,TOR,Jamison Battle,4:31,2,0,1,2,.500,0,0
20251104,TOR,Ochai Agbaji,4:31,0,0,0,1,.000,0,0
20251104,ORL,Paolo Banchero,36:51,22,11,8,16,.375,1,3
20251104,ORL,Franz Wagner,34:03,18,5,2,15,.400,0,4
20251104,ORL,Wendell Carter Jr.,30:00,11,5,1,8,.500,0,0
20251104,ORL,Desmond Bane,22:33,9,3,2,6,.333,1,3
20251104,ORL,Jalen Suggs,20:23,12,2,4,8,.500,3,2
20251104,ORL,Anthony Black,26:09,7,4,3,7,.286,1,1
20251104,ORL,Tristan Da Silva,25:20,20,4,2,11,.727,2,3
20251104,ORL,Goga Bitadze,12:54,4,2,2,1,1.000,0,0
20251104,ORL,Jonathan Isaac,8:53,2,3,0,3,.333,0,0
20251104,ORL,Tyus Jones,7:31,0,0,1,2,.000,1,0
20251104,ORL,Jase Richardson,7:08,0,0,1,1,.000,0,1
20251104,ORL,Jett Howard,5:59,3,0,0,2,.500,0,0
20251104,ORL,Noah Penda,2:15,4,2,0,3,.333,0,0
20251104,ATL,Dyson Daniels,35:15,18,6,6,9,.889,2,3
20251104,ATL,Jalen Johnson,32:59,17,6,5,11,.545,1,3
20251104,ATL,Nickeil Alexander-Walker,31:57,20,1,2,11,.545,0,7
20251104,ATL,Kristaps Porziņģis,26:25,15,2,3,8,.250,3,0
20251104,ATL,Zaccharie Risacher,25:30,21,4,1,14,.500,1,0
20251104,ATL,Onyeka Okongwu,26:35,14,7,3,5,.600,1,1
20251104,ATL,Luke Kennard,19:43,6,1,0,5,.400,3,3
20251104,ATL,Mouhamed Gueye,18:01,5,3,0,4,.500,0,0
20251104,ATL,Keaton Wallace,10:48,4,3,2,2,.500,0,1
20251104,ATL,Vít Krejčí,10:40,7,1,1,3,1.000,0,0
20251104,ATL,Asa Newell,1:12,0,0,0,0,,0,0
20251104,ATL,Caleb Houstan,0:55,0,0,0,0,,0,0
20251104,PHI,Tyrese Maxey,39:16,39,5,5,26,.538,1,4
20251104,PHI,VJ Edgecombe,37:43,12,11,4,12,.333,2,2
20251104,PHI,Kelly Oubre Jr.,32:37,18,3,2,11,.636,2,1
20251104,PHI,Joel Embiid,25:33,20,6,2,21,.333,3,3
20251104,PHI,Jabari Walker,18:42,2,3,1,3,.333,0,0
20251104,PHI,Quentin Grimes,29:34,10,3,4,11,.364,4,4
20251104,PHI,Adem Bona,22:27,2,4,0,2,.500,0,0
20251104,PHI,Trendon Watford,18:59,8,4,2,4,.500,0,2
20251104,PHI,Jared McCain,15:09,0,1,2,4,.000,0,0
20251104,CHI,Josh Giddey,37:24,29,15,12,19,.526,1,5
20251104,CHI,Isaac Okoro,32:57,16,2,5,8,.625,2,1
20251104,CHI,Nikola Vučević,31:04,19,10,0,14,.571,1,1
20251104,CHI,Matas Buzelis,30:25,10,5,1,11,.364,1,2
20251104,CHI,Tre Jones,26:50,8,4,2,9,.444,3,1
20251104,CHI,Kevin Huerter,25:00,12,5,2,13,.385,1,4
20251104,CHI,Patrick Williams,20:35,3,2,2,5,.200,1,0
20251104,CHI,Jalen Smith,16:56,14,4,0,8,.500,0,4
20251104,CHI,Dalen Terry,13:44,2,1,2,2,.500,0,0
20251104,CHI,Julian Phillips,5:05,0,0,0,0,,1,0
20251104,CHO,Miles Bridges,37:02,22,8,3,19,.368,1,1
20251104,CHO,Kon Knueppel,32:21,20,12,2,16,.438,0,2
20251104,CHO,Sion James,31:19,6,5,2,4,.250,1,2
20251104,CHO,Ryan Kalkbrenner,30:09,10,11,2,4,1.000,1,2
20251104,CHO,Collin Sexton,29:39,17,0,5,14,.429,1,5
20251104,CHO,Tre Mann,24:24,18,2,2,13,.615,2,4
20251104,CHO,Moussa Diabaté,17:51,6,5,2,3,.667,2,1
20251104,CHO,KJ Simpson,13:17,8,3,0,6,.500,0,1
20251104,CHO,Liam McNeeley,12:59,2,2,1,1,.000,0,1
20251104,CHO,Pat Connaughton,10:58,3,1,1,2,.500,0,0
20251104,NOP,Trey Murphy III,37:14,21,3,3,16,.438,1,1
20251104,NOP,Herbert Jones,35:55,11,5,1,9,.444,1,2
20251104,NOP,Jordan Poole,27:02,11,2,6,14,.214,0,3
20251104,NOP,Jeremiah Fears,17:27,11,3,0,10,.400,1,0
20251104,NOP,Kevon Looney,14:58,0,4,2,3,.000,0,1
20251104,NOP,Jose Alvarado,30:33,18,3,6,11,.636,2,1
20251104,NOP,Saddiq Bey,26:47,17,4,0,9,.667,0,0
20251104,NOP,Derik Queen,17:58,12,8,7,7,.714,4,3
20251104,NOP,Jordan Hawkins,17:02,2,1,0,4,.250,0,0
20251104,NOP,Karlo Matković,15:04,13,6,2,7,.857,0,1
20251104,PHO,Devin Booker,39:24,38,3,4,24,.542,1,5
20251104,PHO,Grayson Allen,35:07,16,4,5,15,.400,3,1
20251104,PHO,Ryan Dunn,31:23,10,2,1,12,.333,3,1
20251104,PHO,Royce O'Neale,27:56,8,6,3,8,.375,1,3
20251104,PHO,Mark Williams,27:21,16,16,4,12,.500,1,2
20251104,PHO,Jordan Goodwin,24:00,5,3,1,4,.500,0,1
20251104,PHO,Collin Gillespie,21:20,8,5,4,8,.375,1,2
20251104,PHO,Oso Ighodaro,20:20,2,5,1,4,.250,0,1
20251104,PHO,Isaiah Livers,6:30,2,2,1,1,1.000,0,1
20251104,PHO,Nick Richards,3:45,2,0,1,3,.333,0,0
20251104,PHO,Nigel Hayes-Davis,2:56,0,0,0,0,,0,0
20251104,GSW,Stephen Curry,33:32,28,4,3,23,.391,1,2
20251104,GSW,Draymond Green,32:50,2,5,8,2,.500,1,4
20251104,GSW,Quinten Post,27:10,14,7,3,7,.714,1,1
20251104,GSW,Jonathan Kuminga,24:39,9,5,2,7,.571,1,4
20251104,GSW,Jimmy Butler,14:06,2,4,2,5,.200,0,1
20251104,GSW,Moses Moody,33:54,24,5,2,11,.636,1,1
20251104,GSW,Brandin Podziemski,24:12,13,2,4,11,.455,1,1
20251104,GSW,Buddy Hield,19:55,12,2,2,7,.571,1,1
20251104,GSW,Trayce Jackson-Davis,15:30,7,2,3,5,.600,0,0
20251104,GSW,Pat Spencer,11:15,7,3,4,5,.400,2,0
20251104,GSW,Gui Santos,2:58,0,0,0,0,,0,0
20251104,OKC,Chet Holmgren,30:03,11,5,3,8,.500,1,3
20251104,OKC,Shai Gilgeous-Alexander,29:03,30,4,12,14,.643,0,2
20251104,OKC,Cason Wallace,24:55,12,3,1,9,.556,1,1
20251104,OKC,Isaiah Hartenstein,23:32,10,7,3,6,.667,4,1
20251104,OKC,Luguentz Dort,14:45,6,3,0,4,.500,0,0
20251104,OKC,Aaron Wiggins,25:55,12,2,2,10,.500,0,0
20251104,OKC,Alex Caruso,23:41,8,1,3,6,.500,2,0
20251104,OKC,Isaiah Joe,21:25,22,3,0,12,.583,0,1
20251104,OKC,Ajay Mitchell,19:39,8,4,3,10,.400,4,2
20251104,OKC,Jaylin Williams,13:37,3,5,0,3,.333,0,0
20251104,OKC,Ousmane Dieng,5:45,0,0,1,0,,0,0
20251104,OKC,Branden Carlson,3:50,2,1,0,2,.500,0,0
20251104,OKC,Chris Youngblood,3:50,2,2,0,2,.000,0,0
20251104,LAC,Kris Dunn,30:09,6,5,3,4,.500,2,3
20251104,LAC,James Harden,30:06,25,6,6,17,.412,1,2
20251104,LAC,Derrick Jones Jr.,28:21,16,4,2,12,.417,1,1
20251104,LAC,Ivica Zubac,25:37,7,7,2,8,.375,2,2
20251104,LAC,Nicolas Batum,17:50,3,1,3,5,.200,0,1
20251104,LAC,Bogdan Bogdanović,29:34,11,6,4,8,.375,2,1
20251104,LAC,John Collins,24:56,17,4,1,8,.625,1,5
20251104,LAC,Brook Lopez,15:48,12,2,0,7,.571,0,2
20251104,LAC,Chris Paul,11:19,0,1,3,1,.000,0,1
20251104,LAC,Cam Christie,6:35,5,2,0,4,.500,0,0
20251104,LAC,Yanic Konan Niederhäuser,6:35,5,2,0,2,.500,0,1
20251104,LAC,Kobe Brown,6:35,0,1,2,3,.000,0,0
20251104,LAC,Jahmyl Telfort,6:35,0,1,0,1,.000,0,0
20251105,PHI,Kelly Oubre Jr.,37:58,19,3,2,16,.438,2,1
20251105,PHI,VJ Edgecombe,37:13,7,4,4,14,.214,0,1
20251105,PHI,Tyrese Maxey,36:27,27,7,9,20,.500,1,5
20251105,PHI,Adem Bona,18:18,4,4,0,3,.333,2,3
20251105,PHI,Jabari Walker,8:19,0,3,0,0,,1,0
20251105,PHI,Quentin Grimes,31:58,27,3,3,15,.600,0,4
20251105,PHI,Andre Drummond,28:09,13,13,1,7,.857,1,1
20251105,PHI,Trendon Watford,23:03,16,3,6,9,.556,2,2
20251105,PHI,Justin Edwards,16:23,8,3,1,6,.500,0,0
20251105,PHI,Johni Broome,1:06,0,0,0,0,,0,0
20251105,PHI,Hunter Sallis,1:06,0,0,0,0,,0,1
20251105,CLE,Donovan Mitchell,35:04,46,4,8,21,.714,1,2
20251105,CLE,Evan Mobley,34:02,23,5,3,17,.529,1,4
20251105,CLE,Jarrett Allen,29:31,24,10,1,17,.647,3,0
20251105,CLE,Jaylon Tyson,28:42,10,5,3,7,.571,2,0
20251105,CLE,Darius Garland,26:05,8,2,4,11,.273,0,3
20251105,CLE,Sam Merrill,26:48,14,0,0,6,.667,0,1
20251105,CLE,Lonzo Ball,22:44,0,1,8,3,.000,1,1
20251105,CLE,Craig Porter Jr.,18:04,0,2,4,4,.000,0,1
20251105,CLE,Larry Nance Jr.,15:05,7,5,1,6,.500,1,1
20251105,CLE,Thomas Bryant,1:06,0,0,0,0,,0,1
20251105,CLE,Tyrese Proctor,1:06,0,0,0,0,,0,0
20251105,CLE,Nae'Qwan Tomlin,1:06,0,0,0,0,,0,0
20251105,CLE,Dean Wade,0:38,0,0,1,0,,0,0
20251105,UTA,Lauri Markkanen,39:53,25,4,0,22,.364,2,2
20251105,UTA,Svi Mykhailiuk,36:03,28,2,2,16,.625,1,1
20251105,UTA,Keyonte George,34:52,19,2,6,18,.333,0,2
20251105,UTA,Jusuf Nurkić,32:34,6,17,4,8,.250,4,2
20251105,UTA,Taylor Hendricks,17:39,0,7,0,3,.000,0,1
20251105,UTA,Kyle Filipowski,20:06,4,4,2,5,.200,0,2
20251105,UTA,Ace Bailey,19:11,9,4,1,6,.500,0,1
20251105,UTA,Walter Clayton,15:12,6,0,6,4,.500,0,4
20251105,UTA,Kevin Love,13:55,3,3,3,3,.000,0,0
20251105,UTA,Elijah Harkless,10:28,3,1,0,1,1.000,0,0
20251105,UTA,Brice Sensabaugh,0:07,0,0,0,0,,0,0
20251105,DET,Cade Cunningham,36:56,31,3,10,28,.464,1,3
20251105,DET,Jalen Duren,34:37,22,22,3,15,.667,0,1
20251105,DET,Isaiah Stewart,31:27,10,6,1,9,.444,0,1
20251105,DET,Ausar Thompson,31:00,18,7,4,12,.583,1,2
20251105,DET,Duncan Robinson,28:22,9,2,0,7,.429,0,2
20251105,DET,Ron Holland,27:57,9,6,4,7,.571,2,0
20251105,DET,Javonte Green,22:57,3,4,1,3,.000,0,0
20251105,DET,Caris LeVert,19:28,10,2,1,8,.375,1,3
20251105,DET,Paul Reed,7:16,2,0,0,2,.500,0,1
20251105,BRK,Michael Porter Jr.,35:24,32,11,3,20,.500,1,5
20251105,BRK,Terance Mann,35:07,15,1,6,12,.417,2,1
20251105,BRK,Nic Claxton,33:34,18,10,6,9,.556,3,0
20251105,BRK,Noah Clowney,29:38,17,4,1,9,.667,0,3
20251105,BRK,Cam Thomas,5:35,0,0,1,2,.000,0,0
20251105,BRK,Tyrese Martin,27:27,16,5,2,11,.545,1,1
20251105,BRK,Ziaire Williams,24:26,3,3,2,8,.125,0,2
20251105,BRK,Jalen Wilson,20:59,6,1,0,4,.500,0,0
20251105,BRK,Day'Ron Sharpe,14:26,5,7,3,5,.200,0,0
20251105,BRK,Egor Dёmin,13:24,0,3,2,6,.000,2,0
20251105,IND,Pascal Siakam,36:04,23,6,10,21,.476,1,7
20251105,IND,Ben Sheppard,34:58,18,4,3,13,.538,1,1
20251105,IND,Jarace Walker,32:11,6,6,6,11,.273,0,1
20251105,IND,Aaron Nesmith,32:09,15,7,2,17,.353,1,3
20251105,IND,Isaiah Jackson,20:26,8,7,1,6,.667,1,2
20251105,IND,Jeremiah Robinson-Earl,23:30,8,15,2,9,.333,1,0
20251105,IND,Jay Huff,17:42,16,2,0,10,.500,0,1
20251105,IND,Taelon Peter,16:29,3,3,4,4,.250,0,1
20251105,IND,Tony Bradley,13:37,4,2,1,3,.333,0,0
20251105,IND,Cody Martin,7:42,2,4,0,3,.333,1,0
20251105,IND,RayJ Dennis,5:12,0,0,0,2,.000,0,0
20251105,WAS,Alex Sarr,29:00,31,8,2,20,.600,0,2
20251105,WAS,Kyshawn George,28:29,9,2,3,9,.333,0,3
20251105,WAS,Justin Champagnie,19:03,12,6,0,4,1.000,1,1
20251105,WAS,CJ McCollum,17:33,3,1,4,10,.100,0,0
20251105,WAS,Bilal Coulibaly,16:28,1,2,3,5,.000,0,2
20251105,WAS,Bub Carrington,30:38,3,5,6,2,.500,0,3
20251105,WAS,Tre Johnson,24:10,7,1,1,5,.400,0,3
20251105,WAS,Malaki Branham,16:42,10,3,0,5,.600,0,0
20251105,WAS,Marvin Bagley III,12:43,11,5,2,6,.833,0,2
20251105,WAS,Corey Kispert,12:43,8,2,1,5,.600,0,1
20251105,WAS,Will Riley,12:00,4,2,1,3,.667,0,1
20251105,WAS,Cam Whitmore,7:57,2,0,0,3,.333,1,1
20251105,WAS,Tristan Vukcevic,6:17,5,1,1,3,.667,0,0
20251105,WAS,AJ Johnson,6:17,1,2,1,0,,0,0
20251105,BOS,Josh Minott,33:43,21,5,0,12,.667,3,1
20251105,BOS,Derrick White,28:47,12,3,8,8,.500,3,0
20251105,BOS,Jaylen Brown,25:53,35,5,5,21,.619,1,1
20251105,BOS,Neemias Queta,24:13,15,12,5,7,1.000,1,0
20251105,BOS,Payton Pritchard,23:55,18,2,5,12,.583,0,2
20251105,BOS,Anfernee Simons,29:50,18,0,2,16,.438,1,1
20251105,BOS,Jordan Walsh,23:51,7,7,1,4,.750,2,0
20251105,BOS,Sam Hauser,22:20,3,2,3,8,.125,0,0
20251105,BOS,Hugo González,16:39,5,2,1,4,.500,0,0
20251105,BOS,Luka Garza,7:06,2,2,1,2,.000,1,0
20251105,BOS,Baylor Scheierman,3:43,0,0,0,1,.000,0,0
20251105,MIN,Julius Randle,38:02,32,5,4,21,.571,0,3
20251105,MIN,Donte DiVincenzo,36:02,21,3,4,15,.467,1,2
20251105,MIN,Jaden McDaniels,31:38,13,4,3,10,.400,0,3
20251105,MIN,Anthony Edwards,28:45,15,2,5,13,.385,2,3
20251105,MIN,Rudy Gobert,28:12,7,9,0,3,1.000,0,2
20251105,MIN,Naz Reid,21:11,5,6,1,7,.286,0,2
20251105,MIN,Mike Conley,18:19,8,0,6,2,1.000,0,1
20251105,MIN,Jaylen Clark,12:47,3,1,0,2,.500,1,0
20251105,MIN,Rob Dillingham,11:52,6,0,4,7,.286,1,1
20251105,MIN,Joan Beringer,3:18,2,0,0,1,1.000,0,0
20251105,MIN,Leonard Miller,3:18,2,1,0,2,.500,1,0
20251105,MIN,Bones Hyland,3:18,0,0,2,0,,0,0
20251105,MIN,Joe Ingles,3:18,0,0,1,0,,0,0
20251105,NYK,Mikal Bridges,33:07,13,1,5,12,.417,1,1
20251105,NYK,Jalen Brunson,32:37,23,7,10,20,.450,1,4
20251105,NYK,OG Anunoby,31:30,25,8,1,17,.588,2,1
20251105,NYK,Karl-Anthony Towns,31:16,15,10,4,11,.455,0,4
20251105,NYK,Mitchell Robinson,16:12,8,10,1,5,.800,1,1
20251105,NYK,Josh Hart,27:29,18,5,4,12,.583,0,1
20251105,NYK,Miles McBride,21:20,14,3,4,10,.600,1,0
20251105,NYK,Jordan Clarkson,15:43,7,0,0,6,.500,1,1
20251105,NYK,Landry Shamet,11:33,3,1,0,1,1.000,0,0
20251105,NYK,Guerschon Yabusele,8:37,5,1,0,3,.667,0,0
20251105,NYK,Tyler Kolek,3:18,0,1,2,2,.000,0,1
20251105,NYK,Ariel Hukporti,2:26,4,1,0,2,1.000,0,0
20251105,NYK,Mohamed Diawara,2:26,2,1,0,1,1.000,0,0
20251105,NYK,Pacôme Dadiet,2:26,0,1,1,0,,0,0
20251105,HOU,Amen Thompson,38:50,28,10,7,26,.500,2,2
20251105,HOU,Jabari Smith Jr.,35:31,16,4,2,8,.750,0,3
20251105,HOU,Alperen Şengün,34:44,20,16,7,14,.429,1,6
20251105,HOU,Kevin Durant,34:27,11,4,5,18,.278,1,2
20251105,HOU,Josh Okogie,23:32,13,3,3,9,.556,2,0
20251105,HOU,Tari Eason,31:43,16,5,1,13,.385,1,0
20251105,HOU,Reed Sheppard,16:49,12,1,1,7,.714,2,0
20251105,HOU,Clint Capela,16:01,6,10,2,2,1.000,0,0
20251105,HOU,Jae'Sean Tate,2:26,2,0,0,2,.500,0,0
20251105,HOU,JD Davison,1:59,0,0,0,1,.000,0,0
20251105,HOU,Jeff Green,1:59,0,1,0,1,.000,0,0
20251105,HOU,Aaron Holiday,1:59,0,0,1,0,,0,0
20251105,MEM,Ja Morant,33:41,17,5,8,19,.316,1,6
20251105,MEM,Jaren Jackson Jr.,29:20,9,6,1,6,.333,1,0
20251105,MEM,Kentavious Caldwell-Pope,23:56,4,3,2,8,.125,2,3
20251105,MEM,Jock Landale,20:32,11,3,1,7,.571,1,2
20251105,MEM,Jaylen Wells,19:36,8,3,1,3,1.000,0,1
20251105,MEM,Cedric Coward,28:42,7,9,4,10,.200,2,1
20251105,MEM,Santi Aldama,26:17,16,4,1,12,.417,2,0
20251105,MEM,Cam Spencer,19:29,19,2,2,10,.500,0,0
20251105,MEM,Charles Bassey,15:20,4,5,1,5,.400,0,0
20251105,MEM,Vince Williams Jr.,15:11,10,4,3,5,.600,1,2
20251105,MEM,PJ Hall,1:59,2,2,1,1,.000,0,0
20251105,MEM,Javon Small,1:59,2,0,0,2,.500,0,0
20251105,MEM,GG Jackson II,1:59,0,0,0,1,.000,0,0
20251105,MEM,Olivier-Maxence Prosper,1:59,0,1,0,0,,0,0
20251105,NOP,Trey Murphy III,38:09,11,9,5,12,.250,2,3
20251105,NOP,Herbert Jones,35:00,12,5,2,10,.600,2,2
20251105,NOP,Saddiq Bey,29:34,22,9,1,14,.643,0,1
20251105,NOP,Jeremiah Fears,25:25,13,5,3,15,.333,1,3
20251105,NOP,Kevon Looney,14:59,8,6,2,8,.500,0,0
20251105,NOP,Derik Queen,25:52,11,7,2,8,.375,3,3
20251105,NOP,Jose Alvarado,22:35,13,8,2,8,.500,0,1
20251105,NOP,Jordan Hawkins,19:52,9,2,1,13,.308,2,0
20251105,NOP,Micah Peavy,18:19,0,3,0,1,.000,0,0
20251105,NOP,Karlo Matković,10:16,2,2,0,2,.500,0,0
20251105,DAL,P.J. Washington,38:04,15,11,1,13,.385,1,4
20251105,DAL,Cooper Flagg,35:02,20,9,2,19,.421,3,2
20251105,DAL,Max Christie,27:28,12,3,1,12,.417,1,0
20251105,DAL,Daniel Gafford,24:44,15,8,0,8,.750,2,2
20251105,DAL,D'Angelo Russell,20:42,9,0,3,10,.300,0,2
20251105,DAL,Naji Marshall,25:52,7,5,5,5,.400,1,1
20251105,DAL,Klay Thompson,21:25,11,4,3,7,.571,1,3
20251105,DAL,Brandon Williams,18:43,10,1,3,9,.444,2,1
20251105,DAL,Jaden Hardy,10:08,0,1,0,4,.000,0,0
20251105,DAL,Dwight Powell,10:07,0,1,0,1,.000,0,0
20251105,DAL,Caleb Martin,4:14,0,1,0,1,.000,0,0
20251105,DAL,Moussa Cisse,3:31,0,0,0,0,,0,0
20251105,MIA,Andrew Wiggins,31:43,22,4,5,13,.692,2,0
20251105,MIA,Davion Mitchell,31:19,10,3,9,6,.667,0,3
20251105,MIA,Norman Powell,30:30,23,2,0,15,.333,1,3
20251105,MIA,Pelle Larsson,23:30,6,3,3,4,.250,0,1
20251105,MIA,Bam Adebayo,8:12,2,1,0,5,.200,0,0
20251105,MIA,Kel'el Ware,27:10,13,13,0,6,.667,4,1
20251105,MIA,Jaime Jaquez Jr.,26:24,21,3,2,14,.643,1,1
20251105,MIA,Nikola Jović,19:34,5,3,3,6,.167,0,3
20251105,MIA,Dru Smith,16:41,5,2,2,6,.333,3,0
20251105,MIA,Simone Fontecchio,15:37,5,2,2,7,.286,1,1
20251105,MIA,Keshad Johnson,9:21,0,2,0,4,.000,1,1
20251105,DEN,Nikola Jokić,36:35,33,15,16,18,.667,3,3
20251105,DEN,Christian Braun,35:18,11,8,7,14,.357,2,0
20251105,DEN,Jamal Murray,33:37,14,8,3,15,.267,2,2
20251105,DEN,Aaron Gordon,30:50,24,6,1,16,.563,1,3
20251105,DEN,Cameron Johnson,23:02,9,2,1,10,.300,0,0
20251105,DEN,Bruce Brown,27:38,5,3,2,7,.286,2,3
20251105,DEN,Tim Hardaway Jr.,24:25,18,3,0,12,.583,0,1
20251105,DEN,Peyton Watson,17:42,2,10,3,4,.000,0,2
20251105,DEN,Jonas Valančiūnas,10:53,6,6,0,5,.200,0,2
20251105,SAS,Stephon Castle,37:13,16,5,8,11,.273,3,6
20251105,SAS,Devin Vassell,37:05,15,3,4,14,.357,0,0
20251105,SAS,Julian Champagnie,33:07,14,7,0,14,.357,1,4
20251105,SAS,Victor Wembanyama,32:41,19,8,3,14,.357,1,5
20251105,SAS,Harrison Barnes,27:53,14,6,3,6,.667,0,0
20251105,SAS,Keldon Johnson,24:04,12,1,1,4,1.000,1,1
20251105,SAS,Jeremy Sochan,22:35,16,2,0,7,.857,1,0
20251105,SAS,Lindy Waters III,13:32,6,1,0,2,1.000,0,0
20251105,SAS,Kelly Olynyk,9:17,4,4,3,2,1.000,0,1
20251105,SAS,Jordan McLaughlin,2:33,0,0,0,0,,0,2
20251105,LAL,Luka Dončić,41:37,35,9,13,27,.333,5,4
20251105,LAL,Jake LaRavia,37:31,8,6,1,9,.333,0,2
20251105,LAL,Rui Hachimura,34:46,15,2,0,9,.556,1,0
20251105,LAL,Marcus Smart,33:34,17,5,5,10,.300,1,3
20251105,LAL,Deandre Ayton,33:07,22,10,0,13,.692,1,0
20251105,LAL,Jarred Vanderbilt,17:13,5,0,2,3,.667,0,0
20251105,LAL,Dalton Knecht,15:38,3,1,1,4,.250,0,1
20251105,LAL,Jaxson Hayes,14:53,9,4,1,4,.750,0,0
20251105,LAL,Nick Smith Jr.,6:31,2,0,0,1,1.000,0,2
20251105,LAL,Bronny James,5:10,2,1,0,3,.333,0,0
20251105,OKC,Shai Gilgeous-Alexander,37:33,35,9,4,26,.385,0,0
20251105,OKC,Cason Wallace,36:10,5,8,5,4,.500,3,3
20251105,OKC,Ajay Mitchell,31:29,21,4,3,11,.636,1,5
20251105,OKC,Isaiah Hartenstein,31:10,10,11,3,4,.750,2,4
20251105,OKC,Aaron Wiggins,27:25,27,2,2,19,.526,3,0
20251105,OKC,Isaiah Joe,25:40,14,0,2,12,.333,0,2
20251105,OKC,Jaylin Williams,20:52,3,9,4,5,.200,0,0
20251105,OKC,Ousmane Dieng,19:56,4,6,1,6,.167,0,0
20251105,OKC,Branden Carlson,8:15,0,1,0,4,.000,0,0
20251105,OKC,Brooks Barnhizer,1:31,0,0,0,0,,0,0
20251105,POR,Toumani Camara,37:15,16,5,2,9,.667,0,3
20251105,POR,Deni Avdija,36:52,26,10,9,17,.294,2,3
20251105,POR,Jrue Holiday,34:51,22,6,3,16,.438,1,4
20251105,POR,Donovan Clingan,25:08,7,8,0,7,.286,2,1
20251105,POR,Shaedon Sharpe,22:39,18,6,1,15,.400,3,2
20251105,POR,Jerami Grant,33:49,20,5,5,14,.429,0,1
20251105,POR,Duop Reath,20:13,12,0,2,5,.800,0,0
20251105,POR,Kris Murray,17:32,0,3,2,2,.000,0,1
20251105,POR,Sidy Cissoko,7:55,0,3,0,1,.000,0,0
20251105,POR,Robert Williams,3:46,0,3,0,2,.000,0,0
20251105,GSW,Moses Moody,38:32,28,3,3,15,.600,2,3
20251105,GSW,Jonathan Kuminga,35:36,24,9,3,19,.421,0,5
20251105,GSW,Will Richard,34:30,30,7,3,15,.667,1,1
20251105,GSW,Brandin Podziemski,31:02,14,9,9,10,.500,0,4
20251105,GSW,Quinten Post,15:39,0,4,1,5,.000,2,0
20251105,GSW,Al Horford,26:31,0,7,2,8,.000,2,1
20251105,GSW,Pat Spencer,16:58,6,1,1,7,.429,0,2
20251105,GSW,Buddy Hield,13:49,9,1,2,5,.600,1,1
20251105,GSW,Gary Payton II,11:22,3,2,3,1,1.000,1,1
20251105,GSW,Trayce Jackson-Davis,9:02,2,0,1,2,.500,1,0
20251105,GSW,Gui Santos,6:59,0,1,0,2,.000,0,0
20251105,SAC,DeMar DeRozan,35:43,25,2,2,20,.400,1,1
20251105,SAC,Russell Westbrook,35:25,23,16,10,13,.692,1,3
20251105,SAC,Nique Clifford,32:53,12,3,3,8,.500,1,1
20251105,SAC,Dennis Schröder,32:17,18,7,7,17,.353,0,3
20251105,SAC,Drew Eubanks,32:10,12,6,0,6,.833,1,3
20251105,SAC,Malik Monk,25:16,21,4,2,12,.500,0,2
20251105,SAC,Keon Ellis,17:04,0,2,2,1,.000,2,1
20251105,SAC,Maxime Raynaud,15:06,6,3,0,3,.333,1,1
20251105,SAC,Precious Achiuwa,9:17,4,3,0,2,1.000,0,1
20251105,SAC,Devin Carter,4:49,0,1,1,1,.000,0,0
20251106,LAC,Ivica Zubac,27:09,23,11,2,14,.571,2,2
20251106,LAC,Kris Dunn,23:48,9,2,6,4,.750,1,2
20251106,LAC,Derrick Jones Jr.,22:07,10,1,0,4,.750,1,0
20251106,LAC,Bradley Beal,19:39,5,1,1,14,.143,0,2
20251106,LAC,Nicolas Batum,18:24,0,2,1,3,.000,0,0
20251106,LAC,Bogdan Bogdanović,28:21,12,4,5,8,.375,0,1
20251106,LAC,Cam Christie,25:07,17,2,3,7,.714,1,0
20251106,LAC,John Collins,23:03,13,4,1,11,.455,1,4
20251106,LAC,Brook Lopez,17:49,6,3,0,6,.500,1,2
20251106,LAC,Kobe Brown,15:53,0,7,2,2,.000,0,1
20251106,LAC,Chris Paul,9:30,2,2,2,3,.333,1,0
20251106,LAC,Jahmyl Telfort,6:33,1,1,1,1,.000,0,1
20251106,LAC,Yanic Konan Niederhäuser,2:37,4,1,0,2,1.000,0,0
20251106,PHO,Devin Booker,37:16,24,6,7,22,.455,3,3
20251106,PHO,Grayson Allen,36:28,18,3,4,13,.538,3,2
20251106,PHO,Royce O'Neale,28:27,17,4,2,11,.545,0,1
20251106,PHO,Mark Williams,27:37,13,10,0,8,.500,2,0
20251106,PHO,Jalen Green,22:59,29,3,3,20,.500,2,2
20251106,PHO,Collin Gillespie,25:18,1,5,7,5,.000,1,2
20251106,PHO,Ryan Dunn,24:56,10,5,3,7,.429,1,2
20251106,PHO,Oso Ighodaro,11:34,0,3,1,1,.000,1,0
20251106,PHO,Nick Richards,11:22,3,3,0,1,1.000,0,2
20251106,PHO,Jordan Goodwin,10:37,0,1,0,4,.000,0,1
20251106,PHO,Rasheer Fleming,1:09,0,1,0,0,,0,0
20251106,PHO,Nigel Hayes-Davis,1:09,0,0,0,0,,0,0
20251106,PHO,Khaman Maluach,1:09,0,0,0,0,,0,0
20251107,BOS,Derrick White,37:08,16,2,10,16,.438,3,1
20251107,BOS,Jaylen Brown,36:30,32,9,3,28,.536,1,4
20251107,BOS,Payton Pritchard,31:55,27,2,4,16,.500,1,3
20251107,BOS,Neemias Queta,30:02,5,8,2,8,.250,1,0
20251107,BOS,Josh Minott,25:20,12,8,1,7,.571,1,2
20251107,BOS,Sam Hauser,20:32,3,3,3,6,.167,1,0
20251107,BOS,Jordan Walsh,18:48,2,6,0,3,.333,1,2
20251107,BOS,Anfernee Simons,17:34,11,2,2,8,.500,0,1
20251107,BOS,Luka Garza,13:22,2,0,0,3,.333,0,0
20251107,BOS,Hugo González,8:49,0,4,1,0,,0,1
20251107,ORL,Franz Wagner,37:17,27,6,6,18,.500,0,3
20251107,ORL,Paolo Banchero,36:27,15,9,4,10,.400,1,2
20251107,ORL,Desmond Bane,36:05,22,6,7,15,.533,1,1
20251107,ORL,Wendell Carter Jr.,31:08,18,5,1,10,.500,2,3
20251107,ORL,Jalen Suggs,20:50,14,3,5,8,.625,0,3
20251107,ORL,Anthony Black,32:38,13,4,4,11,.455,4,1
20251107,ORL,Tristan Da Silva,17:46,11,2,0,8,.500,0,0
20251107,ORL,Goga Bitadze,15:23,0,7,1,1,.000,0,1
20251107,ORL,Tyus Jones,7:56,0,1,0,0,,0,0
20251107,ORL,Jonathan Isaac,4:30,3,1,0,1,1.000,0,1
20251107,CLE,Darius Garland,28:20,20,2,9,16,.438,1,2
20251107,CLE,Evan Mobley,27:51,18,10,3,16,.438,1,1
20251107,CLE,Jarrett Allen,26:00,16,14,3,13,.538,2,1
20251107,CLE,Donovan Mitchell,25:37,24,5,5,20,.400,4,2
20251107,CLE,De'Andre Hunter,21:16,8,5,2,9,.222,1,2
20251107,CLE,Jaylon Tyson,23:24,10,4,2,7,.429,1,0
20251107,CLE,Tyrese Proctor,18:46,17,2,3,6,.833,0,1
20251107,CLE,Sam Merrill,18:21,14,2,2,6,.833,1,0
20251107,CLE,Craig Porter Jr.,15:55,2,5,2,4,.250,0,1
20251107,CLE,Larry Nance Jr.,14:15,5,2,1,3,.667,0,0
20251107,CLE,Luke Travers,8:31,4,2,2,3,.333,1,0
20251107,CLE,Nae'Qwan Tomlin,5:52,6,2,0,4,.500,1,0
20251107,CLE,Thomas Bryant,5:52,4,2,0,3,.667,2,0
20251107,WAS,Alex Sarr,30:27,20,4,4,17,.588,1,3
20251107,WAS,Tre Johnson,28:49,19,3,1,11,.636,0,2
20251107,WAS,Bub Carrington,28:04,6,4,11,12,.167,0,2
20251107,WAS,CJ McCollum,27:53,25,2,3,16,.500,1,3
20251107,WAS,Khris Middleton,21:54,4,2,4,3,.667,0,2
20251107,WAS,Jamir Watkins,20:15,6,6,0,4,.750,0,1
20251107,WAS,Corey Kispert,20:13,16,3,4,8,.625,1,1
20251107,WAS,Justin Champagnie,18:56,6,11,2,6,.167,2,1
20251107,WAS,Marvin Bagley III,11:41,2,7,0,4,.000,0,0
20251107,WAS,Will Riley,10:17,0,2,1,3,.000,0,0
20251107,WAS,AJ Johnson,8:50,4,0,2,4,.250,0,1
20251107,WAS,Tristan Vukcevic,5:52,4,0,0,1,1.000,0,2
20251107,WAS,Cam Whitmore,4:56,0,0,0,1,.000,0,1
20251107,WAS,Anthony Gill,1:53,3,0,0,1,1.000,0,1
20251107,TOR,Scottie Barnes,35:03,14,10,4,16,.313,1,0
20251107,TOR,Brandon Ingram,34:44,20,6,4,19,.368,1,2
20251107,TOR,Immanuel Quickley,34:14,18,5,6,11,.455,3,2
20251107,TOR,RJ Barrett,33:16,19,5,4,15,.467,0,1
20251107,TOR,Jakob Poeltl,25:13,12,10,1,5,.800,1,2
20251107,TOR,Sandro Mamukelashvili,20:43,12,6,1,9,.556,1,0
20251107,TOR,Collin Murray-Boyles,17:34,3,4,1,4,.250,0,2
20251107,TOR,Jamal Shead,13:46,0,1,2,3,.000,1,1
20251107,TOR,Gradey Dick,13:25,11,1,0,7,.429,1,0
20251107,TOR,Jamison Battle,6:16,0,0,0,1,.000,1,0
20251107,TOR,Ja'Kobe Walter,5:46,0,0,0,1,.000,1,2
20251107,ATL,Dyson Daniels,34:48,7,8,8,10,.200,2,2
20251107,ATL,Jalen Johnson,33:02,21,7,4,14,.571,1,6
20251107,ATL,Zaccharie Risacher,30:26,16,5,0,16,.375,2,0
20251107,ATL,Kristaps Porziņģis,29:40,17,7,3,16,.250,0,0
20251107,ATL,Nickeil Alexander-Walker,29:38,20,2,3,14,.500,0,3
20251107,ATL,Onyeka Okongwu,26:00,7,11,0,12,.167,1,2
20251107,ATL,Keaton Wallace,19:54,7,3,3,5,.600,2,1
20251107,ATL,Mouhamed Gueye,18:58,2,7,1,6,.167,0,0
20251107,ATL,Vít Krejčí,17:34,0,4,2,3,.000,0,1
20251107,DET,Ausar Thompson,33:33,14,6,4,14,.500,3,1
20251107,DET,Cade Cunningham,32:44,34,1,10,18,.722,1,4
20251107,DET,Duncan Robinson,31:26,7,1,8,6,.500,2,1
20251107,DET,Jalen Duren,30:09,30,11,0,14,.786,3,1
20251107,DET,Isaiah Stewart,8:52,4,3,1,2,1.000,0,1
20251107,DET,Ron Holland,24:59,5,5,1,6,.333,0,3
20251107,DET,Caris LeVert,20:20,10,3,4,6,.500,1,1
20251107,DET,Javonte Green,19:39,8,3,1,5,.400,1,0
20251107,DET,Paul Reed,15:08,6,6,2,3,1.000,2,0
20251107,DET,Bobi Klintman,14:48,4,5,1,6,.333,0,1
20251107,DET,Daniss Jenkins,5:20,3,1,0,3,.333,1,0
20251107,DET,Chaz Lanier,3:02,0,1,0,2,.000,0,0
20251107,BRK,Michael Porter Jr.,31:44,28,5,2,17,.471,1,4
20251107,BRK,Nic Claxton,30:43,17,8,2,8,.750,1,2
20251107,BRK,Noah Clowney,30:42,19,1,2,13,.385,1,1
20251107,BRK,Egor Dёmin,23:03,8,3,7,8,.375,1,1
20251107,BRK,Terance Mann,21:47,3,0,3,3,.333,0,1
20251107,BRK,Drake Powell,27:08,6,4,2,7,.429,0,3
20251107,BRK,Tyrese Martin,19:22,2,1,3,7,.143,1,2
20251107,BRK,Day'Ron Sharpe,17:17,7,4,3,3,.667,0,3
20251107,BRK,Ziaire Williams,16:58,6,2,1,6,.167,0,1
20251107,BRK,Jalen Wilson,10:36,9,1,1,5,.600,0,1
20251107,BRK,E.J. Liddell,5:20,2,1,0,2,.500,0,0
20251107,BRK,Tyson Etienne,5:20,0,0,0,1,.000,0,0
20251107,HOU,Amen Thompson,38:31,14,7,3,12,.333,1,3
20251107,HOU,Kevin Durant,36:33,24,1,2,18,.444,1,8
20251107,HOU,Alperen Şengün,35:59,25,8,8,22,.455,1,3
20251107,HOU,Jabari Smith Jr.,26:40,5,8,2,6,.333,0,1
20251107,HOU,Josh Okogie,24:50,12,3,0,7,.571,5,3
20251107,HOU,Reed Sheppard,26:25,16,0,6,10,.600,1,1
20251107,HOU,Tari Eason,24:52,11,3,2,6,.667,2,4
20251107,HOU,Steven Adams,20:05,3,8,1,4,.250,1,0
20251107,HOU,Clint Capela,6:02,0,3,1,0,,0,0
20251107,HOU,Jae'Sean Tate,0:03,0,0,0,0,,0,0
20251107,SAS,Harrison Barnes,38:48,24,5,2,11,.727,2,3
20251107,SAS,Victor Wembanyama,37:12,22,8,4,16,.500,1,4
20251107,SAS,Stephon Castle,36:22,14,6,13,12,.417,2,5
20251107,SAS,Devin Vassell,33:03,15,3,3,12,.333,4,1
20251107,SAS,Julian Champagnie,31:14,22,7,1,14,.429,4,2
20251107,SAS,Keldon Johnson,27:06,8,6,4,8,.375,1,2
20251107,SAS,Jeremy Sochan,15:16,2,2,2,5,.000,0,3
20251107,SAS,Jordan McLaughlin,9:16,9,1,1,6,.667,1,0
20251107,SAS,Lindy Waters III,6:00,3,1,0,2,.500,0,0
20251107,SAS,Kelly Olynyk,5:43,2,1,0,1,1.000,0,0
20251107,DAL,Max Christie,28:09,18,1,1,12,.583,0,2
20251107,DAL,Cooper Flagg,27:16,12,6,2,10,.500,1,2
20251107,DAL,P.J. Washington,25:07,14,6,1,15,.400,1,2
20251107,DAL,D'Angelo Russell,16:15,9,3,5,5,.800,0,3
20251107,DAL,Daniel Gafford,12:23,0,1,0,1,.000,0,0
20251107,DAL,Naji Marshall,25:06,16,7,4,13,.462,1,1
20251107,DAL,Brandon Williams,22:03,11,1,3,8,.625,2,3
20251107,DAL,Caleb Martin,17:30,0,3,0,1,.000,0,0
20251107,DAL,Klay Thompson,17:01,0,1,3,6,.000,1,0
20251107,DAL,Jaden Hardy,16:32,8,3,2,5,.400,1,2
20251107,DAL,Moussa Cisse,14:11,10,8,0,5,.800,0,2
20251107,DAL,Ryan Nembhard,9:35,6,0,2,5,.600,0,0
20251107,DAL,Dwight Powell,8:54,0,4,2,0,,0,0
20251107,MEM,Ja Morant,32:12,21,5,13,20,.350,3,7
20251107,MEM,Jock Landale,29:27,11,7,3,8,.500,0,1
20251107,MEM,Jaren Jackson Jr.,28:49,17,4,0,9,.667,0,1
20251107,MEM,Jaylen Wells,25:12,8,5,1,7,.286,0,1
20251107,MEM,Kentavious Caldwell-Pope,24:05,12,3,1,7,.714,0,0
20251107,MEM,Santi Aldama,28:06,16,2,2,12,.417,0,2
20251107,MEM,Cedric Coward,27:56,21,9,4,10,.700,0,0
20251107,MEM,Cam Spencer,18:39,12,2,2,9,.556,2,1
20251107,MEM,Vince Williams Jr.,15:41,0,3,1,3,.000,0,0
20251107,MEM,John Konchar,9:22,0,2,0,0,,2,0
20251107,MEM,PJ Hall,0:08,0,0,0,0,,0,0
20251107,MEM,GG Jackson II,0:08,0,0,0,0,,1,0
20251107,MEM,Olivier-Maxence Prosper,0:08,0,0,0,0,,0,0
20251107,MEM,Javon Small,0:08,0,0,0,0,,0,0
20251107,CHO,Miles Bridges,41:00,14,12,7,16,.250,0,4
20251107,CHO,Kon Knueppel,40:07,30,8,3,23,.391,1,2
20251107,CHO,Tre Mann,35:23,20,9,7,24,.292,1,4
20251107,CHO,Sion James,32:56,10,2,1,8,.500,0,3
20251107,CHO,Ryan Kalkbrenner,27:10,10,5,0,7,.714,0,3
20251107,CHO,Moussa Diabaté,21:33,10,11,0,6,.667,0,1
20251107,CHO,Liam McNeeley,19:18,8,4,1,6,.333,1,0
20251107,CHO,KJ Simpson,12:37,0,1,3,3,.000,1,0
20251107,CHO,Pat Connaughton,9:56,6,5,0,4,.500,0,1
20251107,MIA,Andrew Wiggins,36:28,22,4,4,16,.563,1,2
20251107,MIA,Davion Mitchell,32:23,9,5,5,7,.571,3,1
20251107,MIA,Kel'el Ware,29:58,7,6,0,13,.231,1,0
20251107,MIA,Norman Powell,27:25,25,4,3,20,.500,0,2
20251107,MIA,Pelle Larsson,26:48,19,4,2,11,.727,1,0
20251107,MIA,Jaime Jaquez Jr.,32:40,18,8,9,15,.533,0,2
20251107,MIA,Nikola Jović,19:27,10,4,3,6,.667,3,1
20251107,MIA,Simone Fontecchio,19:14,11,2,2,6,.500,0,0
20251107,MIA,Dru Smith,15:37,5,0,3,5,.400,1,0
20251107,CHI,Matas Buzelis,35:47,20,8,3,13,.615,2,3
20251107,CHI,Josh Giddey,34:35,16,7,14,14,.429,1,4
20251107,CHI,Nikola Vučević,31:12,16,6,1,13,.538,1,2
20251107,CHI,Tre Jones,29:22,17,5,4,10,.600,1,0
20251107,CHI,Isaac Okoro,16:33,6,4,0,6,.500,1,0
20251107,CHI,Patrick Williams,23:23,6,6,0,6,.333,1,0
20251107,CHI,Kevin Huerter,23:14,13,3,5,13,.385,0,3
20251107,CHI,Ayo Dosunmu,20:02,7,0,3,6,.500,2,1
20251107,CHI,Jalen Smith,16:48,7,5,3,6,.500,0,1
20251107,CHI,Dalen Terry,5:18,2,1,1,1,1.000,0,0
20251107,CHI,Julian Phillips,3:46,0,0,0,2,.000,0,0
20251107,MIL,Giannis Antetokounmpo,37:17,41,15,9,32,.500,2,4
20251107,MIL,A.J. Green,34:34,6,4,5,8,.250,0,1
20251107,MIL,Myles Turner,31:19,23,8,0,14,.571,4,2
20251107,MIL,Ryan Rollins,30:53,20,6,4,13,.538,3,1
20251107,MIL,Gary Trent Jr.,22:30,5,3,0,9,.222,0,1
20251107,MIL,Kyle Kuzma,28:22,11,8,1,6,.667,0,0
20251107,MIL,Cole Anthony,22:15,11,2,5,14,.357,1,1
20251107,MIL,Bobby Portis,19:35,7,5,2,5,.600,0,1
20251107,MIL,Amir Coffey,9:42,2,2,1,2,.500,0,0
20251107,MIL,Jericho Sims,3:33,0,0,0,0,,0,0
20251107,UTA,Isaiah Collier,26:19,10,0,3,8,.500,0,4
20251107,UTA,Keyonte George,25:54,18,4,2,14,.500,1,3
20251107,UTA,Lauri Markkanen,21:10,12,2,2,14,.286,3,0
20251107,UTA,Jusuf Nurkić,19:06,3,4,4,3,.333,1,2
20251107,UTA,Svi Mykhailiuk,18:08,6,2,2,4,.500,0,1
20251107,UTA,Ace Bailey,23:58,12,6,3,9,.444,1,3
20251107,UTA,Brice Sensabaugh,23:05,5,0,3,12,.167,0,0
20251107,UTA,Kyle Filipowski,21:41,9,10,2,9,.333,2,2
20251107,UTA,Taylor Hendricks,17:23,4,2,1,6,.333,2,0
20251107,UTA,Kyle Anderson,12:00,8,4,4,7,.429,0,1
20251107,UTA,Walter Clayton,11:43,4,3,2,2,.500,0,1
20251107,UTA,Cody Williams,9:40,5,1,0,6,.333,1,0
20251107,UTA,Elijah Harkless,6:32,1,1,0,0,,0,0
20251107,UTA,Kevin Love,3:21,0,1,0,0,,0,0
20251107,MIN,Rudy Gobert,28:47,8,9,2,6,.667,1,2
20251107,MIN,Jaden McDaniels,27:08,22,7,1,14,.643,3,2
20251107,MIN,Julius Randle,26:11,19,10,12,12,.500,1,7
20251107,MIN,Anthony Edwards,26:01,37,5,1,21,.571,1,4
20251107,MIN,Donte DiVincenzo,20:38,3,6,2,4,.250,1,1
20251107,MIN,Naz Reid,23:34,5,4,3,6,.333,1,0
20251107,MIN,Jaylen Clark,19:48,6,1,2,4,.500,2,0
20251107,MIN,Mike Conley,16:34,5,1,2,2,.500,0,0
20251107,MIN,Rob Dillingham,11:16,8,2,1,9,.444,0,0
20251107,MIN,Bones Hyland,8:44,12,1,3,4,1.000,0,0
20251107,MIN,Joan Beringer,8:44,6,3,0,3,1.000,0,2
20251107,MIN,Leonard Miller,8:44,6,3,0,2,1.000,0,2
20251107,MIN,Joe Ingles,8:38,0,0,3,1,.000,0,0
20251107,MIN,Johnny Juzang,5:13,0,0,0,0,,0,1
20251107,GSW,Jimmy Butler,30:33,16,3,3,10,.500,1,0
20251107,GSW,Jonathan Kuminga,26:50,6,7,3,10,.300,0,2
20251107,GSW,Draymond Green,25:42,17,6,4,12,.500,1,3
20251107,GSW,Brandin Podziemski,24:39,7,2,3,10,.300,0,2
20251107,GSW,Moses Moody,19:17,2,3,3,9,.111,0,1
20251107,GSW,Pat Spencer,23:21,10,6,5,10,.300,1,2
20251107,GSW,Quinten Post,19:41,14,3,1,6,1.000,0,0
20251107,GSW,Buddy Hield,19:40,8,0,0,7,.429,0,2
20251107,GSW,Will Richard,18:53,12,3,2,10,.500,0,0
20251107,GSW,Trayce Jackson-Davis,18:30,9,7,3,8,.500,0,0
20251107,GSW,Gary Payton II,6:27,2,2,1,2,.500,0,0
20251107,GSW,Gui Santos,6:27,1,4,0,1,.000,1,0
20251107,DEN,Christian Braun,31:32,12,7,4,11,.455,1,3
20251107,DEN,Jamal Murray,30:57,23,4,8,12,.667,2,3
20251107,DEN,Nikola Jokić,28:16,26,9,9,15,.800,0,1
20251107,DEN,Cameron Johnson,25:09,0,1,4,3,.000,1,0
20251107,DEN,Aaron Gordon,23:58,18,3,1,12,.500,1,0
20251107,DEN,Peyton Watson,24:18,10,3,1,6,.500,2,0
20251107,DEN,Tim Hardaway Jr.,18:56,7,3,2,5,.400,0,0
20251107,DEN,Bruce Brown,18:24,6,1,1,4,.250,0,1
20251107,DEN,Jonas Valančiūnas,15:42,16,6,1,8,.750,0,0
20251107,DEN,Julian Strawther,6:34,4,1,0,2,.000,0,0
20251107,DEN,Jalen Pickett,4:39,0,2,3,0,,0,0
20251107,DEN,Zeke Nnaji,4:02,5,0,0,2,1.000,0,0
20251107,DEN,Spencer Jones,4:02,2,0,0,1,1.000,1,0
20251107,DEN,Hunter Tyson,3:31,0,1,0,1,.000,0,0
20251107,OKC,Ajay Mitchell,31:24,18,5,10,12,.417,3,2
20251107,OKC,Isaiah Hartenstein,30:37,33,19,3,17,.824,1,2
20251107,OKC,Shai Gilgeous-Alexander,29:27,30,1,3,20,.600,2,1
20251107,OKC,Cason Wallace,27:16,15,2,2,8,.750,1,0
20251107,OKC,Chet Holmgren,21:25,10,7,1,9,.444,0,2
20251107,OKC,Isaiah Joe,27:50,14,6,1,8,.500,1,2
20251107,OKC,Alex Caruso,21:58,3,2,5,3,.333,1,0
20251107,OKC,Jaylin Williams,21:24,6,3,1,7,.286,0,1
20251107,OKC,Ousmane Dieng,16:32,3,5,1,5,.200,0,0
20251107,OKC,Chris Youngblood,7:55,0,0,0,2,.000,0,0
20251107,OKC,Brooks Barnhizer,4:12,0,2,0,0,,0,1
20251107,SAC,Russell Westbrook,35:09,24,7,9,17,.529,0,7
20251107,SAC,Zach LaVine,28:50,9,2,2,5,.600,1,2
20251107,SAC,DeMar DeRozan,28:38,18,4,3,13,.538,0,1
20251107,SAC,Dennis Schröder,25:07,2,2,8,10,.000,0,0
20251107,SAC,Drew Eubanks,23:48,16,1,0,11,.727,1,3
20251107,SAC,Malik Monk,23:54,15,3,1,9,.667,1,1
20251107,SAC,Maxime Raynaud,23:46,8,10,1,10,.300,1,1
20251107,SAC,Precious Achiuwa,16:52,4,4,0,5,.200,1,0
20251107,SAC,Nique Clifford,16:35,0,3,2,4,.000,0,0
20251107,SAC,Keon Ellis,12:00,3,1,0,5,.200,0,0
20251107,SAC,Devin Carter,5:21,2,1,1,3,.000,1,0
20251108,DAL,P.J. Washington,36:35,14,9,5,8,.500,1,2
20251108,DAL,Cooper Flagg,33:43,12,7,6,15,.400,2,4
20251108,DAL,Max Christie,30:30,12,7,2,14,.286,3,0
20251108,DAL,Daniel Gafford,18:35,8,5,0,5,.800,0,2
20251108,DAL,D'Angelo Russell,17:27,6,2,1,10,.300,0,0
20251108,DAL,Naji Marshall,31:01,30,8,2,14,.643,3,0
20251108,DAL,Brandon Williams,25:39,14,2,6,16,.375,4,1
20251108,DAL,Moussa Cisse,19:02,5,9,1,3,.667,0,2
20251108,DAL,Jaden Hardy,13:46,8,1,0,5,.600,0,1
20251108,DAL,Ryan Nembhard,8:07,0,0,2,1,.000,0,1
20251108,DAL,Dwight Powell,5:35,2,1,1,2,.500,2,0
20251108,WAS,CJ McCollum,33:16,25,6,2,19,.474,2,3
20251108,WAS,Alex Sarr,30:43,17,6,5,16,.375,2,2
20251108,WAS,Kyshawn George,28:45,10,2,3,9,.333,1,2
20251108,WAS,Tre Johnson,26:10,9,9,0,13,.308,1,3
20251108,WAS,Justin Champagnie,11:54,0,5,0,0,,1,0
20251108,WAS,Cam Whitmore,29:15,19,3,0,13,.538,0,0
20251108,WAS,Bub Carrington,28:08,9,3,2,7,.286,0,5
20251108,WAS,Corey Kispert,24:20,4,1,2,3,.333,0,0
20251108,WAS,Marvin Bagley III,17:17,10,5,1,7,.571,0,2
20251108,WAS,Malaki Branham,9:42,2,4,2,2,.500,0,1
20251108,WAS,Jamir Watkins,0:30,0,0,0,0,,0,0
20251108,TOR,Brandon Ingram,37:26,21,8,5,17,.412,0,1
20251108,TOR,Immanuel Quickley,36:12,22,6,6,16,.500,0,1
20251108,TOR,RJ Barrett,34:02,22,3,6,12,.583,0,1
20251108,TOR,Scottie Barnes,31:43,18,5,4,14,.500,2,2
20251108,TOR,Ochai Agbaji,15:04,0,2,0,1,.000,0,0
20251108,TOR,Jamal Shead,23:59,9,3,5,7,.429,1,2
20251108,TOR,Collin Murray-Boyles,21:40,12,7,1,6,.667,1,1
20251108,TOR,Sandro Mamukelashvili,17:02,10,3,2,5,.600,2,1
20251108,TOR,Gradey Dick,11:31,3,1,0,6,.167,1,1
20251108,TOR,Ja'Kobe Walter,11:12,3,0,0,6,.167,0,0
20251108,TOR,Jamison Battle,0:09,0,0,0,0,,0,0
20251108,PHI,Tyrese Maxey,42:38,31,4,7,24,.500,1,1
20251108,PHI,Kelly Oubre Jr.,36:54,19,4,1,15,.533,0,2
20251108,PHI,Trendon Watford,36:30,20,17,10,10,.800,0,1
20251108,PHI,VJ Edgecombe,35:32,11,7,4,15,.333,3,2
20251108,PHI,Joel Embiid,25:57,29,6,4,16,.625,0,2
20251108,PHI,Quentin Grimes,27:47,13,2,2,8,.500,0,3
20251108,PHI,Andre Drummond,16:04,4,8,1,5,.200,0,1
20251108,PHI,Justin Edwards,7:14,3,2,1,2,.500,0,1
20251108,PHI,Adem Bona,5:59,0,2,0,0,,0,0
20251108,PHI,Jabari Walker,5:25,0,2,1,1,.000,0,0
20251108,LAL,Luka Dončić,26:39,22,5,11,17,.412,1,5
20251108,LAL,Rui Hachimura,23:29,8,2,0,9,.333,0,1
20251108,LAL,Jake LaRavia,23:12,13,5,2,7,.571,2,2
20251108,LAL,Marcus Smart,20:56,5,0,2,4,.500,2,2
20251108,LAL,Deandre Ayton,19:54,11,5,0,5,1.000,0,3
20251108,LAL,Jarred Vanderbilt,28:21,12,18,2,9,.444,1,2
20251108,LAL,Dalton Knecht,24:35,14,4,1,11,.455,0,1
20251108,LAL,Nick Smith Jr.,23:27,3,1,2,8,.125,1,2
20251108,LAL,Bronny James,18:11,9,2,2,6,.667,1,1
20251108,LAL,Jaxson Hayes,16:49,4,3,0,4,.500,0,0
20251108,LAL,Maxi Kleber,14:27,1,2,1,1,.000,0,0
20251108,ATL,Dyson Daniels,36:04,10,8,13,8,.625,1,2
20251108,ATL,Keaton Wallace,35:45,14,2,7,15,.333,1,1
20251108,ATL,Mouhamed Gueye,34:13,21,7,7,12,.667,2,2
20251108,ATL,Onyeka Okongwu,32:04,12,8,4,14,.429,3,2
20251108,ATL,Zaccharie Risacher,27:06,19,1,4,14,.500,2,1
20251108,ATL,Asa Newell,26:39,17,5,0,12,.583,4,1
20251108,ATL,Vít Krejčí,24:04,17,3,1,13,.462,0,1
20251108,ATL,Caleb Houstan,19:19,8,2,1,3,.667,0,1
20251108,ATL,Jacob Toppin,3:04,4,1,0,2,1.000,0,0
20251108,ATL,N'Faly Dante,1:42,0,0,0,0,,0,0
20251108,CHI,Josh Giddey,32:50,15,9,6,18,.278,2,2
20251108,CHI,Isaac Okoro,32:33,19,4,3,7,.714,0,1
20251108,CHI,Tre Jones,30:03,17,6,4,9,.333,1,2
20251108,CHI,Nikola Vučević,29:26,9,5,4,11,.364,2,2
20251108,CHI,Matas Buzelis,17:35,4,4,0,6,.167,0,3
20251108,CHI,Kevin Huerter,28:34,15,3,3,10,.600,3,1
20251108,CHI,Patrick Williams,23:28,11,1,2,5,.600,0,0
20251108,CHI,Ayo Dosunmu,22:49,14,3,1,11,.455,0,1
20251108,CHI,Jalen Smith,18:34,18,11,4,6,1.000,0,1
20251108,CHI,Julian Phillips,4:08,0,3,0,1,.000,0,0
20251108,CLE,Donovan Mitchell,35:21,29,6,6,24,.417,1,2
20251108,CLE,Evan Mobley,33:37,24,8,5,14,.643,0,1
20251108,CLE,Jaylon Tyson,30:37,17,7,3,10,.600,2,0
20251108,CLE,De'Andre Hunter,29:57,29,4,2,16,.625,0,3
20251108,CLE,Jarrett Allen,24:37,11,3,2,8,.500,1,2
20251108,CLE,Sam Merrill,27:31,8,2,8,8,.375,0,1
20251108,CLE,Lonzo Ball,22:19,2,4,4,4,.250,0,0
20251108,CLE,Dean Wade,19:10,2,3,0,5,.200,2,0
20251108,CLE,Tyrese Proctor,12:38,6,2,1,5,.400,0,0
20251108,CLE,Craig Porter Jr.,4:14,0,0,1,0,,0,0
20251108,POR,Toumani Camara,39:13,13,7,1,17,.294,0,3
20251108,POR,Deni Avdija,36:33,33,11,8,21,.571,0,3
20251108,POR,Jrue Holiday,34:55,18,9,13,19,.316,4,3
20251108,POR,Shaedon Sharpe,28:14,21,9,1,19,.474,1,6
20251108,POR,Donovan Clingan,20:54,13,7,0,9,.667,2,0
20251108,POR,Jerami Grant,22:07,18,3,4,9,.556,1,4
20251108,POR,Kris Murray,21:40,6,3,1,8,.375,0,0
20251108,POR,Sidy Cissoko,17:18,3,2,0,4,.250,0,0
20251108,POR,Duop Reath,11:37,6,3,0,3,.667,0,1
20251108,POR,Robert Williams,7:29,0,3,1,0,,0,0
20251108,MIA,Andrew Wiggins,33:09,15,3,1,14,.357,2,1
20251108,MIA,Norman Powell,30:04,22,2,3,16,.438,2,1
20251108,MIA,Pelle Larsson,27:27,16,1,5,10,.700,0,1
20251108,MIA,Davion Mitchell,25:48,11,2,8,7,.571,5,1
20251108,MIA,Kel'el Ware,22:54,9,12,1,8,.500,1,2
20251108,MIA,Nikola Jović,31:22,29,9,6,16,.625,2,6
20251108,MIA,Jaime Jaquez Jr.,29:08,14,12,7,15,.400,1,1
20251108,MIA,Dru Smith,22:19,13,5,6,6,.667,4,1
20251108,MIA,Simone Fontecchio,17:49,7,1,0,4,.500,0,0
20251108,NOP,Trey Murphy III,38:08,41,9,3,22,.682,1,1
20251108,NOP,Herbert Jones,38:03,15,3,4,11,.545,3,1
20251108,NOP,Jeremiah Fears,31:25,18,3,3,17,.471,2,2
20251108,NOP,Saddiq Bey,29:54,10,2,4,11,.364,1,0
20251108,NOP,Kevon Looney,16:51,5,6,0,3,.333,0,1
20251108,NOP,Derik Queen,24:36,13,5,8,14,.357,0,4
20251108,NOP,Jordan Hawkins,18:02,5,0,0,6,.333,0,1
20251108,NOP,Micah Peavy,17:37,0,5,0,4,.000,0,0
20251108,NOP,Jose Alvarado,16:35,8,2,5,3,.667,0,0
20251108,NOP,Karlo Matković,8:49,4,5,0,3,.667,0,1
20251108,SAS,Stephon Castle,35:04,16,4,13,14,.429,1,2
20251108,SAS,Devin Vassell,32:57,16,2,0,13,.462,0,0
20251108,SAS,Victor Wembanyama,32:27,18,18,3,19,.421,1,5
20251108,SAS,De'Aaron Fox,30:31,24,3,3,14,.643,1,2
20251108,SAS,Harrison Barnes,27:57,15,2,0,8,.750,0,1
20251108,SAS,Julian Champagnie,25:38,14,1,2,7,.571,0,1
20251108,SAS,Jeremy Sochan,20:00,8,3,4,5,.800,1,1
20251108,SAS,Keldon Johnson,19:30,12,8,4,7,.571,2,0
20251108,SAS,Lindy Waters III,10:26,3,1,2,2,.500,0,0
20251108,SAS,Carter Bryant,5:30,0,1,0,1,.000,0,0
20251108,IND,Pascal Siakam,33:08,14,6,5,16,.313,0,2
20251108,IND,Andrew Nembhard,33:02,22,0,6,20,.350,0,3
20251108,IND,Aaron Nesmith,26:12,25,1,0,10,.700,4,1
20251108,IND,Jarace Walker,21:48,8,5,2,7,.429,0,1
20251108,IND,Isaiah Jackson,18:30,4,6,1,5,.200,3,0
20251108,IND,Ben Sheppard,22:45,5,2,0,8,.250,0,1
20251108,IND,Jeremiah Robinson-Earl,18:48,7,5,1,8,.375,1,1
20251108,IND,Tony Bradley,15:56,6,5,3,4,.750,0,1
20251108,IND,Jay Huff,15:21,4,6,1,5,.200,0,1
20251108,IND,Monte Morris,14:58,3,2,0,5,.200,1,0
20251108,IND,Cody Martin,14:24,2,3,0,2,.000,0,0
20251108,IND,RayJ Dennis,5:08,0,2,1,3,.000,0,0
20251108,DEN,Nikola Jokić,31:43,32,14,14,14,.714,1,8
20251108,DEN,Cameron Johnson,27:15,12,2,4,11,.455,2,0
20251108,DEN,Peyton Watson,27:13,16,7,1,13,.538,3,1
20251108,DEN,Christian Braun,26:58,8,5,2,8,.375,1,2
20251108,DEN,Jalen Pickett,17:32,2,1,0,4,.250,0,1
20251108,DEN,Bruce Brown,23:46,6,7,0,7,.429,1,1
20251108,DEN,Tim Hardaway Jr.,23:38,17,3,4,13,.462,0,1
20251108,DEN,Julian Strawther,21:37,12,6,2,10,.500,0,0
20251108,DEN,Spencer Jones,19:55,6,1,2,4,.500,0,0
20251108,DEN,Jonas Valančiūnas,13:55,6,5,3,6,.500,0,1
20251108,DEN,Zeke Nnaji,3:14,0,1,0,1,.000,0,1
20251108,DEN,Hunter Tyson,3:14,0,3,0,2,.000,0,0
20251108,PHO,Devin Booker,37:34,21,10,9,19,.421,0,5
20251108,PHO,Grayson Allen,31:12,14,0,3,12,.417,1,2
20251108,PHO,Mark Williams,28:35,19,6,0,9,.778,2,2
20251108,PHO,Dillon Brooks,27:43,16,2,3,6,.667,2,1
20251108,PHO,Jalen Green,6:48,2,1,1,3,.333,0,0
20251108,PHO,Royce O'Neale,28:49,12,7,5,8,.500,2,1
20251108,PHO,Collin Gillespie,26:30,13,6,4,13,.308,0,0
20251108,PHO,Ryan Dunn,19:43,6,4,1,5,.600,1,0
20251108,PHO,Nick Richards,15:16,4,5,0,3,.667,0,1
20251108,PHO,Jordan Goodwin,13:41,7,1,2,5,.400,1,0
20251108,PHO,Oso Ighodaro,4:09,0,0,2,0,,0,0
20251108,LAC,James Harden,40:37,13,0,13,15,.267,0,3
20251108,LAC,Ivica Zubac,35:07,21,15,4,12,.833,0,3
20251108,LAC,Kris Dunn,33:13,6,2,3,5,.600,2,2
20251108,LAC,Derrick Jones Jr.,27:12,7,0,1,7,.286,0,0
20251108,LAC,Bradley Beal,19:37,12,0,3,9,.444,1,1
20251108,LAC,John Collins,28:23,19,4,2,12,.667,1,0
20251108,LAC,Nicolas Batum,25:27,9,3,0,7,.429,1,2
20251108,LAC,Cam Christie,17:31,8,3,0,5,.600,0,0
20251108,LAC,Brook Lopez,12:53,8,0,0,5,.800,0,0
20251109,HOU,Alperen Şengün,39:40,23,11,7,15,.667,0,5
20251109,HOU,Amen Thompson,37:29,14,8,5,13,.462,3,3
20251109,HOU,Kevin Durant,37:21,31,3,7,15,.733,0,3
20251109,HOU,Jabari Smith Jr.,31:10,16,9,1,15,.333,0,2
20251109,HOU,Josh Okogie,17:05,0,1,1,3,.000,0,0
20251109,HOU,Reed Sheppard,29:12,16,0,2,10,.600,4,2
20251109,HOU,Steven Adams,22:18,12,6,1,7,.714,0,1
20251109,HOU,Tari Eason,18:56,6,8,0,8,.375,0,0
20251109,HOU,Clint Capela,6:49,4,4,0,4,.500,1,1
20251109,MIL,Giannis Antetokounmpo,35:38,37,8,3,25,.560,0,3
20251109,MIL,Myles Turner,33:43,13,6,1,11,.545,3,1
20251109,MIL,Ryan Rollins,30:07,19,2,5,12,.583,1,2
20251109,MIL,Gary Trent Jr.,29:27,9,2,1,6,.500,2,0
20251109,MIL,A.J. Green,26:26,3,1,4,5,.200,2,2
20251109,MIL,Kyle Kuzma,29:36,11,1,1,7,.571,0,0
20251109,MIL,Bobby Portis,23:33,11,1,4,4,1.000,3,1
20251109,MIL,Cole Anthony,17:53,12,5,6,9,.556,0,4
20251109,MIL,Amir Coffey,13:37,0,1,0,0,,0,0
20251109,OKC,Shai Gilgeous-Alexander,35:19,35,7,6,22,.500,2,1
20251109,OKC,Cason Wallace,34:12,6,4,1,10,.200,2,0
20251109,OKC,Ajay Mitchell,31:57,21,6,4,15,.533,3,0
20251109,OKC,Isaiah Hartenstein,30:17,18,13,2,11,.727,0,3
20251109,OKC,Chet Holmgren,30:08,21,7,2,14,.571,1,0
20251109,OKC,Isaiah Joe,21:22,8,2,0,10,.300,0,0
20251109,OKC,Alex Caruso,20:59,5,4,2,6,.167,1,2
20251109,OKC,Jaylin Williams,16:45,0,3,1,5,.000,0,0
20251109,OKC,Ousmane Dieng,7:09,0,1,0,1,.000,1,0
20251109,OKC,Brooks Barnhizer,7:02,0,4,1,1,.000,0,0
20251109,OKC,Chris Youngblood,4:50,0,0,0,0,,0,0
20251109,MEM,Ja Morant,33:37,11,3,8,18,.167,1,3
20251109,MEM,Jaren Jackson Jr.,28:36,17,7,2,16,.375,0,1
20251109,MEM,Jock Landale,27:35,10,5,3,7,.571,0,0
20251109,MEM,Kentavious Caldwell-Pope,23:09,9,4,3,8,.500,1,1
20251109,MEM,Jaylen Wells,22:53,12,1,2,10,.500,0,2
20251109,MEM,Santi Aldama,29:33,12,9,4,10,.500,1,4
20251109,MEM,Cedric Coward,28:53,13,10,4,12,.333,0,0
20251109,MEM,Cam Spencer,20:07,9,1,1,6,.333,0,1
20251109,MEM,Vince Williams Jr.,14:23,3,6,0,3,.333,0,1
20251109,MEM,John Konchar,8:56,3,3,3,1,1.000,0,1
20251109,MEM,GG Jackson II,0:58,1,1,0,0,,0,0
20251109,MEM,Olivier-Maxence Prosper,0:58,0,0,0,0,,0,0
20251109,MEM,PJ Hall,0:22,0,0,0,0,,0,0
20251109,BRK,Michael Porter Jr.,25:52,25,4,0,18,.500,1,2
20251109,BRK,Egor Dёmin,25:28,10,4,3,6,.667,0,3
20251109,BRK,Noah Clowney,22:27,4,1,2,9,.111,0,0
20251109,BRK,Nic Claxton,22:00,12,5,5,4,.750,0,2
20251109,BRK,Terance Mann,17:44,0,1,4,2,.000,0,1
20251109,BRK,Ziaire Williams,28:21,13,3,1,8,.625,1,2
20251109,BRK,Tyrese Martin,24:51,5,8,2,10,.200,0,2
20251109,BRK,Drake Powell,22:31,15,2,3,8,.625,1,3
20251109,BRK,Jalen Wilson,20:16,0,3,0,8,.000,1,2
20251109,BRK,Day'Ron Sharpe,12:11,10,6,1,3,1.000,1,2
20251109,BRK,Tyson Etienne,10:14,0,0,0,4,.000,0,0
20251109,BRK,E.J. Liddell,8:05,4,1,0,2,.500,0,0
20251109,NYK,Jalen Brunson,28:47,19,0,7,14,.429,0,4
20251109,NYK,Karl-Anthony Towns,28:20,28,12,2,17,.588,2,2
20251109,NYK,Mikal Bridges,27:41,16,1,5,8,.750,0,0
20251109,NYK,OG Anunoby,27:06,19,8,3,11,.545,1,1
20251109,NYK,Mitchell Robinson,16:36,8,8,0,4,1.000,2,0
20251109,NYK,Landry Shamet,21:18,8,1,3,5,.400,0,0
20251109,NYK,Josh Hart,21:06,11,7,2,7,.714,1,1
20251109,NYK,Jordan Clarkson,18:07,11,2,3,8,.625,2,1
20251109,NYK,Miles McBride,16:12,0,2,3,4,.000,1,2
20251109,NYK,Guerschon Yabusele,10:25,5,2,0,6,.167,0,0
20251109,NYK,Ariel Hukporti,8:05,2,2,0,1,1.000,0,3
20251109,NYK,Pacôme Dadiet,5:53,2,1,0,2,.000,0,0
20251109,NYK,Mohamed Diawara,5:13,5,0,0,2,1.000,0,0
20251109,NYK,Tyler Kolek,5:13,0,0,3,0,,0,0
20251109,BOS,Derrick White,36:26,21,3,4,18,.389,3,2
20251109,BOS,Jaylen Brown,33:36,27,5,1,24,.417,1,4
20251109,BOS,Payton Pritchard,33:02,5,5,5,8,.250,0,3
20251109,BOS,Neemias Queta,25:43,8,6,0,6,.500,0,1
20251109,BOS,Josh Minott,15:58,0,2,1,2,.000,1,0
20251109,BOS,Jordan Walsh,25:33,6,6,4,3,.667,2,0
20251109,BOS,Anfernee Simons,22:41,25,1,3,13,.615,0,2
20251109,BOS,Sam Hauser,17:23,0,4,0,2,.000,0,0
20251109,BOS,Luka Garza,17:02,16,8,3,8,.875,1,1
20251109,BOS,Hugo González,12:36,3,1,1,1,1.000,2,1
20251109,ORL,Franz Wagner,37:11,20,9,3,17,.294,2,2
20251109,ORL,Desmond Bane,35:20,9,5,6,9,.444,0,1
20251109,ORL,Paolo Banchero,34:38,28,6,4,16,.563,0,6
20251109,ORL,Wendell Carter Jr.,31:45,12,4,1,10,.400,1,3
20251109,ORL,Jalen Suggs,28:39,20,8,4,8,.750,3,3
20251109,ORL,Tristan Da Silva,22:58,12,5,0,9,.444,0,0
20251109,ORL,Anthony Black,19:45,4,3,0,6,.333,1,1
20251109,ORL,Goga Bitadze,14:53,2,2,1,2,.500,1,0
20251109,ORL,Tyus Jones,10:14,0,0,2,0,,0,1
20251109,ORL,Jonathan Isaac,4:27,0,0,0,1,.000,0,0
20251109,ORL,Noah Penda,0:10,0,0,0,0,,0,0
20251109,DET,Cade Cunningham,40:37,26,4,11,20,.450,1,5
20251109,DET,Jalen Duren,37:23,21,16,1,11,.727,2,3
20251109,DET,Ausar Thompson,33:54,14,5,4,10,.600,3,2
20251109,DET,Ron Holland,33:11,9,4,1,15,.200,2,1
20251109,DET,Duncan Robinson,30:00,17,1,1,11,.455,3,0
20251109,DET,Javonte Green,28:13,6,2,2,5,.400,1,2
20251109,DET,Caris LeVert,20:29,14,0,3,6,.667,0,1
20251109,DET,Paul Reed,10:37,4,5,0,3,.667,0,0
20251109,DET,Bobi Klintman,5:36,0,0,0,1,.000,0,1
20251109,PHI,Tyrese Maxey,38:08,33,4,7,26,.385,2,3
20251109,PHI,Kelly Oubre Jr.,36:19,13,5,3,13,.385,0,3
20251109,PHI,Andre Drummond,34:34,17,12,2,9,.667,1,0
20251109,PHI,VJ Edgecombe,31:41,11,6,2,9,.333,1,5
20251109,PHI,Trendon Watford,24:50,7,3,2,8,.375,1,2
20251109,PHI,Quentin Grimes,29:42,13,5,4,8,.500,1,3
20251109,PHI,Jabari Walker,17:30,12,5,0,6,.833,0,2
20251109,PHI,Adem Bona,12:29,2,4,0,1,.000,1,0
20251109,PHI,Jared McCain,8:51,0,0,1,3,.000,1,0
20251109,PHI,Eric Gordon,5:56,0,0,1,1,.000,0,1
20251109,IND,Jarace Walker,31:33,12,2,0,14,.286,0,6
20251109,IND,Andrew Nembhard,29:44,14,2,9,16,.313,2,2
20251109,IND,Ben Sheppard,26:54,3,4,0,10,.100,0,0
20251109,IND,Jay Huff,21:38,12,11,2,11,.455,0,1
20251109,IND,Isaiah Jackson,21:01,12,6,1,9,.667,0,2
20251109,IND,Jeremiah Robinson-Earl,32:02,9,12,1,11,.273,2,1
20251109,IND,Cody Martin,27:40,2,6,2,5,.200,3,4
20251109,IND,Monte Morris,20:18,8,2,4,5,.600,0,0
20251109,IND,Tony Bradley,16:18,6,6,1,6,.333,0,0
20251109,IND,RayJ Dennis,6:26,5,1,0,4,.500,0,3
20251109,IND,Taelon Peter,6:26,0,1,1,3,.000,0,1
20251109,GSW,Brandin Podziemski,31:40,14,6,1,11,.364,2,2
20251109,GSW,Jimmy Butler,30:06,21,9,7,15,.667,2,1
20251109,GSW,Draymond Green,24:39,3,2,3,3,.333,0,4
20251109,GSW,Quinten Post,24:03,14,8,2,10,.400,1,0
20251109,GSW,Jonathan Kuminga,20:22,5,8,2,9,.111,0,1
20251109,GSW,Moses Moody,22:59,13,3,1,11,.364,2,0
20251109,GSW,Buddy Hield,19:46,8,4,2,7,.429,1,0
20251109,GSW,Will Richard,19:29,15,3,1,8,.500,1,0
20251109,GSW,Al Horford,18:02,12,4,1,6,.667,0,2
20251109,GSW,Pat Spencer,16:11,2,0,2,3,.000,1,0
20251109,GSW,Trayce Jackson-Davis,5:00,4,0,0,2,1.000,0,0
20251109,GSW,Gui Santos,3:52,3,2,0,3,.333,0,0
20251109,GSW,Gary Payton II,3:52,0,1,0,0,,1,0
20251109,MIN,Rudy Gobert,33:46,19,12,1,10,.900,1,1
20251109,MIN,Anthony Edwards,29:39,26,4,5,16,.438,2,2
20251109,MIN,Donte DiVincenzo,28:21,8,4,4,7,.286,2,0
20251109,MIN,Julius Randle,26:28,19,6,4,16,.500,1,1
20251109,MIN,Jaden McDaniels,26:10,21,5,3,10,.800,0,2
20251109,MIN,Naz Reid,25:14,13,4,2,14,.357,2,1
20251109,MIN,Mike Conley,17:33,6,3,3,3,.667,1,0
20251109,MIN,Rob Dillingham,15:36,11,0,3,8,.375,0,2
20251109,MIN,Jaylen Clark,15:27,11,2,1,4,.750,0,1
20251109,MIN,Bones Hyland,6:18,4,1,0,3,.667,1,0
20251109,MIN,Joan Beringer,5:36,2,0,0,1,1.000,1,0
20251109,MIN,Johnny Juzang,4:56,2,2,1,3,.333,0,0
20251109,MIN,Leonard Miller,4:56,2,1,1,2,.500,0,0
20251109,SAC,Domantas Sabonis,29:50,20,13,3,17,.294,1,3
20251109,SAC,Zach LaVine,29:36,26,4,2,17,.588,1,1
20251109,SAC,Precious Achiuwa,29:13,12,10,0,7,.714,0,1
20251109,SAC,DeMar DeRozan,28:57,22,3,2,11,.636,1,2
20251109,SAC,Dennis Schröder,28:29,3,3,2,6,.167,1,1
20251109,SAC,Nique Clifford,22:39,10,5,5,7,.571,1,3
20251109,SAC,Malik Monk,19:36,2,0,5,7,.143,0,0
20251109,SAC,Russell Westbrook,15:54,6,0,1,7,.286,1,2
20251109,SAC,Drew Eubanks,13:23,6,1,1,4,.500,1,1
20251109,SAC,Keon Ellis,12:00,5,3,2,4,.250,0,0
20251109,SAC,Devin Carter,5:36,0,1,2,1,.000,1,2
20251109,SAC,Maxime Raynaud,4:47,5,0,0,2,1.000,0,0
20251110,LAL,Luka Dončić,38:25,38,6,7,28,.500,1,2
20251110,LAL,Marcus Smart,36:35,13,4,5,9,.444,7,3
20251110,LAL,Rui Hachimura,35:36,21,3,2,12,.750,1,1
20251110,LAL,Deandre Ayton,32:57,14,6,0,10,.700,0,3
20251110,LAL,Austin Reaves,29:25,24,5,7,17,.412,2,1
20251110,LAL,Jake LaRavia,24:52,6,1,3,8,.250,1,0
20251110,LAL,Jarred Vanderbilt,16:10,0,1,1,0,,0,1
20251110,LAL,Jaxson Hayes,14:53,2,5,0,2,.500,0,0
20251110,LAL,Dalton Knecht,11:07,3,5,0,4,.250,0,0
20251110,CHO,Miles Bridges,40:01,34,8,5,19,.579,1,2
20251110,CHO,Kon Knueppel,38:04,19,10,9,11,.545,1,3
20251110,CHO,Collin Sexton,25:33,13,0,3,9,.444,1,4
20251110,CHO,Sion James,24:34,7,1,1,5,.400,0,2
20251110,CHO,Ryan Kalkbrenner,19:16,9,4,0,4,.750,0,4
20251110,CHO,Moussa Diabaté,28:44,8,3,1,4,1.000,2,0
20251110,CHO,KJ Simpson,20:06,8,3,4,6,.500,0,3
20251110,CHO,Tre Mann,18:04,6,2,5,6,.333,0,2
20251110,CHO,Liam McNeeley,17:39,7,1,0,7,.286,0,1
20251110,CHO,Pat Connaughton,7:59,0,5,0,0,,1,1
20251110,WAS,CJ McCollum,42:51,42,6,4,25,.560,1,4
20251110,WAS,Alex Sarr,37:19,15,15,2,16,.438,1,3
20251110,WAS,Kyshawn George,29:14,14,4,6,10,.500,0,3
20251110,WAS,Khris Middleton,26:28,6,3,2,10,.300,3,2
20251110,WAS,Tre Johnson,23:15,10,4,3,7,.571,0,1
20251110,WAS,Bub Carrington,34:45,11,7,5,7,.571,0,3
20251110,WAS,Cam Whitmore,29:19,20,2,1,11,.545,2,1
20251110,WAS,Corey Kispert,22:52,8,3,2,3,1.000,0,0
20251110,WAS,Marvin Bagley III,15:39,9,2,1,6,.667,3,3
20251110,WAS,Justin Champagnie,2:51,0,0,0,0,,0,0
20251110,WAS,Malaki Branham,0:27,0,0,0,0,,0,0
20251110,DET,Cade Cunningham,44:35,46,12,11,45,.311,5,2
20251110,DET,Jalen Duren,39:49,19,14,3,10,.600,2,5
20251110,DET,Javonte Green,38:02,11,11,3,11,.364,1,2
20251110,DET,Duncan Robinson,37:50,13,3,2,11,.455,1,0
20251110,DET,Ron Holland,23:39,5,1,1,4,.250,1,2
20251110,DET,Daniss Jenkins,33:59,24,8,3,17,.529,4,2
20251110,DET,Chaz Lanier,26:31,8,3,2,7,.429,1,0
20251110,DET,Paul Reed,13:29,8,9,0,5,.800,1,0
20251110,DET,Bobi Klintman,7:06,3,2,2,4,.250,0,1
20251110,POR,Jrue Holiday,35:39,13,7,7,14,.429,2,3
20251110,POR,Deni Avdija,35:07,27,5,5,18,.389,0,2
20251110,POR,Toumani Camara,33:51,8,5,3,9,.333,1,1
20251110,POR,Donovan Clingan,29:16,2,9,0,5,.200,0,0
20251110,POR,Shaedon Sharpe,28:40,31,3,1,18,.667,0,1
20251110,POR,Jerami Grant,30:46,17,1,4,17,.353,0,1
20251110,POR,Kris Murray,18:33,3,2,1,4,.250,1,0
20251110,POR,Robert Williams,14:27,7,4,0,4,.750,1,0
20251110,POR,Sidy Cissoko,9:51,4,2,1,1,1.000,0,0
20251110,POR,Duop Reath,3:50,0,0,0,0,,0,0
20251110,ORL,Franz Wagner,36:26,19,9,6,10,.500,1,2
20251110,ORL,Paolo Banchero,34:49,28,9,3,18,.556,1,2
20251110,ORL,Desmond Bane,33:12,22,3,7,19,.474,0,3
20251110,ORL,Anthony Black,32:25,8,4,2,8,.250,1,2
20251110,ORL,Wendell Carter Jr.,29:41,19,9,5,12,.667,0,4
20251110,ORL,Jett Howard,19:08,3,2,2,5,.200,0,0
20251110,ORL,Goga Bitadze,17:48,7,5,1,3,.333,1,0
20251110,ORL,Tristan Da Silva,17:14,2,3,0,6,.167,0,0
20251110,ORL,Jonathan Isaac,13:44,7,6,0,5,.400,2,0
20251110,ORL,Tyus Jones,5:33,0,0,0,1,.000,0,0
20251110,CLE,Donovan Mitchell,40:55,28,15,8,28,.357,1,1
20251110,CLE,Evan Mobley,38:43,21,10,5,15,.533,0,2
20251110,CLE,De'Andre Hunter,35:16,23,4,4,19,.474,1,1
20251110,CLE,Jarrett Allen,20:53,14,7,2,9,.667,0,3
20251110,CLE,Darius Garland,18:57,11,5,2,9,.222,2,0
20251110,CLE,Sam Merrill,32:38,12,2,2,16,.250,0,0
20251110,CLE,Jaylon Tyson,31:05,9,9,1,10,.300,3,0
20251110,CLE,Dean Wade,21:37,9,3,0,5,.600,0,0
20251110,CLE,Lonzo Ball,19:31,9,4,2,7,.429,1,0
20251110,CLE,Craig Porter Jr.,5:25,2,1,0,2,.500,0,0
20251110,MIA,Norman Powell,38:34,33,2,2,19,.421,1,1
20251110,MIA,Davion Mitchell,38:12,11,2,8,9,.444,1,5
20251110,MIA,Andrew Wiggins,37:26,23,2,5,13,.615,1,2
20251110,MIA,Kel'el Ware,33:38,14,20,1,14,.500,1,0
20251110,MIA,Pelle Larsson,26:29,10,5,4,8,.500,0,3
20251110,MIA,Jaime Jaquez Jr.,33:20,22,13,7,12,.583,1,2
20251110,MIA,Nikola Jović,26:18,8,8,4,10,.300,0,1
20251110,MIA,Simone Fontecchio,16:15,13,4,0,9,.444,0,0
20251110,MIA,Dru Smith,14:48,6,0,1,4,.250,0,0
20251110,SAS,De'Aaron Fox,36:48,21,4,5,14,.571,0,6
20251110,SAS,Victor Wembanyama,35:55,38,12,5,19,.579,1,3
20251110,SAS,Stephon Castle,31:46,19,5,11,18,.444,3,1
20251110,SAS,Harrison Barnes,27:56,7,3,2,4,.500,1,1
20251110,SAS,Devin Vassell,21:11,4,4,0,4,.500,0,0
20251110,SAS,Julian Champagnie,22:16,0,2,1,5,.000,3,3
20251110,SAS,Luke Kornet,20:08,16,7,2,6,1.000,0,0
20251110,SAS,Keldon Johnson,19:19,10,7,1,9,.556,1,1
20251110,SAS,Jeremy Sochan,10:09,1,1,0,1,.000,1,0
20251110,SAS,Lindy Waters III,7:02,3,1,1,3,.333,0,0
20251110,SAS,Carter Bryant,3:45,2,1,0,3,.333,0,0
20251110,SAS,Kelly Olynyk,3:45,0,0,2,0,,0,0
20251110,CHI,Kevin Huerter,33:29,23,5,5,14,.571,0,1
20251110,CHI,Tre Jones,33:13,20,7,7,15,.533,2,1
20251110,CHI,Nikola Vučević,28:36,11,8,6,14,.286,0,1
20251110,CHI,Matas Buzelis,24:45,15,5,0,9,.556,1,1
20251110,CHI,Isaac Okoro,20:49,2,2,3,5,.000,0,2
20251110,CHI,Ayo Dosunmu,33:00,20,2,5,12,.500,2,1
20251110,CHI,Patrick Williams,25:15,5,2,0,6,.333,4,3
20251110,CHI,Jalen Smith,21:21,11,12,2,13,.385,0,1
20251110,CHI,Julian Phillips,9:03,0,1,0,1,.000,1,1
20251110,CHI,Jevon Carter,8:03,6,1,1,3,.667,0,0
20251110,CHI,Dalen Terry,2:26,4,0,0,1,1.000,0,0
20251110,MIL,Giannis Antetokounmpo,37:23,30,8,6,18,.611,1,5
20251110,MIL,Ryan Rollins,32:43,13,4,8,13,.385,2,1
20251110,MIL,Myles Turner,27:52,14,7,2,12,.250,1,1
20251110,MIL,A.J. Green,27:10,13,5,2,9,.444,1,0
20251110,MIL,Gary Trent Jr.,26:56,3,2,1,4,.250,1,1
20251110,MIL,Kyle Kuzma,31:37,26,5,2,17,.588,1,0
20251110,MIL,Bobby Portis,27:19,13,7,0,8,.625,0,0
20251110,MIL,Cole Anthony,16:45,4,5,3,7,.286,1,4
20251110,MIL,Amir Coffey,10:10,0,1,0,2,.000,0,0
20251110,MIL,Gary Harris,2:05,0,0,0,1,.000,1,1
20251110,DAL,Cooper Flagg,34:45,26,9,4,15,.600,2,1
20251110,DAL,Brandon Williams,33:10,19,6,3,12,.333,1,4
20251110,DAL,Max Christie,30:24,13,5,3,12,.417,0,1
20251110,DAL,Daniel Gafford,23:23,7,8,3,8,.250,1,1
20251110,DAL,P.J. Washington,22:28,16,7,1,11,.364,1,3
20251110,DAL,Naji Marshall,25:09,9,5,3,8,.500,1,1
20251110,DAL,Moussa Cisse,19:41,7,4,0,4,.750,0,0
20251110,DAL,Klay Thompson,16:45,6,2,3,7,.286,0,0
20251110,DAL,D'Angelo Russell,16:17,7,3,3,6,.333,1,1
20251110,DAL,Caleb Martin,9:25,2,2,2,2,.500,1,0
20251110,DAL,Jaden Hardy,4:35,2,1,0,3,.333,0,2
20251110,DAL,Dwight Powell,3:58,0,0,0,1,.000,0,0
20251110,NOP,Trey Murphy III,32:53,21,10,4,14,.429,2,6
20251110,NOP,Jeremiah Fears,30:41,15,2,1,13,.308,2,5
20251110,NOP,Saddiq Bey,29:05,15,7,0,14,.429,1,0
20251110,NOP,Herbert Jones,28:33,7,2,4,7,.429,1,1
20251110,NOP,Kevon Looney,16:19,2,6,2,4,.250,1,0
20251110,NOP,Derik Queen,24:58,12,6,1,10,.500,2,3
20251110,NOP,Jose Alvarado,23:22,8,3,4,6,.333,2,1
20251110,NOP,Karlo Matković,16:43,11,2,2,5,.800,0,0
20251110,NOP,Micah Peavy,16:09,4,1,0,5,.400,0,1
20251110,NOP,Jordan Hawkins,16:00,1,1,0,3,.000,0,1
20251110,NOP,Bryce McGowens,5:17,2,0,0,2,.500,1,1
20251110,PHO,Grayson Allen,27:31,42,2,4,17,.706,3,1
20251110,PHO,Devin Booker,26:35,19,0,3,13,.615,1,3
20251110,PHO,Dillon Brooks,25:37,18,5,0,13,.308,1,3
20251110,PHO,Royce O'Neale,23:06,14,5,2,9,.556,1,1
20251110,PHO,Mark Williams,20:14,2,7,1,1,.000,1,0
20251110,PHO,Ryan Dunn,23:34,2,4,3,3,.333,0,3
20251110,PHO,Jordan Goodwin,23:08,4,5,4,6,.333,3,1
20251110,PHO,Oso Ighodaro,19:10,2,5,4,2,.500,0,2
20251110,PHO,Collin Gillespie,13:23,6,1,5,5,.400,1,2
20251110,PHO,Isaiah Livers,11:15,3,1,2,2,.500,0,0
20251110,PHO,Rasheer Fleming,8:40,5,0,0,3,.667,0,0
20251110,PHO,Nick Richards,8:23,2,5,1,0,,0,0
20251110,PHO,Nigel Hayes-Davis,4:56,2,1,0,3,.333,1,0
20251110,PHO,Khaman Maluach,4:28,0,2,0,1,.000,0,2
20251110,MIN,Anthony Edwards,38:00,35,6,6,25,.520,0,1
20251110,MIN,Donte DiVincenzo,37:28,14,1,2,11,.364,1,1
20251110,MIN,Jaden McDaniels,34:49,16,6,3,13,.462,2,1
20251110,MIN,Julius Randle,34:08,27,8,7,16,.438,3,2
20251110,MIN,Rudy Gobert,33:35,14,12,1,8,.875,0,2
20251110,MIN,Naz Reid,28:02,7,5,3,10,.300,1,0
20251110,MIN,Mike Conley,17:33,5,2,2,3,.333,0,2
20251110,MIN,Jaylen Clark,12:35,2,1,0,2,.500,1,1
20251110,MIN,Rob Dillingham,3:50,0,1,1,1,.000,0,0
20251110,UTA,Keyonte George,36:03,27,6,6,18,.500,0,3
20251110,UTA,Lauri Markkanen,34:47,21,8,3,15,.400,1,1
20251110,UTA,Svi Mykhailiuk,28:20,11,3,2,13,.308,0,1
20251110,UTA,Ace Bailey,27:32,10,7,2,9,.444,3,2
20251110,UTA,Jusuf Nurkić,25:23,6,10,3,11,.182,1,1
20251110,UTA,Kyle Filipowski,26:29,7,3,3,6,.333,0,2
20251110,UTA,Walter Clayton,17:46,6,3,2,8,.250,0,1
20251110,UTA,Kevin Love,16:42,10,3,1,6,.500,0,1
20251110,UTA,Isaiah Collier,15:47,5,3,7,3,.667,0,2
20251110,UTA,Brice Sensabaugh,11:11,10,4,1,6,.667,0,1
20251110,ATL,Dyson Daniels,38:39,6,3,8,9,.333,3,4
20251110,ATL,Jalen Johnson,34:45,16,10,8,16,.438,1,1
20251110,ATL,Zaccharie Risacher,31:00,11,5,0,11,.364,1,2
20251110,ATL,Kristaps Porziņģis,26:22,20,3,4,12,.417,0,0
20251110,ATL,Keaton Wallace,24:18,5,4,1,3,.667,0,1
20251110,ATL,Vít Krejčí,30:00,28,3,2,13,.692,0,0
20251110,ATL,Onyeka Okongwu,26:25,10,6,3,10,.400,0,1
20251110,ATL,Luke Kennard,20:04,7,4,2,9,.333,1,1
20251110,ATL,Mouhamed Gueye,8:28,2,3,2,1,1.000,1,1
20251110,LAC,James Harden,38:45,35,10,11,23,.522,0,6
20251110,LAC,Kris Dunn,36:24,11,2,0,10,.500,2,0
20251110,LAC,Derrick Jones Jr.,33:18,11,2,2,8,.375,2,0
20251110,LAC,John Collins,31:22,9,7,0,11,.273,1,0
20251110,LAC,Ivica Zubac,30:07,13,12,1,10,.600,0,2
20251110,LAC,Nicolas Batum,19:33,2,4,0,5,.200,1,0
20251110,LAC,Cam Christie,18:22,3,3,3,7,.143,1,0
20251110,LAC,Brook Lopez,16:37,9,0,2,5,.400,0,3
20251110,LAC,Kobe Brown,15:32,9,2,0,3,1.000,0,0
20251111,TOR,Brandon Ingram,32:42,25,5,4,17,.471,1,0
20251111,TOR,Immanuel Quickley,31:40,24,8,5,17,.588,2,1
20251111,TOR,Scottie Barnes,30:38,15,11,5,9,.667,1,2
20251111,TOR,Jakob Poeltl,29:36,12,10,2,6,.833,1,0
20251111,TOR,RJ Barrett,28:31,13,4,6,21,.286,0,1
20251111,TOR,Gradey Dick,19:47,6,3,2,7,.429,0,1
20251111,TOR,Collin Murray-Boyles,19:36,9,4,1,2,1.000,0,0
20251111,TOR,Jamal Shead,17:47,6,1,5,4,.500,0,2
20251111,TOR,Ja'Kobe Walter,15:08,6,1,0,6,.333,0,1
20251111,TOR,Jamison Battle,13:06,3,3,1,2,.500,0,0
20251111,TOR,Jonathan Mogbo,1:29,0,0,0,0,,0,0
20251111,BRK,Michael Porter Jr.,35:41,21,6,3,14,.357,0,3
20251111,BRK,Nic Claxton,35:28,21,8,4,14,.571,2,2
20251111,BRK,Noah Clowney,34:42,18,8,3,9,.444,2,4
20251111,BRK,Terance Mann,32:28,9,3,4,8,.375,0,1
20251111,BRK,Egor Dёmin,27:31,16,4,5,11,.455,1,1
20251111,BRK,Drake Powell,21:31,6,1,3,6,.333,2,1
20251111,BRK,Ziaire Williams,17:00,2,2,0,8,.000,0,0
20251111,BRK,Jalen Wilson,15:35,9,1,0,7,.429,0,0
20251111,BRK,Tyrese Martin,13:34,0,1,1,1,.000,0,0
20251111,BRK,Tyson Etienne,2:10,3,0,0,2,.500,0,0
20251111,BRK,Ben Saraf,2:10,2,1,1,1,1.000,0,0
20251111,BRK,Danny Wolf,2:10,2,1,0,0,,0,0
20251111,MEM,Ja Morant,33:32,16,3,10,14,.286,0,8
20251111,MEM,Jaren Jackson Jr.,29:40,19,6,3,14,.500,0,5
20251111,MEM,Jaylen Wells,29:09,18,3,4,11,.636,2,1
20251111,MEM,Jock Landale,25:51,8,8,1,7,.571,0,1
20251111,MEM,Kentavious Caldwell-Pope,15:12,4,2,0,3,.667,2,0
20251111,MEM,Cedric Coward,30:11,11,3,5,10,.300,2,2
20251111,MEM,Santi Aldama,30:09,19,7,3,10,.800,0,0
20251111,MEM,Vince Williams Jr.,24:17,14,9,6,7,.571,0,5
20251111,MEM,Cam Spencer,18:47,11,2,4,8,.500,1,0
20251111,MEM,John Konchar,3:12,0,1,0,0,,0,0
20251111,NYK,Mikal Bridges,38:03,22,7,5,17,.471,4,0
20251111,NYK,Jalen Brunson,36:08,32,5,10,19,.579,0,6
20251111,NYK,OG Anunoby,35:34,16,4,3,17,.412,2,4
20251111,NYK,Karl-Anthony Towns,31:40,21,13,4,17,.412,3,2
20251111,NYK,Landry Shamet,20:52,10,1,0,5,.600,1,0
20251111,NYK,Josh Hart,30:19,8,4,8,7,.286,2,1
20251111,NYK,Jordan Clarkson,16:46,13,3,2,7,.714,0,1
20251111,NYK,Miles McBride,15:39,9,1,2,6,.500,0,0
20251111,NYK,Guerschon Yabusele,14:59,2,6,1,3,.333,0,0
20251111,GSW,Jonathan Kuminga,23:43,13,3,4,9,.667,0,5
20251111,GSW,Jimmy Butler,22:10,12,3,2,3,.667,3,1
20251111,GSW,Draymond Green,21:55,3,2,4,4,.250,1,3
20251111,GSW,Stephen Curry,19:59,11,1,0,13,.308,1,1
20251111,GSW,Quinten Post,16:35,6,3,2,6,.333,0,1
20251111,GSW,Trayce Jackson-Davis,22:20,6,6,1,4,.500,0,6
20251111,GSW,Will Richard,22:01,9,0,1,6,.500,1,0
20251111,GSW,Brandin Podziemski,20:34,10,4,1,6,.500,3,0
20251111,GSW,Moses Moody,20:06,10,0,0,6,.500,1,1
20251111,GSW,Gary Payton II,14:58,2,6,3,3,.333,2,0
20251111,GSW,Pat Spencer,12:00,12,1,1,8,.375,1,0
20251111,GSW,Gui Santos,12:00,4,3,0,3,.667,1,0
20251111,GSW,Buddy Hield,11:40,4,0,4,3,.333,2,2
20251111,OKC,Ajay Mitchell,30:54,17,3,2,13,.462,1,1
20251111,OKC,Shai Gilgeous-Alexander,28:29,28,5,11,19,.474,3,2
20251111,OKC,Chet Holmgren,24:39,23,11,2,9,1.000,0,2
20251111,OKC,Cason Wallace,20:45,3,1,2,5,.200,0,1
20251111,OKC,Isaiah Hartenstein,19:33,8,7,2,5,.800,0,3
20251111,OKC,Jaylin Williams,30:03,12,6,5,7,.571,1,2
20251111,OKC,Isaiah Joe,29:07,18,1,1,11,.364,0,3
20251111,OKC,Ousmane Dieng,20:15,5,1,0,5,.200,0,2
20251111,OKC,Brooks Barnhizer,15:36,4,3,0,2,.500,1,0
20251111,OKC,Alex Caruso,15:16,8,2,3,6,.500,5,3
20251111,OKC,Chris Youngblood,5:24,0,0,1,1,.000,1,0
20251111,BOS,Jaylen Brown,35:10,24,6,5,18,.444,0,2
20251111,BOS,Derrick White,35:01,18,5,7,20,.350,0,2
20251111,BOS,Payton Pritchard,31:23,5,3,3,9,.222,1,1
20251111,BOS,Neemias Queta,28:40,8,10,2,8,.500,0,2
20251111,BOS,Josh Minott,8:16,3,1,0,1,1.000,0,0
20251111,BOS,Jordan Walsh,29:18,8,7,1,7,.429,2,0
20251111,BOS,Anfernee Simons,25:57,17,4,5,15,.333,0,2
20251111,BOS,Sam Hauser,21:08,3,7,0,5,.200,0,0
20251111,BOS,Luka Garza,19:20,9,8,0,7,.429,0,0
20251111,BOS,Hugo González,5:47,5,2,0,2,1.000,1,1
20251111,PHI,VJ Edgecombe,34:39,6,3,3,11,.182,0,0
20251111,PHI,Tyrese Maxey,33:39,21,5,9,17,.294,1,0
20251111,PHI,Andre Drummond,33:20,14,13,0,11,.545,0,0
20251111,PHI,Kelly Oubre Jr.,30:49,12,7,0,11,.455,0,2
20251111,PHI,Trendon Watford,21:23,7,2,1,10,.300,0,1
20251111,PHI,Quentin Grimes,27:50,18,6,4,10,.600,0,4
20251111,PHI,Justin Edwards,26:39,22,3,3,9,.889,1,1
20251111,PHI,Adem Bona,14:33,2,4,0,1,1.000,0,0
20251111,PHI,Jabari Walker,10:21,0,0,3,2,.000,0,0
20251111,PHI,Jared McCain,6:48,0,1,1,2,.000,0,1
20251111,IND,Pascal Siakam,35:05,27,5,4,16,.563,0,2
20251111,IND,Aaron Nesmith,31:53,17,4,7,14,.357,1,0
20251111,IND,Andrew Nembhard,29:31,25,2,7,15,.600,0,1
20251111,IND,Jeremiah Robinson-Earl,21:45,6,4,3,4,.500,1,0
20251111,IND,Tony Bradley,19:38,8,1,2,6,.667,0,0
20251111,IND,Isaiah Jackson,22:37,12,10,2,9,.667,2,1
20251111,IND,Jarace Walker,22:07,11,1,0,8,.125,1,3
20251111,IND,Ben Sheppard,17:02,4,2,0,5,.400,1,0
20251111,IND,Monte Morris,12:23,2,1,3,5,.200,0,1
20251111,IND,T.J. McConnell,11:26,12,1,1,12,.500,0,0
20251111,IND,Jay Huff,11:08,3,3,0,5,.200,0,0
20251111,IND,Cody Martin,5:25,1,1,0,0,,0,0
20251111,UTA,Lauri Markkanen,34:34,35,3,2,19,.684,0,0
20251111,UTA,Jusuf Nurkić,30:44,11,11,4,6,.500,0,3
20251111,UTA,Svi Mykhailiuk,27:17,20,4,4,10,.800,0,1
20251111,UTA,Keyonte George,26:44,10,5,7,12,.250,0,3
20251111,UTA,Ace Bailey,25:35,20,4,1,13,.538,0,1
20251111,UTA,Isaiah Collier,26:55,14,6,11,6,.833,0,2
20251111,UTA,Kyle Filipowski,20:12,16,7,3,8,.500,0,1
20251111,UTA,Cody Williams,18:38,2,1,2,4,.250,1,0
20251111,UTA,Brice Sensabaugh,15:58,16,4,1,11,.545,2,1
20251111,UTA,Walter Clayton,12:09,8,0,3,3,.333,0,2
20251111,UTA,Elijah Harkless,1:14,0,0,0,0,,0,0
20251111,DEN,Jamal Murray,37:08,23,3,8,15,.467,0,3
20251111,DEN,Nikola Jokić,32:47,35,15,7,19,.842,2,3
20251111,DEN,Aaron Gordon,30:09,17,7,3,11,.455,0,2
20251111,DEN,Christian Braun,29:42,12,1,1,7,.571,1,0
20251111,DEN,Cameron Johnson,22:17,5,2,2,6,.333,0,1
20251111,DEN,Bruce Brown,27:17,14,7,1,8,.625,2,0
20251111,DEN,Tim Hardaway Jr.,24:06,6,2,1,8,.250,0,0
20251111,DEN,Peyton Watson,18:17,0,3,0,3,.000,1,1
20251111,DEN,Jonas Valančiūnas,15:13,10,7,1,8,.375,0,2
20251111,DEN,Julian Strawther,3:04,0,1,0,1,.000,0,0
20251111,SAC,Zach LaVine,34:33,12,4,3,12,.417,0,1
20251111,SAC,DeMar DeRozan,30:59,18,1,2,15,.467,1,0
20251111,SAC,Domantas Sabonis,25:36,19,8,4,12,.667,0,0
20251111,SAC,Dennis Schröder,20:50,0,0,3,3,.000,0,3
20251111,SAC,Precious Achiuwa,17:58,6,3,3,5,.600,1,1
20251111,SAC,Russell Westbrook,31:02,14,8,11,12,.250,0,2
20251111,SAC,Malik Monk,28:29,12,1,2,12,.417,1,1
20251111,SAC,Drew Eubanks,22:15,19,7,1,9,.889,0,1
20251111,SAC,Keon Ellis,14:21,3,0,0,1,1.000,1,0
20251111,SAC,Nique Clifford,13:57,5,3,2,4,.250,0,1
20251112,MIL,Ryan Rollins,31:46,25,5,6,15,.667,1,2
20251112,MIL,Kyle Kuzma,29:44,8,3,4,12,.250,1,1
20251112,MIL,Gary Trent Jr.,29:17,2,0,4,5,.200,1,1
20251112,MIL,Myles Turner,28:51,21,3,2,14,.500,2,1
20251112,MIL,A.J. Green,26:51,3,3,2,4,.250,0,0
20251112,MIL,Bobby Portis,23:11,14,8,1,12,.583,0,2
20251112,MIL,Jericho Sims,17:59,2,7,2,2,.500,0,1
20251112,MIL,Cole Anthony,15:00,4,2,3,12,.167,0,0
20251112,MIL,Amir Coffey,11:38,2,1,0,3,.333,0,0
20251112,MIL,Mark Sears,5:52,7,0,1,3,.667,0,1
20251112,MIL,Gary Harris,5:41,0,0,1,0,,1,0
20251112,MIL,Andre Jackson Jr.,5:41,0,1,3,0,,0,0
20251112,MIL,Pete Nance,4:19,10,1,0,5,.800,0,0
20251112,MIL,Thanasis Antetokounmpo,4:10,2,0,0,1,1.000,0,0
20251112,CHO,Kon Knueppel,34:18,16,6,1,13,.385,0,3
20251112,CHO,Miles Bridges,32:48,20,6,6,19,.368,1,3
20251112,CHO,Collin Sexton,31:32,16,5,8,14,.357,2,3
20251112,CHO,Sion James,29:45,4,2,1,5,.200,0,0
20251112,CHO,Ryan Kalkbrenner,26:31,17,9,0,8,1.000,1,0
20251112,CHO,Tre Mann,25:25,13,1,3,10,.500,0,3
20251112,CHO,Moussa Diabaté,23:10,7,13,2,3,.333,1,1
20251112,CHO,Liam McNeeley,11:55,5,3,2,4,.250,0,0
20251112,CHO,Pat Connaughton,11:16,11,2,2,6,.667,0,0
20251112,CHO,KJ Simpson,9:01,2,2,2,4,.250,0,0
20251112,CHO,Mason Plumlee,4:19,0,1,0,0,,0,0
20251112,CHI,Matas Buzelis,33:57,21,14,2,14,.500,0,4
20251112,CHI,Isaac Okoro,31:44,15,4,2,7,.714,0,1
20251112,CHI,Tre Jones,30:18,11,2,5,6,.500,3,2
20251112,CHI,Kevin Huerter,27:12,20,2,2,17,.588,2,2
20251112,CHI,Nikola Vučević,25:29,6,6,3,10,.300,0,3
20251112,CHI,Patrick Williams,23:32,7,5,1,8,.375,1,3
20251112,CHI,Ayo Dosunmu,21:56,12,3,2,12,.333,2,4
20251112,CHI,Jevon Carter,17:28,11,2,3,4,.750,2,1
20251112,CHI,Jalen Smith,13:54,9,4,0,8,.375,0,0
20251112,CHI,Dalen Terry,10:25,1,1,1,0,,1,1
20251112,CHI,Julian Phillips,4:05,0,1,0,0,,0,0
20251112,DET,Daniss Jenkins,40:07,18,4,12,19,.474,2,3
20251112,DET,Javonte Green,32:03,9,4,0,7,.429,1,3
20251112,DET,Paul Reed,30:45,28,13,6,13,.846,4,4
20251112,DET,Ron Holland,28:29,9,6,1,11,.364,3,2
20251112,DET,Duncan Robinson,28:25,23,2,1,13,.615,1,1
20251112,DET,Caris LeVert,21:54,17,1,5,11,.727,1,3
20251112,DET,Chaz Lanier,18:20,6,1,1,4,.250,0,0
20251112,DET,Tolu Smith,16:11,6,7,2,4,.750,0,0
20251112,DET,Bobi Klintman,13:51,6,6,1,7,.286,0,2
20251112,DET,Wendell Moore Jr.,9:55,2,0,1,1,1.000,1,0
20251112,ORL,Franz Wagner,36:49,28,9,4,22,.455,2,0
20251112,ORL,Desmond Bane,33:55,22,6,8,15,.467,0,3
20251112,ORL,Wendell Carter Jr.,31:25,13,8,2,8,.750,0,4
20251112,ORL,Jalen Suggs,26:23,14,2,3,10,.400,1,2
20251112,ORL,Paolo Banchero,12:00,4,4,2,4,.250,1,1
20251112,ORL,Anthony Black,23:09,17,3,3,11,.636,2,2
20251112,ORL,Tristan Da Silva,22:11,8,5,2,5,.600,0,1
20251112,ORL,Jonathan Isaac,16:27,3,5,0,3,.000,1,0
20251112,ORL,Goga Bitadze,16:15,10,3,0,2,1.000,1,1
20251112,ORL,Tyus Jones,13:01,0,1,3,2,.000,2,0
20251112,ORL,Jett Howard,4:41,5,0,0,4,.500,0,0
20251112,ORL,Noah Penda,1:52,0,3,1,0,,0,1
20251112,ORL,Jase Richardson,1:52,0,0,1,0,,0,0
20251112,NYK,Jalen Brunson,36:55,31,3,6,23,.435,0,2
20251112,NYK,Karl-Anthony Towns,34:31,15,12,4,15,.400,1,2
20251112,NYK,OG Anunoby,33:56,8,4,1,4,.500,1,3
20251112,NYK,Mikal Bridges,28:00,6,2,2,9,.333,2,0
20251112,NYK,Mitchell Robinson,17:12,2,8,0,2,.500,0,0
20251112,NYK,Landry Shamet,27:07,11,3,1,6,.667,1,0
20251112,NYK,Miles McBride,20:42,9,1,1,8,.375,2,3
20251112,NYK,Josh Hart,18:00,10,3,2,10,.400,1,3
20251112,NYK,Jordan Clarkson,10:38,5,1,1,5,.400,1,1
20251112,NYK,Guerschon Yabusele,5:25,6,0,1,3,.667,1,0
20251112,NYK,Tyler Kolek,1:54,2,0,0,1,1.000,0,0
20251112,NYK,Mohamed Diawara,1:54,0,0,0,0,,0,0
20251112,NYK,Ariel Hukporti,1:54,0,0,0,0,,0,0
20251112,NYK,Pacôme Dadiet,1:52,2,0,1,2,.500,0,0
20251112,MEM,Vince Williams Jr.,24:34,12,5,2,12,.333,0,1
20251112,MEM,Jock Landale,24:28,11,6,4,10,.500,1,1
20251112,MEM,Jaylen Wells,24:23,5,4,0,10,.200,2,0
20251112,MEM,Jaren Jackson Jr.,23:17,18,2,0,15,.467,1,3
20251112,MEM,Kentavious Caldwell-Pope,18:42,0,3,3,3,.000,1,1
20251112,MEM,Cam Spencer,29:23,5,2,3,5,.200,0,0
20251112,MEM,Olivier-Maxence Prosper,26:06,8,4,4,7,.286,0,1
20251112,MEM,Cedric Coward,25:34,12,6,3,12,.250,0,2
20251112,MEM,Santi Aldama,23:35,14,6,4,11,.364,2,1
20251112,MEM,GG Jackson II,7:02,6,0,1,6,.333,1,0
20251112,MEM,PJ Hall,7:02,4,3,1,4,.500,0,0
20251112,MEM,John Konchar,5:54,0,0,0,0,,0,0
20251112,BOS,Payton Pritchard,30:22,24,6,9,15,.533,0,0
20251112,BOS,Derrick White,26:10,20,5,4,11,.545,2,2
20251112,BOS,Jaylen Brown,25:18,19,6,6,16,.500,0,2
20251112,BOS,Neemias Queta,20:02,13,8,2,6,1.000,1,0
20251112,BOS,Jordan Walsh,17:50,7,6,0,7,.429,0,0
20251112,BOS,Sam Hauser,22:33,5,2,1,8,.250,1,1
20251112,BOS,Josh Minott,21:59,9,5,4,8,.500,0,3
20251112,BOS,Anfernee Simons,21:49,6,4,7,10,.200,0,1
20251112,BOS,Luka Garza,17:10,14,7,1,8,.750,0,0
20251112,BOS,Chris Boucher,12:47,2,7,0,3,.333,0,0
20251112,BOS,Baylor Scheierman,11:32,6,1,0,3,.667,0,0
20251112,BOS,Hugo González,8:12,0,1,0,2,.000,0,1
20251112,BOS,Ron Harper Jr.,4:16,6,0,0,2,1.000,0,0
20251112,CLE,De'Andre Hunter,28:21,21,6,2,13,.615,2,3
20251112,CLE,Jarrett Allen,27:26,30,10,2,20,.600,0,1
20251112,CLE,Dean Wade,26:13,8,3,2,7,.429,1,1
20251112,CLE,Sam Merrill,20:39,5,0,3,10,.100,1,0
20251112,CLE,Lonzo Ball,20:29,15,2,8,8,.500,1,3
20251112,CLE,Craig Porter Jr.,32:10,19,4,9,12,.583,3,2
20251112,CLE,Tyrese Proctor,22:44,12,2,2,15,.267,0,0
20251112,CLE,Larry Nance Jr.,19:25,3,5,2,3,.333,2,1
20251112,CLE,Nae'Qwan Tomlin,17:39,9,6,2,7,.286,2,1
20251112,CLE,Thomas Bryant,12:48,4,7,0,4,.500,0,0
20251112,CLE,Luke Travers,12:06,4,4,0,5,.200,1,0
20251112,MIA,Davion Mitchell,33:53,16,3,4,13,.538,1,1
20251112,MIA,Andrew Wiggins,33:14,17,9,6,13,.538,0,5
20251112,MIA,Norman Powell,32:30,27,2,5,18,.556,0,3
20251112,MIA,Kel'el Ware,27:43,15,13,1,7,.857,1,1
20251112,MIA,Pelle Larsson,27:25,9,0,4,7,.429,0,3
20251112,MIA,Jaime Jaquez Jr.,29:51,11,3,4,15,.267,0,1
20251112,MIA,Nikola Jović,22:03,2,4,3,6,.167,2,4
20251112,MIA,Simone Fontecchio,19:14,13,4,0,7,.571,1,2
20251112,MIA,Dru Smith,14:07,6,6,2,8,.375,1,1
20251112,WAS,Kyshawn George,35:43,16,7,9,17,.412,2,3
20251112,WAS,Alex Sarr,31:58,25,11,4,15,.667,0,2
20251112,WAS,CJ McCollum,29:21,10,2,3,11,.182,0,0
20251112,WAS,Tre Johnson,27:26,12,1,1,10,.400,1,1
20251112,WAS,Khris Middleton,22:38,7,2,3,6,.500,1,2
20251112,WAS,Cam Whitmore,25:03,11,3,1,9,.556,1,1
20251112,WAS,Bub Carrington,19:28,7,1,2,7,.429,1,2
20251112,WAS,Corey Kispert,18:34,8,2,0,7,.286,0,1
20251112,WAS,Marvin Bagley III,12:29,9,5,1,4,1.000,0,0
20251112,WAS,Tristan Vukcevic,7:17,3,1,0,3,.333,0,0
20251112,WAS,Malaki Branham,3:21,2,0,1,1,.000,0,0
20251112,WAS,Will Riley,3:21,2,1,0,1,1.000,0,0
20251112,WAS,Justin Champagnie,3:21,0,1,0,1,.000,0,0
20251112,HOU,Amen Thompson,34:56,18,1,8,11,.727,3,2
20251112,HOU,Kevin Durant,30:52,23,5,4,16,.438,2,1
20251112,HOU,Jabari Smith Jr.,29:53,15,8,3,13,.462,1,1
20251112,HOU,Alperen Şengün,27:46,16,13,6,13,.462,0,2
20251112,HOU,Josh Okogie,25:54,7,5,1,8,.375,1,0
20251112,HOU,Reed Sheppard,24:40,21,3,3,11,.727,2,3
20251112,HOU,Tari Eason,20:47,20,6,0,12,.583,0,0
20251112,HOU,Steven Adams,16:53,5,8,4,5,.400,0,1
20251112,HOU,Clint Capela,9:55,2,2,0,1,1.000,0,0
20251112,HOU,Jae'Sean Tate,8:21,2,1,1,1,1.000,0,0
20251112,HOU,JD Davison,3:21,3,0,0,2,.500,0,0
20251112,HOU,Jeff Green,3:21,3,1,0,2,.500,0,0
20251112,HOU,Aaron Holiday,3:21,0,0,2,1,.000,0,0
20251112,POR,Toumani Camara,38:26,13,3,5,8,.500,2,4
20251112,POR,Jrue Holiday,36:32,17,4,12,12,.500,0,3
20251112,POR,Deni Avdija,34:56,32,1,2,18,.667,1,0
20251112,POR,Shaedon Sharpe,29:46,35,5,3,18,.722,2,1
20251112,POR,Donovan Clingan,27:28,9,10,0,9,.444,0,3
20251112,POR,Kris Murray,22:24,6,7,1,4,.750,0,0
20251112,POR,Sidy Cissoko,16:48,2,0,1,2,.500,0,1
20251112,POR,Robert Williams,16:41,6,6,1,5,.600,0,1
20251112,POR,Jerami Grant,7:03,2,2,1,3,.333,0,0
20251112,POR,Rayan Rupert,5:43,0,0,0,2,.000,0,0
20251112,POR,Duop Reath,4:13,3,1,0,2,.500,0,0
20251112,NOP,Trey Murphy III,39:29,22,5,5,18,.444,1,1
20251112,NOP,Saddiq Bey,35:14,25,6,5,16,.500,0,1
20251112,NOP,Herbert Jones,34:00,11,1,3,9,.444,1,1
20251112,NOP,Jeremiah Fears,26:06,15,3,4,11,.364,2,2
20251112,NOP,Kevon Looney,8:10,0,2,1,1,.000,1,1
20251112,NOP,Derik Queen,37:45,26,7,4,18,.667,0,1
20251112,NOP,Jose Alvarado,21:54,5,1,3,7,.286,1,3
20251112,NOP,Karlo Matković,14:00,5,3,1,4,.500,0,0
20251112,NOP,Micah Peavy,12:26,2,5,2,2,.500,0,0
20251112,NOP,Jordan Hawkins,8:53,6,2,0,5,.400,0,0
20251112,NOP,Yves Missi,2:03,0,0,0,0,,0,0
20251112,GSW,Jimmy Butler,33:48,28,6,8,12,.583,3,0
20251112,GSW,Stephen Curry,33:32,46,5,5,25,.520,2,1
20251112,GSW,Draymond Green,26:41,6,5,4,10,.100,1,4
20251112,GSW,Moses Moody,26:10,19,3,3,13,.462,0,0
20251112,GSW,Will Richard,21:41,3,1,1,2,.500,1,3
20251112,GSW,Brandin Podziemski,28:52,6,6,4,7,.286,3,3
20251112,GSW,Al Horford,22:30,9,3,3,7,.429,0,1
20251112,GSW,Buddy Hield,15:31,4,1,0,4,.250,1,1
20251112,GSW,Gary Payton II,14:34,4,6,2,4,.500,1,1
20251112,GSW,Jonathan Kuminga,12:06,0,4,0,1,.000,0,1
20251112,GSW,Quinten Post,4:36,0,0,0,0,,1,0
20251112,SAS,Victor Wembanyama,36:21,31,15,10,22,.500,0,8
20251112,SAS,De'Aaron Fox,35:32,13,5,5,14,.357,0,6
20251112,SAS,Devin Vassell,35:02,15,2,1,13,.385,0,0
20251112,SAS,Stephon Castle,31:13,23,10,10,16,.563,0,2
20251112,SAS,Harrison Barnes,25:08,11,2,0,9,.444,3,2
20251112,SAS,Keldon Johnson,24:28,6,9,1,9,.333,2,1
20251112,SAS,Luke Kornet,22:11,12,0,1,6,1.000,0,0
20251112,SAS,Julian Champagnie,19:59,6,3,1,3,.667,0,1
20251112,SAS,Jeremy Sochan,6:17,3,3,1,1,1.000,0,0
20251112,SAS,Lindy Waters III,3:49,0,0,0,1,.000,0,0
20251112,PHO,Devin Booker,38:25,26,3,9,19,.368,2,5
20251112,PHO,Grayson Allen,32:51,23,5,3,17,.471,3,2
20251112,PHO,Dillon Brooks,30:58,18,2,4,14,.429,1,0
20251112,PHO,Royce O'Neale,27:32,13,6,4,7,.571,1,2
20251112,PHO,Mark Williams,26:16,10,4,2,6,.833,2,1
20251112,PHO,Ryan Dunn,23:37,8,4,1,9,.444,2,0
20251112,PHO,Jordan Goodwin,20:01,13,6,2,11,.455,1,0
20251112,PHO,Collin Gillespie,19:08,4,6,5,5,.200,0,0
20251112,PHO,Oso Ighodaro,11:42,2,3,0,2,.500,1,1
20251112,PHO,Nick Richards,9:30,6,7,1,5,.600,0,1
20251112,DAL,Max Christie,34:07,12,6,7,9,.444,0,1
20251112,DAL,Cooper Flagg,33:42,16,6,6,15,.400,3,4
20251112,DAL,Brandon Williams,33:15,17,5,9,13,.538,3,4
20251112,DAL,Daniel Gafford,26:39,15,9,0,7,.857,1,2
20251112,DAL,P.J. Washington,5:25,6,0,0,5,.600,1,0
20251112,DAL,Klay Thompson,30:44,19,3,1,17,.353,0,1
20251112,DAL,Naji Marshall,26:08,12,4,3,6,.667,1,2
20251112,DAL,Moussa Cisse,14:47,4,9,0,2,1.000,0,2
20251112,DAL,D'Angelo Russell,14:20,5,0,3,7,.286,1,1
20251112,DAL,Jaden Hardy,12:07,8,1,0,4,.750,0,2
20251112,DAL,Caleb Martin,7:00,0,1,3,1,.000,0,0
20251112,DAL,Dwight Powell,1:46,0,1,0,0,,0,0
20251112,LAL,Rui Hachimura,32:53,13,5,1,11,.455,2,0
20251112,LAL,Luka Dončić,32:49,19,7,7,20,.350,2,4
20251112,LAL,Austin Reaves,30:21,13,5,3,12,.333,1,5
20251112,LAL,Marcus Smart,27:43,9,1,0,5,.200,1,2
20251112,LAL,Deandre Ayton,25:49,6,5,1,5,.600,1,4
20251112,LAL,Jake LaRavia,22:01,5,1,2,6,.167,0,1
20251112,LAL,Dalton Knecht,19:11,16,2,1,7,.857,0,0
20251112,LAL,Jarred Vanderbilt,18:44,6,9,2,4,.500,0,3
20251112,LAL,Jaxson Hayes,13:53,2,2,0,1,1.000,0,1
20251112,LAL,Maxi Kleber,8:18,3,4,0,2,.500,1,0
20251112,LAL,Bronny James,8:18,0,1,2,4,.000,1,0
20251112,OKC,Shai Gilgeous-Alexander,29:23,30,5,9,18,.556,2,1
20251112,OKC,Ajay Mitchell,26:27,14,3,3,13,.462,3,3
20251112,OKC,Cason Wallace,24:03,6,0,1,6,.333,2,0
20251112,OKC,Isaiah Hartenstein,20:10,11,8,0,6,.833,1,2
20251112,OKC,Chet Holmgren,20:04,11,3,1,7,.571,0,0
20251112,OKC,Isaiah Joe,34:39,21,2,5,11,.455,2,1
20251112,OKC,Jaylin Williams,19:32,6,7,4,6,.333,0,1
20251112,OKC,Branden Carlson,16:59,0,5,1,4,.000,2,0
20251112,OKC,Alex Caruso,16:54,10,4,3,7,.571,2,1
20251112,OKC,Ousmane Dieng,15:13,10,2,1,8,.625,0,2
20251112,OKC,Brooks Barnhizer,8:18,2,2,0,1,1.000,0,0
20251112,OKC,Chris Youngblood,8:18,0,1,0,1,.000,0,0
20251112,ATL,Dyson Daniels,26:59,5,6,7,9,.222,2,2
20251112,ATL,Jalen Johnson,23:50,24,10,8,10,.900,1,1
20251112,ATL,Kristaps Porziņģis,23:19,13,4,6,12,.417,0,1
20251112,ATL,Zaccharie Risacher,22:13,15,3,1,8,.875,1,2
20251112,ATL,Nickeil Alexander-Walker,21:44,14,6,5,11,.455,0,4
20251112,ATL,Keaton Wallace,23:16,4,2,4,4,.500,4,2
20251112,ATL,Vít Krejčí,20:52,11,3,4,6,.667,0,0
20251112,ATL,Luke Kennard,20:49,13,3,2,8,.625,2,1
20251112,ATL,Onyeka Okongwu,20:38,21,3,2,7,.857,1,3
20251112,ATL,Mouhamed Gueye,20:24,2,3,2,4,.250,2,0
20251112,ATL,Caleb Houstan,8:07,6,1,1,5,.400,1,2
20251112,ATL,Asa Newell,7:49,5,1,0,1,1.000,0,1
20251112,SAC,Domantas Sabonis,26:24,12,5,2,9,.444,2,4
20251112,SAC,Dennis Schröder,25:51,9,3,4,8,.375,1,1
20251112,SAC,Russell Westbrook,22:27,10,2,3,11,.364,0,3
20251112,SAC,Precious Achiuwa,19:58,10,5,2,6,.667,0,0
20251112,SAC,DeMar DeRozan,19:14,4,2,2,6,.167,1,2
20251112,SAC,Keon Ellis,30:33,20,0,1,14,.500,2,1
20251112,SAC,Nique Clifford,30:33,9,4,4,11,.273,0,1
20251112,SAC,Devin Carter,21:46,11,6,3,12,.333,1,2
20251112,SAC,Maxime Raynaud,14:46,7,4,1,6,.500,0,3
20251112,SAC,Daeqwon Plowden,14:00,2,2,0,5,.200,0,0
20251112,SAC,Doug McDermott,7:45,6,0,0,3,.667,0,1
20251112,SAC,Drew Eubanks,6:43,0,2,0,1,.000,0,0
20251112,DEN,Nikola Jokić,33:34,55,12,6,23,.783,1,2
20251112,DEN,Jamal Murray,32:48,15,5,4,16,.313,4,3
20251112,DEN,Aaron Gordon,30:47,18,5,0,12,.500,1,1
20251112,DEN,Christian Braun,16:09,6,4,4,2,1.000,0,1
20251112,DEN,Cameron Johnson,7:50,2,3,0,3,.333,0,0
20251112,DEN,Bruce Brown,27:51,2,4,0,4,.250,0,0
20251112,DEN,Peyton Watson,22:06,2,2,1,4,.250,0,0
20251112,DEN,Tim Hardaway Jr.,20:44,12,1,3,7,.429,1,0
20251112,DEN,Spencer Jones,15:26,3,0,1,1,1.000,1,0
20251112,DEN,Julian Strawther,11:21,4,1,0,5,.400,0,1
20251112,DEN,Jonas Valančiūnas,10:57,8,3,1,4,.750,0,1
20251112,DEN,Jalen Pickett,3:29,3,1,1,1,1.000,0,2
20251112,DEN,Zeke Nnaji,3:29,0,0,1,0,,0,0
20251112,DEN,Hunter Tyson,3:29,0,1,0,2,.000,1,0
20251112,LAC,Ivica Zubac,31:34,18,9,1,14,.643,0,2
20251112,LAC,James Harden,29:46,23,8,5,15,.400,0,2
20251112,LAC,John Collins,20:44,2,4,0,6,.167,0,2
20251112,LAC,Derrick Jones Jr.,19:38,8,4,4,8,.500,1,2
20251112,LAC,Kris Dunn,15:30,3,0,2,4,.250,1,1
20251112,LAC,Jordan Miller,26:24,22,4,1,10,.600,1,0
20251112,LAC,Kobe Sanders,24:43,9,1,3,7,.429,0,1
20251112,LAC,Nicolas Batum,22:05,6,2,3,3,.667,1,0
20251112,LAC,Bogdan Bogdanović,20:12,11,0,6,8,.500,0,2
20251112,LAC,Brook Lopez,15:55,10,1,1,7,.571,0,1
20251112,LAC,Kobe Brown,7:23,2,2,1,2,.500,0,1
20251112,LAC,Cam Christie,6:06,2,1,1,0,,0,0
20251113,TOR,Brandon Ingram,35:19,11,5,4,15,.333,0,3
20251113,TOR,Scottie Barnes,34:34,28,10,8,22,.545,1,2
20251113,TOR,Immanuel Quickley,31:53,25,1,6,13,.769,0,2
20251113,TOR,Jakob Poeltl,29:25,20,7,3,10,.700,2,0
20251113,TOR,RJ Barrett,26:57,9,9,4,9,.333,1,1
20251113,TOR,Jamal Shead,23:49,8,2,7,7,.429,0,2
20251113,TOR,Gradey Dick,20:56,6,0,2,3,.667,1,1
20251113,TOR,Sandro Mamukelashvili,17:01,13,5,1,5,.800,0,1
20251113,TOR,Ja'Kobe Walter,12:52,4,3,2,3,.667,1,0
20251113,TOR,Jamison Battle,5:40,2,1,0,1,1.000,0,1
20251113,TOR,Garrett Temple,1:34,0,0,0,0,,0,0
20251113,CLE,Donovan Mitchell,35:41,31,6,6,18,.389,1,7
20251113,CLE,Evan Mobley,34:47,7,9,3,7,.286,1,1
20251113,CLE,De'Andre Hunter,27:27,16,2,6,16,.438,0,0
20251113,CLE,Sam Merrill,27:12,12,2,3,11,.364,0,0
20251113,CLE,Jarrett Allen,20:54,6,8,0,6,.500,1,2
20251113,CLE,Craig Porter Jr.,24:25,10,1,5,6,.667,1,0
20251113,CLE,Nae'Qwan Tomlin,21:31,18,6,0,10,.800,2,0
20251113,CLE,Dean Wade,20:49,2,3,1,5,.200,0,0
20251113,CLE,Tyrese Proctor,11:08,7,0,1,8,.375,0,0
20251113,CLE,Larry Nance Jr.,7:03,0,0,1,0,,0,2
20251113,CLE,Thomas Bryant,6:49,4,0,0,4,.500,0,0
20251113,CLE,Luke Travers,2:14,0,0,0,0,,1,0
20251113,IND,Pascal Siakam,30:56,19,5,2,14,.429,0,2
20251113,IND,Andrew Nembhard,27:27,21,2,8,15,.333,0,3
20251113,IND,Jeremiah Robinson-Earl,27:24,6,7,0,4,.500,0,0
20251113,IND,Aaron Nesmith,20:03,10,3,1,9,.333,1,0
20251113,IND,Tony Bradley,17:09,10,3,0,7,.714,0,1
20251113,IND,Jarace Walker,26:23,2,4,2,10,.000,0,1
20251113,IND,Ben Sheppard,21:41,6,6,1,7,.286,0,1
20251113,IND,Isaiah Jackson,16:34,8,4,0,4,.750,0,1
20251113,IND,T.J. McConnell,15:07,5,1,2,8,.250,2,0
20251113,IND,Jay Huff,14:17,3,0,1,2,.500,0,1
20251113,IND,Monte Morris,10:15,2,1,1,3,.333,0,0
20251113,IND,Taelon Peter,9:23,3,4,1,3,.333,1,2
20251113,IND,RayJ Dennis,3:21,3,1,1,2,.500,0,0
20251113,PHO,Devin Booker,29:20,33,5,7,22,.545,0,1
20251113,PHO,Dillon Brooks,28:02,32,1,0,18,.667,1,2
20251113,PHO,Royce O'Neale,22:58,5,3,3,4,.500,0,1
20251113,PHO,Nick Richards,15:13,4,1,0,0,,0,0
20251113,PHO,Grayson Allen,12:10,12,1,2,6,.833,1,0
20251113,PHO,Oso Ighodaro,26:23,17,7,0,9,.778,3,1
20251113,PHO,Collin Gillespie,23:29,10,4,1,7,.429,0,2
20251113,PHO,Jordan Goodwin,22:36,10,9,5,7,.571,1,0
20251113,PHO,Isaiah Livers,19:32,3,5,0,3,.333,0,0
20251113,PHO,Ryan Dunn,18:58,3,3,0,2,.500,0,1
20251113,PHO,Nigel Hayes-Davis,7:45,0,1,1,2,.000,0,1
20251113,PHO,Rasheer Fleming,7:10,2,1,0,3,.333,0,1
20251113,PHO,Khaman Maluach,6:24,2,2,0,2,.500,0,1
20251113,ATL,Jalen Johnson,40:38,31,18,14,19,.526,7,6
20251113,ATL,Onyeka Okongwu,35:20,32,11,2,18,.611,2,4
20251113,ATL,Nickeil Alexander-Walker,29:37,16,2,5,11,.364,2,2
20251113,ATL,Dyson Daniels,26:40,2,2,3,2,.500,1,0
20251113,ATL,Zaccharie Risacher,19:11,11,3,2,7,.714,0,0
20251113,ATL,Vít Krejčí,32:18,20,1,3,9,.778,3,1
20251113,ATL,Luke Kennard,20:13,12,2,1,8,.500,2,1
20251113,ATL,Keaton Wallace,15:27,0,2,5,6,.000,1,0
20251113,ATL,Mouhamed Gueye,14:50,8,2,1,9,.444,0,2
20251113,ATL,Asa Newell,5:46,0,0,0,1,.000,0,0
20251113,UTA,Keyonte George,37:13,19,6,7,19,.368,1,3
20251113,UTA,Lauri Markkanen,35:57,40,7,2,25,.600,1,4
20251113,UTA,Ace Bailey,31:50,21,5,3,13,.615,2,3
20251113,UTA,Jusuf Nurkić,28:10,10,10,8,7,.571,5,6
20251113,UTA,Svi Mykhailiuk,24:43,0,1,3,4,.000,0,0
20251113,UTA,Isaiah Collier,25:15,10,5,7,7,.429,0,1
20251113,UTA,Kyle Filipowski,17:34,8,9,3,5,.600,0,2
20251113,UTA,Kevin Love,15:28,3,3,4,3,.333,0,2
20251113,UTA,Cody Williams,12:07,2,0,0,3,.333,0,0
20251113,UTA,Brice Sensabaugh,11:43,9,3,2,6,.500,0,3
20251114,MIA,Andrew Wiggins,35:36,15,7,3,18,.333,0,3
20251114,MIA,Kel'el Ware,34:59,15,10,1,8,.625,1,0
20251114,MIA,Davion Mitchell,33:16,11,4,11,6,.500,1,1
20251114,MIA,Norman Powell,32:53,38,5,0,22,.545,1,1
20251114,MIA,Pelle Larsson,24:01,14,2,2,8,.500,0,2
20251114,MIA,Jaime Jaquez Jr.,34:10,23,9,7,20,.450,0,1
20251114,MIA,Simone Fontecchio,14:43,9,2,0,7,.429,0,1
20251114,MIA,Dru Smith,14:42,4,2,2,1,1.000,1,1
20251114,MIA,Nikola Jović,13:25,3,4,4,4,.250,0,1
20251114,MIA,Keshad Johnson,2:14,0,1,0,1,.000,0,0
20251114,NYK,Mikal Bridges,42:22,15,5,5,21,.286,7,2
20251114,NYK,Karl-Anthony Towns,38:02,39,11,4,26,.500,1,0
20251114,NYK,Miles McBride,29:56,9,4,4,10,.400,0,0
20251114,NYK,Mitchell Robinson,14:08,0,10,2,2,.000,0,2
20251114,NYK,OG Anunoby,5:08,2,3,0,4,.250,0,0
20251114,NYK,Landry Shamet,37:15,36,2,3,19,.632,0,1
20251114,NYK,Josh Hart,33:35,12,11,10,8,.625,1,3
20251114,NYK,Jordan Clarkson,33:13,24,5,3,13,.462,0,0
20251114,NYK,Guerschon Yabusele,6:20,3,0,1,1,1.000,0,0
20251114,NYK,Ariel Hukporti,0:02,0,0,0,0,,0,0
20251114,BRK,Michael Porter Jr.,36:03,24,11,7,23,.435,1,0
20251114,BRK,Nic Claxton,33:49,13,5,3,12,.500,0,0
20251114,BRK,Terance Mann,28:03,12,0,0,10,.500,0,0
20251114,BRK,Noah Clowney,27:15,12,4,3,8,.250,1,2
20251114,BRK,Egor Dёmin,18:08,8,3,2,9,.222,0,1
20251114,BRK,Ziaire Williams,36:05,15,1,0,11,.545,3,1
20251114,BRK,Tyrese Martin,24:06,4,2,2,7,.286,2,1
20251114,BRK,Drake Powell,22:20,6,3,3,5,.600,1,0
20251114,BRK,Day'Ron Sharpe,14:11,4,5,3,4,.500,1,0
20251114,ORL,Desmond Bane,39:55,19,5,2,18,.389,0,3
20251114,ORL,Franz Wagner,37:05,25,6,5,17,.412,0,3
20251114,ORL,Tristan Da Silva,32:28,22,9,1,14,.571,0,3
20251114,ORL,Wendell Carter Jr.,31:45,7,5,3,2,.500,0,2
20251114,ORL,Jalen Suggs,28:13,14,7,6,11,.455,0,5
20251114,ORL,Anthony Black,16:34,2,0,2,4,.250,0,1
20251114,ORL,Goga Bitadze,16:15,6,8,0,4,.750,0,2
20251114,ORL,Jonathan Isaac,14:19,4,5,0,2,1.000,0,0
20251114,ORL,Tyus Jones,13:09,0,1,2,2,.000,3,0
20251114,ORL,Jett Howard,9:50,6,0,0,4,.500,0,0
20251114,ORL,Jamal Cain,0:27,0,0,0,0,,0,0
20251114,PHI,Tyrese Maxey,39:37,31,7,3,31,.419,4,3
20251114,PHI,VJ Edgecombe,37:27,18,7,3,15,.400,1,2
20251114,PHI,Andre Drummond,35:44,12,11,2,6,.833,1,3
20251114,PHI,Kelly Oubre Jr.,14:56,3,1,1,5,.200,2,1
20251114,PHI,Trendon Watford,14:19,5,1,1,5,.400,0,1
20251114,PHI,Quentin Grimes,32:25,9,1,5,10,.300,1,2
20251114,PHI,Dominick Barlow,28:56,10,8,3,8,.500,0,2
20251114,PHI,Justin Edwards,17:21,13,1,1,7,.571,0,1
20251114,PHI,Jabari Walker,10:00,2,4,0,1,.000,0,0
20251114,PHI,Adem Bona,9:15,2,5,0,2,.500,0,0
20251114,DET,Javonte Green,36:41,21,9,3,12,.417,1,1
20251114,DET,Daniss Jenkins,35:04,19,3,8,15,.400,1,2
20251114,DET,Duncan Robinson,31:29,15,6,3,12,.417,2,1
20251114,DET,Paul Reed,25:08,10,8,3,9,.556,2,3
20251114,DET,Ron Holland,24:18,9,5,2,15,.267,3,3
20251114,DET,Caris LeVert,22:57,14,2,6,8,.625,0,1
20251114,DET,Isaiah Stewart,22:52,14,7,1,11,.545,0,2
20251114,DET,Chaz Lanier,18:40,6,4,4,6,.333,0,0
20251114,DET,Wendell Moore Jr.,18:08,4,2,2,3,.667,0,0
20251114,DET,Bobi Klintman,4:43,2,0,0,1,1.000,0,0
20251114,POR,Toumani Camara,33:24,16,3,0,12,.500,0,4
20251114,POR,Shaedon Sharpe,31:08,19,8,3,16,.438,1,3
20251114,POR,Deni Avdija,30:18,22,10,4,15,.467,0,7
20251114,POR,Jrue Holiday,29:28,13,4,6,9,.444,2,2
20251114,POR,Donovan Clingan,23:59,9,8,0,9,.444,0,1
20251114,POR,Jerami Grant,28:44,13,2,3,8,.500,0,1
20251114,POR,Kris Murray,22:07,5,3,1,6,.333,0,1
20251114,POR,Robert Williams,14:50,4,3,0,5,.400,1,1
20251114,POR,Sidy Cissoko,10:03,4,2,1,3,.667,0,0
20251114,POR,Duop Reath,6:49,5,1,0,2,1.000,0,0
20251114,POR,Caleb Love,4:35,5,0,0,4,.500,0,0
20251114,POR,Rayan Rupert,4:35,1,0,0,0,,0,0
20251114,HOU,Alperen Şengün,36:27,25,10,9,13,.692,3,0
20251114,HOU,Kevin Durant,35:43,30,5,3,19,.632,1,3
20251114,HOU,Amen Thompson,32:27,19,2,4,17,.353,1,0
20251114,HOU,Jabari Smith Jr.,26:44,22,5,3,16,.563,0,0
20251114,HOU,Josh Okogie,20:48,11,3,1,9,.556,4,1
20251114,HOU,Reed Sheppard,25:48,13,3,3,12,.417,4,0
20251114,HOU,Steven Adams,17:31,5,11,0,4,.500,1,0
20251114,HOU,Aaron Holiday,13:06,10,0,1,6,.500,1,1
20251114,HOU,Tari Eason,10:39,3,5,2,6,.167,1,1
20251114,HOU,Clint Capela,9:14,2,4,0,3,.333,0,0
20251114,HOU,Jeff Green,4:04,0,0,0,0,,0,0
20251114,HOU,Jae'Sean Tate,4:04,0,1,0,1,.000,0,0
20251114,HOU,JD Davison,3:25,0,0,0,0,,0,0
20251114,CHO,Moussa Diabaté,43:17,15,11,1,8,.625,1,1
20251114,CHO,Miles Bridges,42:23,32,7,2,24,.500,0,1
20251114,CHO,Sion James,41:59,12,7,3,10,.400,5,2
20251114,CHO,Kon Knueppel,41:13,32,3,3,20,.600,3,2
20251114,CHO,LaMelo Ball,27:24,16,3,10,15,.333,0,2
20251114,CHO,Tre Mann,29:14,9,7,7,10,.400,0,3
20251114,CHO,Collin Sexton,15:56,14,1,4,7,.571,0,1
20251114,CHO,Pat Connaughton,10:00,0,0,1,3,.000,2,0
20251114,CHO,Mason Plumlee,9:43,4,0,0,1,1.000,0,1
20251114,CHO,Antonio Reeves,3:51,0,0,0,0,,0,0
20251114,MIL,Giannis Antetokounmpo,40:24,25,7,18,18,.667,2,7
20251114,MIL,Kyle Kuzma,38:36,29,10,5,17,.647,4,3
20251114,MIL,Ryan Rollins,34:22,20,8,4,12,.667,0,2
20251114,MIL,Myles Turner,33:26,18,3,1,9,.667,0,0
20251114,MIL,A.J. Green,25:30,13,0,2,4,.500,0,0
20251114,MIL,Gary Harris,22:49,10,1,0,5,.800,2,1
20251114,MIL,Gary Trent Jr.,21:29,8,0,1,5,.600,1,0
20251114,MIL,Bobby Portis,19:20,12,4,1,7,.571,0,3
20251114,MIL,Cole Anthony,18:30,10,3,5,7,.571,1,4
20251114,MIL,Jericho Sims,10:10,2,3,0,1,1.000,0,2
20251114,MIL,Thanasis Antetokounmpo,0:08,0,0,0,0,,0,0
20251114,MIL,Andre Jackson Jr.,0:08,0,0,0,0,,0,0
20251114,MIL,Mark Sears,0:08,0,0,0,0,,0,0
20251114,SAC,Domantas Sabonis,39:21,34,11,3,24,.583,0,2
20251114,SAC,Zach LaVine,36:15,25,6,3,17,.471,1,4
20251114,SAC,DeMar DeRozan,34:04,6,3,5,10,.300,2,0
20251114,SAC,Russell Westbrook,31:01,13,10,14,11,.455,0,6
20251114,SAC,Precious Achiuwa,19:39,4,3,0,4,.500,3,0
20251114,SAC,Dennis Schröder,28:24,14,6,6,13,.385,1,1
20251114,SAC,Keon Ellis,22:24,9,1,0,8,.375,4,1
20251114,SAC,Malik Monk,15:31,0,1,0,4,.000,1,1
20251114,SAC,Nique Clifford,6:44,0,0,1,1,.000,0,0
20251114,SAC,Drew Eubanks,6:37,5,3,0,1,1.000,0,0
20251114,MIN,Anthony Edwards,35:49,30,4,4,20,.450,2,3
20251114,MIN,Rudy Gobert,34:20,11,8,1,6,.667,1,1
20251114,MIN,Julius Randle,32:20,26,11,5,16,.563,1,2
20251114,MIN,Jaden McDaniels,31:09,13,4,3,9,.667,0,4
20251114,MIN,Donte DiVincenzo,30:26,20,6,5,11,.545,1,2
20251114,MIN,Naz Reid,24:59,12,12,4,12,.417,2,3
20251114,MIN,Jaylen Clark,21:44,5,1,0,5,.200,1,0
20251114,MIN,Mike Conley,17:49,6,1,3,5,.400,1,0
20251114,MIN,Rob Dillingham,9:18,0,3,3,1,.000,1,2
20251114,MIN,Leonard Miller,0:35,1,1,0,1,.000,0,0
20251114,MIN,Joan Beringer,0:35,0,0,0,0,,0,0
20251114,MIN,Johnny Juzang,0:35,0,0,0,0,,0,0
20251114,MIN,Bones Hyland,0:21,0,0,0,0,,0,0
20251114,LAL,Luka Dončić,40:13,24,7,12,16,.375,2,3
20251114,LAL,Austin Reaves,38:54,31,4,7,16,.563,1,4
20251114,LAL,Deandre Ayton,35:34,20,16,2,11,.909,2,4
20251114,LAL,Rui Hachimura,35:04,14,4,0,10,.600,1,1
20251114,LAL,Marcus Smart,34:25,13,5,5,15,.400,2,2
20251114,LAL,Jake LaRavia,21:41,6,3,0,4,.750,3,2
20251114,LAL,Jaxson Hayes,12:26,2,3,1,3,.333,0,0
20251114,LAL,Jarred Vanderbilt,11:19,3,2,1,4,.250,2,1
20251114,LAL,Dalton Knecht,10:24,5,1,0,5,.400,0,0
20251114,NOP,Trey Murphy III,38:54,35,7,0,21,.619,1,6
20251114,NOP,Saddiq Bey,36:32,11,7,7,13,.231,1,1
20251114,NOP,Herbert Jones,34:27,13,5,3,14,.286,1,2
20251114,NOP,Jeremiah Fears,28:42,19,4,3,16,.500,7,3
20251114,NOP,Kevon Looney,10:56,2,0,2,1,1.000,0,0
20251114,NOP,Derik Queen,29:22,9,10,5,10,.400,0,5
20251114,NOP,Jose Alvarado,21:22,8,2,2,8,.375,1,1
20251114,NOP,Karlo Matković,12:58,4,3,0,2,1.000,0,1
20251114,NOP,Yves Missi,10:18,0,1,1,0,,0,0
20251114,NOP,Jordan Hawkins,9:09,3,3,1,2,.500,0,1
20251114,NOP,Micah Peavy,7:20,0,0,0,2,.000,0,0
20251114,LAC,James Harden,51:03,41,14,11,25,.520,1,3
20251114,LAC,Ivica Zubac,46:11,27,11,2,15,.733,1,5
20251114,LAC,Derrick Jones Jr.,40:16,15,4,0,10,.400,3,2
20251114,LAC,Kris Dunn,32:14,9,2,5,8,.250,2,1
20251114,LAC,John Collins,23:33,8,3,0,8,.375,2,3
20251114,LAC,Bogdan Bogdanović,37:06,21,3,3,14,.571,4,1
20251114,LAC,Nicolas Batum,24:55,7,2,0,6,.333,3,1
20251114,LAC,Kobe Sanders,13:30,3,1,1,5,.200,0,2
20251114,LAC,Jordan Miller,11:24,2,2,0,3,.333,0,2
20251114,LAC,Brook Lopez,9:48,0,3,0,1,.000,0,0
20251114,DAL,Cooper Flagg,47:39,16,5,0,13,.615,1,4
20251114,DAL,Naji Marshall,47:09,28,8,2,19,.421,1,0
20251114,DAL,Max Christie,36:46,10,7,0,9,.333,2,2
20251114,DAL,Daniel Gafford,27:23,10,8,1,7,.571,1,3
20251114,DAL,Brandon Williams,18:08,7,2,5,9,.222,2,0
20251114,DAL,D'Angelo Russell,38:39,28,6,5,24,.458,2,7
20251114,DAL,Klay Thompson,27:33,13,2,2,11,.364,0,2
20251114,DAL,Caleb Martin,18:22,2,4,3,1,.000,0,2
20251114,DAL,Dereck Lively II,17:15,4,5,0,3,.333,1,1
20251114,DAL,Moussa Cisse,11:06,9,3,0,3,1.000,1,1
20251114,GSW,Stephen Curry,36:03,49,4,2,26,.615,2,3
20251114,GSW,Jimmy Butler,34:39,21,8,1,14,.500,2,1
20251114,GSW,Draymond Green,33:07,6,8,8,12,.250,0,4
20251114,GSW,Moses Moody,29:39,4,3,1,8,.250,0,2
20251114,GSW,Will Richard,15:55,10,1,0,7,.571,2,0
20251114,GSW,Brandin Podziemski,29:57,10,3,3,8,.375,0,0
20251114,GSW,Al Horford,23:33,0,3,0,4,.000,2,0
20251114,GSW,Gary Payton II,15:37,6,3,2,7,.286,1,2
20251114,GSW,Buddy Hield,14:15,0,4,1,1,.000,0,1
20251114,GSW,Quinten Post,7:15,3,2,0,3,.333,0,1
20251114,SAS,Victor Wembanyama,38:14,26,12,4,21,.476,1,3
20251114,SAS,Stephon Castle,36:26,13,9,6,6,.667,1,4
20251114,SAS,De'Aaron Fox,33:12,24,4,10,22,.455,3,4
20251114,SAS,Devin Vassell,31:51,11,3,2,10,.400,2,2
20251114,SAS,Harrison Barnes,28:08,7,4,1,5,.400,1,2
20251114,SAS,Julian Champagnie,22:49,14,2,0,9,.444,0,1
20251114,SAS,Keldon Johnson,19:01,4,5,3,7,.286,0,1
20251114,SAS,Luke Kornet,17:19,4,5,0,2,.500,0,1
20251114,SAS,Jeremy Sochan,13:00,5,3,2,3,.667,0,2
20251115,MEM,Jaren Jackson Jr.,32:40,26,5,2,23,.261,0,2
20251115,MEM,Zach Edey,24:43,13,7,0,7,.429,2,1
20251115,MEM,Cedric Coward,24:32,10,8,2,8,.375,0,2
20251115,MEM,Jaylen Wells,23:51,8,2,0,8,.375,0,2
20251115,MEM,Ja Morant,5:59,7,1,2,2,1.000,0,1
20251115,MEM,Vince Williams Jr.,26:46,8,4,5,9,.333,2,4
20251115,MEM,Santi Aldama,25:01,12,11,2,9,.556,1,0
20251115,MEM,Kentavious Caldwell-Pope,23:19,6,0,3,4,.500,0,1
20251115,MEM,Cam Spencer,19:49,3,1,3,4,.250,1,0
20251115,MEM,Jock Landale,19:23,5,5,1,8,.250,1,2
20251115,MEM,John Konchar,13:57,2,2,1,4,.250,2,0
20251115,CLE,Evan Mobley,35:19,22,13,4,16,.438,0,4
20251115,CLE,Donovan Mitchell,32:55,30,5,5,21,.476,2,4
20251115,CLE,De'Andre Hunter,32:07,9,3,3,8,.500,0,0
20251115,CLE,Sam Merrill,27:11,13,4,1,9,.556,1,2
20251115,CLE,Jarrett Allen,26:21,16,6,2,8,.625,0,2
20251115,CLE,Dean Wade,24:30,4,4,2,4,.500,0,1
20251115,CLE,Lonzo Ball,22:02,9,7,5,5,.600,2,5
20251115,CLE,Nae'Qwan Tomlin,17:53,2,4,1,4,.250,1,0
20251115,CLE,Craig Porter Jr.,12:59,3,3,1,4,.250,1,1
20251115,CLE,Larry Nance Jr.,4:33,0,0,0,2,.000,0,1
20251115,CLE,Tyrese Proctor,4:10,0,0,0,2,.000,0,0
20251115,OKC,Chet Holmgren,32:22,25,8,2,20,.500,0,2
20251115,OKC,Cason Wallace,30:25,10,2,4,7,.571,3,3
20251115,OKC,Isaiah Hartenstein,30:22,12,12,5,10,.600,1,2
20251115,OKC,Shai Gilgeous-Alexander,29:26,33,4,7,19,.684,2,1
20251115,OKC,Luguentz Dort,21:54,3,4,1,4,.250,0,1
20251115,OKC,Ajay Mitchell,30:36,14,6,4,15,.400,1,3
20251115,OKC,Isaiah Joe,21:09,3,5,1,5,.200,2,1
20251115,OKC,Branden Carlson,16:36,7,2,0,5,.600,0,1
20251115,OKC,Ousmane Dieng,13:55,2,2,1,3,.333,0,0
20251115,OKC,Brooks Barnhizer,11:33,0,5,1,1,.000,0,0
20251115,OKC,Alex Caruso,1:42,0,0,0,0,,0,0
20251115,CHO,Miles Bridges,30:07,15,4,4,16,.375,0,0
20251115,CHO,Collin Sexton,29:44,13,4,3,13,.385,1,3
20251115,CHO,Kon Knueppel,27:21,8,4,3,10,.300,0,5
20251115,CHO,Sion James,26:07,3,2,1,7,.143,0,0
20251115,CHO,Ryan Kalkbrenner,25:42,13,7,0,6,.667,1,0
20251115,CHO,Moussa Diabaté,23:45,13,11,4,7,.857,1,2
20251115,CHO,Tre Mann,20:49,10,2,1,14,.286,0,0
20251115,CHO,KJ Simpson,18:02,9,1,5,13,.308,2,2
20251115,CHO,Antonio Reeves,17:13,9,2,0,6,.500,0,0
20251115,CHO,Pat Connaughton,16:26,3,4,1,4,.250,1,0
20251115,CHO,Mason Plumlee,4:44,0,1,1,0,,0,0
20251115,TOR,Scottie Barnes,31:45,14,11,6,7,.429,1,2
20251115,TOR,Brandon Ingram,29:54,19,5,2,12,.500,3,2
20251115,TOR,Immanuel Quickley,29:28,12,3,7,10,.500,0,2
20251115,TOR,RJ Barrett,28:02,22,6,4,17,.529,0,1
20251115,TOR,Jakob Poeltl,25:51,22,9,1,9,.889,1,1
20251115,TOR,Sandro Mamukelashvili,22:09,12,4,3,9,.556,1,0
20251115,TOR,Gradey Dick,19:21,8,6,1,8,.500,1,1
20251115,TOR,Collin Murray-Boyles,17:07,10,2,1,6,.667,1,1
20251115,TOR,Jamal Shead,17:02,7,0,4,6,.500,2,0
20251115,TOR,Ja'Kobe Walter,14:49,3,0,0,2,.500,3,2
20251115,TOR,Garrett Temple,4:32,0,0,0,1,.000,0,0
20251115,IND,Pascal Siakam,35:36,30,4,3,19,.526,2,0
20251115,IND,Andrew Nembhard,31:29,22,4,5,12,.583,0,1
20251115,IND,Jeremiah Robinson-Earl,30:17,7,6,0,6,.500,0,4
20251115,IND,Jarace Walker,29:31,8,8,2,9,.222,2,4
20251115,IND,Tony Bradley,18:39,5,1,1,3,.667,0,0
20251115,IND,Ben Sheppard,20:20,3,3,1,5,.200,1,1
20251115,IND,Isaiah Jackson,18:37,6,6,1,2,.500,0,1
20251115,IND,T.J. McConnell,16:28,9,1,4,11,.364,0,0
20251115,IND,Jay Huff,15:54,8,3,0,9,.333,0,1
20251115,IND,Taelon Peter,13:17,5,3,4,7,.286,0,1
20251115,IND,RayJ Dennis,5:20,7,0,0,3,.667,0,2
20251115,IND,Monte Morris,4:32,1,1,1,1,.000,0,0
20251115,LAL,Luka Dončić,38:13,41,9,6,19,.474,1,3
20251115,LAL,Jake LaRavia,36:32,4,6,1,10,.100,2,1
20251115,LAL,Austin Reaves,36:08,25,6,8,17,.529,1,3
20251115,LAL,Deandre Ayton,28:26,20,10,0,13,.692,2,3
20251115,LAL,Bronny James,9:54,0,1,1,2,.000,1,0
20251115,LAL,Dalton Knecht,33:48,9,6,1,8,.500,3,1
20251115,LAL,Maxi Kleber,25:01,3,1,3,1,1.000,0,0
20251115,LAL,Jaxson Hayes,16:41,10,6,1,4,.750,2,2
20251115,LAL,Jarred Vanderbilt,7:43,0,1,1,0,,0,2
20251115,LAL,Adou Thiero,4:41,4,1,0,1,1.000,0,0
20251115,LAL,Nick Smith Jr.,2:53,3,0,1,2,.500,1,0
20251115,MIL,Giannis Antetokounmpo,31:35,32,10,5,15,.600,0,5
20251115,MIL,Myles Turner,30:12,3,8,1,4,.250,0,1
20251115,MIL,Ryan Rollins,27:14,10,1,3,11,.364,2,3
20251115,MIL,A.J. Green,25:06,15,3,0,10,.500,0,1
20251115,MIL,Kyle Kuzma,19:35,1,1,0,6,.000,0,1
20251115,MIL,Gary Harris,26:15,6,1,1,5,.400,0,0
20251115,MIL,Gary Trent Jr.,23:51,13,0,1,12,.417,0,0
20251115,MIL,Bobby Portis,17:56,8,6,0,8,.375,0,0
20251115,MIL,Cole Anthony,17:41,0,5,7,5,.000,2,2
20251115,MIL,Jericho Sims,7:45,0,2,1,0,,1,0
20251115,MIL,Andre Jackson Jr.,3:35,0,0,1,1,.000,0,2
20251115,MIL,Mark Sears,3:05,4,1,0,2,1.000,0,2
20251115,MIL,Amir Coffey,3:05,3,0,0,1,1.000,0,0
20251115,MIL,Thanasis Antetokounmpo,3:05,0,1,0,0,,1,0
20251115,DEN,Jamal Murray,38:36,23,6,12,22,.409,1,3
20251115,DEN,Nikola Jokić,37:10,27,12,11,15,.533,2,6
20251115,DEN,Aaron Gordon,35:43,23,10,1,15,.533,2,1
20251115,DEN,Peyton Watson,34:04,12,3,0,11,.455,2,1
20251115,DEN,Tim Hardaway Jr.,29:29,23,3,1,8,.750,0,0
20251115,DEN,Bruce Brown,30:05,7,6,1,7,.143,0,0
20251115,DEN,Spencer Jones,17:19,2,0,1,0,,2,1
20251115,DEN,Jonas Valančiūnas,11:30,6,6,2,3,.667,0,0
20251115,DEN,Julian Strawther,6:04,0,1,0,2,.000,0,0
20251115,MIN,Julius Randle,38:09,26,6,8,17,.529,2,2
20251115,MIN,Anthony Edwards,37:56,26,8,6,23,.348,3,3
20251115,MIN,Donte DiVincenzo,34:09,11,5,1,11,.364,0,2
20251115,MIN,Jaden McDaniels,32:46,15,4,3,15,.467,2,0
20251115,MIN,Rudy Gobert,23:10,4,6,0,3,.667,0,4
20251115,MIN,Naz Reid,31:07,19,6,3,11,.636,1,1
20251115,MIN,Mike Conley,24:53,5,1,2,5,.400,0,0
20251115,MIN,Jaylen Clark,11:06,3,2,0,1,1.000,0,1
20251115,MIN,Rob Dillingham,6:44,3,2,0,2,.500,1,0
20251116,LAC,James Harden,37:49,37,7,8,22,.409,1,3
20251116,LAC,Ivica Zubac,33:38,16,12,2,10,.600,1,1
20251116,LAC,John Collins,30:17,17,2,0,13,.615,0,0
20251116,LAC,Kris Dunn,24:30,6,4,3,5,.200,0,3
20251116,LAC,Derrick Jones Jr.,10:56,5,1,0,5,.400,0,1
20251116,LAC,Bogdan Bogdanović,34:45,11,4,3,10,.400,0,2
20251116,LAC,Kobe Sanders,22:37,11,6,2,7,.571,1,1
20251116,LAC,Nicolas Batum,20:17,6,4,0,4,.500,0,1
20251116,LAC,Brook Lopez,14:09,5,2,3,2,.500,1,0
20251116,LAC,Jordan Miller,11:02,4,2,2,3,.333,0,1
20251116,BOS,Derrick White,38:52,22,7,9,17,.412,0,1
20251116,BOS,Jaylen Brown,38:37,33,13,3,33,.424,2,1
20251116,BOS,Neemias Queta,33:28,14,9,3,16,.438,1,0
20251116,BOS,Jordan Walsh,33:13,6,8,3,5,.400,3,0
20251116,BOS,Payton Pritchard,33:05,30,3,2,16,.625,0,0
20251116,BOS,Baylor Scheierman,18:11,3,2,2,3,.333,0,1
20251116,BOS,Luka Garza,14:24,13,4,0,6,.833,0,0
20251116,BOS,Anfernee Simons,11:57,0,0,2,3,.000,0,2
20251116,BOS,Josh Minott,11:29,0,1,1,1,.000,0,0
20251116,BOS,Sam Hauser,6:45,0,2,1,3,.000,0,1
20251116,SAC,DeMar DeRozan,39:04,27,2,4,15,.800,2,1
20251116,SAC,Domantas Sabonis,36:11,17,13,5,14,.500,3,3
20251116,SAC,Russell Westbrook,34:41,14,9,7,11,.364,2,5
20251116,SAC,Zach LaVine,24:34,8,2,3,7,.429,1,2
20251116,SAC,Keon Ellis,14:48,2,1,0,3,.333,0,0
20251116,SAC,Dennis Schröder,35:13,22,6,5,13,.615,1,0
20251116,SAC,Malik Monk,28:08,16,2,1,17,.294,1,1
20251116,SAC,Drew Eubanks,11:49,2,1,0,2,.500,0,0
20251116,SAC,Nique Clifford,10:57,1,0,0,3,.000,0,0
20251116,SAC,Precious Achiuwa,4:35,1,1,0,2,.000,0,0
20251116,SAS,De'Aaron Fox,34:34,28,2,11,20,.550,1,2
20251116,SAS,Devin Vassell,33:54,16,3,7,14,.429,2,1
20251116,SAS,Harrison Barnes,30:12,20,2,3,11,.636,2,0
20251116,SAS,Luke Kornet,27:38,13,11,1,5,1.000,0,2
20251116,SAS,Stephon Castle,15:34,4,0,5,4,.250,1,3
20251116,SAS,Julian Champagnie,26:09,12,2,0,9,.444,1,1
20251116,SAS,Keldon Johnson,22:49,14,12,1,11,.636,0,0
20251116,SAS,Jeremy Sochan,22:13,11,5,2,5,.800,0,2
20251116,SAS,Kelly Olynyk,18:27,5,6,8,5,.400,0,2
20251116,SAS,Carter Bryant,6:35,0,2,0,3,.000,0,1
20251116,SAS,Bismack Biyombo,1:55,0,1,0,0,,0,0
20251116,BRK,Michael Porter Jr.,33:56,34,9,7,18,.611,0,2
20251116,BRK,Nic Claxton,30:11,17,8,7,7,.714,0,2
20251116,BRK,Noah Clowney,29:44,12,4,1,6,.667,1,1
20251116,BRK,Terance Mann,29:07,10,7,3,8,.250,0,2
20251116,BRK,Egor Dёmin,19:44,5,1,5,5,.400,1,1
20251116,BRK,Ziaire Williams,30:03,13,4,0,7,.429,0,1
20251116,BRK,Tyrese Martin,26:01,20,2,4,12,.667,1,2
20251116,BRK,Drake Powell,18:53,6,4,2,6,.500,1,1
20251116,BRK,Day'Ron Sharpe,15:33,6,5,3,4,.500,0,2
20251116,BRK,Tyson Etienne,2:16,3,0,0,3,.333,0,0
20251116,BRK,Jalen Wilson,2:16,3,0,0,1,1.000,0,0
20251116,BRK,E.J. Liddell,2:16,0,0,0,2,.000,0,0
20251116,WAS,CJ McCollum,32:09,17,2,3,12,.500,2,1
20251116,WAS,Kyshawn George,31:44,29,6,5,16,.563,0,4
20251116,WAS,Bilal Coulibaly,27:35,6,3,4,6,.333,2,0
20251116,WAS,Khris Middleton,27:22,14,5,2,7,.571,1,1
20251116,WAS,Alex Sarr,23:06,9,3,1,12,.333,0,0
20251116,WAS,Bub Carrington,20:08,5,4,3,5,.400,1,0
20251116,WAS,Tre Johnson,17:00,6,0,1,9,.333,0,1
20251116,WAS,Marvin Bagley III,16:45,4,3,1,3,.333,0,1
20251116,WAS,Corey Kispert,15:10,4,2,0,4,.500,1,0
20251116,WAS,Cam Whitmore,13:09,6,2,1,5,.400,0,1
20251116,WAS,Tristan Vukcevic,6:37,2,2,0,1,1.000,0,1
20251116,WAS,Justin Champagnie,6:31,4,0,0,3,.333,0,0
20251116,WAS,AJ Johnson,2:44,0,1,0,1,.000,0,0
20251116,ORL,Desmond Bane,44:15,26,4,4,20,.450,1,3
20251116,ORL,Franz Wagner,42:50,29,5,4,21,.381,2,2
20251116,ORL,Tristan Da Silva,40:22,13,6,2,10,.500,3,0
20251116,ORL,Wendell Carter Jr.,37:25,15,6,2,11,.455,1,1
20251116,ORL,Anthony Black,35:46,18,3,4,14,.500,1,2
20251116,ORL,Jett Howard,19:39,5,2,2,6,.333,1,0
20251116,ORL,Goga Bitadze,15:33,4,4,1,2,.500,1,0
20251116,ORL,Tyus Jones,15:20,0,2,2,4,.000,1,0
20251116,ORL,Jonathan Isaac,13:50,3,6,0,3,.333,0,0
20251116,HOU,Kevin Durant,45:05,35,5,6,24,.542,0,5
20251116,HOU,Alperen Şengün,44:36,30,12,8,31,.355,0,5
20251116,HOU,Jabari Smith Jr.,43:09,10,10,0,9,.444,1,1
20251116,HOU,Amen Thompson,38:48,12,10,2,13,.308,0,1
20251116,HOU,Josh Okogie,21:47,1,2,1,0,,2,0
20251116,HOU,Reed Sheppard,28:46,16,7,2,11,.545,1,0
20251116,HOU,Steven Adams,27:15,3,13,0,8,.125,0,2
20251116,HOU,Aaron Holiday,15:35,10,1,0,4,.750,0,0
20251116,GSW,Moses Moody,33:04,32,4,0,16,.625,3,1
20251116,GSW,Jimmy Butler,31:15,18,3,10,8,.750,3,6
20251116,GSW,Stephen Curry,28:07,9,5,3,11,.182,0,4
20251116,GSW,Draymond Green,24:47,8,10,6,13,.231,2,5
20251116,GSW,Will Richard,22:13,9,7,1,9,.444,0,2
20251116,GSW,Brandin Podziemski,25:47,19,3,3,13,.615,0,0
20251116,GSW,Al Horford,20:11,6,2,6,5,.400,2,1
20251116,GSW,Buddy Hield,19:51,11,2,2,8,.500,3,1
20251116,GSW,Gary Payton II,12:03,0,3,0,2,.000,1,0
20251116,GSW,Quinten Post,10:14,4,7,0,4,.250,0,0
20251116,GSW,Gui Santos,4:43,3,0,0,3,.333,0,0
20251116,GSW,Pat Spencer,4:43,3,0,2,1,1.000,0,1
20251116,GSW,Trayce Jackson-Davis,3:02,2,1,1,1,1.000,0,0
20251116,NOP,Trey Murphy III,31:09,20,8,2,13,.462,3,5
20251116,NOP,Saddiq Bey,28:47,11,7,1,10,.400,2,2
20251116,NOP,Herbert Jones,28:43,6,2,1,7,.286,2,2
20251116,NOP,Jeremiah Fears,25:09,17,5,1,14,.500,0,4
20251116,NOP,Derik Queen,24:34,9,7,6,4,.500,0,1
20251116,NOP,Jose Alvarado,25:14,18,1,3,12,.500,0,4
20251116,NOP,Yves Missi,24:45,8,7,2,8,.500,1,1
20251116,NOP,Karlo Matković,20:01,4,2,3,3,.667,2,1
20251116,NOP,Jordan Hawkins,14:45,5,4,2,6,.333,0,0
20251116,NOP,Bryce McGowens,12:35,8,1,0,6,.500,1,0
20251116,NOP,Micah Peavy,4:18,0,1,1,0,,0,0
20251116,POR,Toumani Camara,40:31,11,10,3,13,.385,1,2
20251116,POR,Jerami Grant,39:23,26,5,2,20,.350,0,1
20251116,POR,Deni Avdija,39:07,29,6,7,20,.500,0,4
20251116,POR,Shaedon Sharpe,38:31,36,4,6,32,.375,1,3
20251116,POR,Donovan Clingan,27:54,16,11,2,11,.545,0,0
20251116,POR,Kris Murray,32:13,6,5,2,2,1.000,3,0
20251116,POR,Robert Williams,16:38,6,5,1,5,.600,2,0
20251116,POR,Caleb Love,14:15,2,2,2,6,.167,1,0
20251116,POR,Sidy Cissoko,11:41,1,2,1,2,.000,0,1
20251116,POR,Rayan Rupert,4:46,0,3,0,2,.000,0,0
20251116,DAL,P.J. Washington,38:20,21,7,2,16,.438,1,5
20251116,DAL,Cooper Flagg,37:06,21,8,5,16,.563,1,0
20251116,DAL,Daniel Gafford,31:11,20,6,2,8,.750,1,0
20251116,DAL,Brandon Williams,30:44,15,3,6,10,.500,1,1
20251116,DAL,Max Christie,28:19,14,4,4,7,.571,1,1
20251116,DAL,Naji Marshall,27:04,9,9,3,6,.500,2,2
20251116,DAL,Klay Thompson,25:40,19,3,2,16,.438,0,1
20251116,DAL,D'Angelo Russell,22:16,12,2,7,11,.364,0,2
20251116,DAL,Dereck Lively II,11:52,2,3,1,2,.500,0,2
20251116,DAL,Moussa Cisse,7:24,5,1,0,3,.667,0,0
20251116,DAL,Caleb Martin,5:04,0,1,1,0,,0,0
20251116,ATL,Jalen Johnson,39:27,25,10,7,13,.692,1,5
20251116,ATL,Onyeka Okongwu,37:11,27,4,5,15,.600,2,2
20251116,ATL,Dyson Daniels,36:39,11,7,12,6,.833,3,4
20251116,ATL,Nickeil Alexander-Walker,35:16,26,3,4,18,.500,2,2
20251116,ATL,Zaccharie Risacher,26:06,15,3,4,13,.462,2,1
20251116,ATL,Vít Krejčí,21:54,7,3,2,7,.429,0,1
20251116,ATL,Keaton Wallace,12:28,5,1,1,4,.500,1,1
20251116,ATL,Luke Kennard,11:35,0,1,0,2,.000,0,0
20251116,ATL,Mouhamed Gueye,10:23,0,1,0,2,.000,0,1
20251116,ATL,Asa Newell,9:01,8,1,0,5,.400,0,0
20251116,PHO,Devin Booker,37:36,27,2,7,23,.435,1,5
20251116,PHO,Dillon Brooks,35:32,34,6,1,25,.560,3,3
20251116,PHO,Mark Williams,28:06,8,4,1,5,.800,0,2
20251116,PHO,Royce O'Neale,24:56,3,6,1,9,.111,0,0
20251116,PHO,Ryan Dunn,23:56,12,4,4,9,.444,2,1
20251116,PHO,Collin Gillespie,31:51,15,8,7,13,.385,2,2
20251116,PHO,Jordan Goodwin,21:46,14,7,2,9,.667,1,1
20251116,PHO,Isaiah Livers,17:09,6,5,0,2,1.000,0,0
20251116,PHO,Nick Richards,13:53,3,5,0,2,.500,0,2
20251116,PHO,Oso Ighodaro,5:15,0,0,0,0,,0,1
20251116,CHI,Josh Giddey,42:18,26,13,13,21,.429,2,6
20251116,CHI,Nikola Vučević,41:24,21,12,2,17,.471,0,0
20251116,CHI,Isaac Okoro,40:22,5,6,3,7,.286,1,1
20251116,CHI,Matas Buzelis,33:14,18,6,1,13,.538,1,0
20251116,CHI,Kevin Huerter,32:31,6,8,2,8,.250,1,1
20251116,CHI,Coby White,30:19,27,4,8,14,.357,1,3
20251116,CHI,Ayo Dosunmu,25:49,18,1,5,10,.600,0,3
20251116,CHI,Jalen Smith,16:36,8,8,3,8,.375,0,1
20251116,CHI,Patrick Williams,14:09,8,1,1,5,.600,1,2
20251116,CHI,Julian Phillips,13:19,10,1,0,5,.800,0,0
20251116,UTA,Lauri Markkanen,46:22,47,7,2,33,.455,2,1
20251116,UTA,Keyonte George,43:58,33,2,6,27,.370,4,4
20251116,UTA,Jusuf Nurkić,38:02,5,14,5,6,.333,3,1
20251116,UTA,Svi Mykhailiuk,28:39,10,0,3,6,.667,0,0
20251116,UTA,Ace Bailey,10:26,5,1,0,5,.400,0,0
20251116,UTA,Isaiah Collier,36:30,16,4,9,6,.667,2,3
20251116,UTA,Brice Sensabaugh,27:49,16,6,1,9,.556,1,0
20251116,UTA,Kyle Filipowski,21:07,8,9,1,7,.571,1,0
20251116,UTA,Cody Williams,18:40,0,2,0,4,.000,0,0
20251116,UTA,Kevin Love,18:27,10,8,2,8,.375,0,0
20251117,MIL,A.J. Green,40:29,12,3,4,10,.400,1,0
20251117,MIL,Myles Turner,37:10,15,7,2,9,.444,3,2
20251117,MIL,Ryan Rollins,28:46,24,3,5,22,.409,1,4
20251117,MIL,Kyle Kuzma,24:09,10,5,2,12,.333,1,0
20251117,MIL,Giannis Antetokounmpo,13:00,14,5,4,10,.600,1,4
20251117,MIL,Gary Trent Jr.,31:27,12,2,0,10,.500,1,2
20251117,MIL,Bobby Portis,26:43,11,6,0,7,.429,1,0
20251117,MIL,Cole Anthony,21:30,4,1,8,8,.250,0,2
20251117,MIL,Jericho Sims,11:31,2,2,1,2,.500,0,0
20251117,MIL,Gary Harris,5:15,2,0,0,3,.333,0,0
20251117,CLE,Evan Mobley,36:02,14,6,6,9,.444,0,6
20251117,CLE,Donovan Mitchell,35:45,37,5,7,22,.636,1,2
20251117,CLE,Sam Merrill,27:52,20,5,0,10,.700,0,1
20251117,CLE,De'Andre Hunter,25:35,11,5,1,11,.455,0,2
20251117,CLE,Jarrett Allen,24:46,12,6,2,7,.571,0,2
20251117,CLE,Dean Wade,27:32,5,8,3,3,.667,2,0
20251117,CLE,Lonzo Ball,23:04,6,5,5,8,.250,2,1
20251117,CLE,Craig Porter Jr.,20:08,11,1,0,6,.833,2,1
20251117,CLE,Nae'Qwan Tomlin,12:11,2,2,1,2,.500,0,1
20251117,CLE,Thomas Bryant,7:05,0,2,0,1,.000,0,0
20251117,IND,Pascal Siakam,33:49,29,7,1,17,.471,1,3
20251117,IND,Andrew Nembhard,31:31,15,1,4,10,.400,0,5
20251117,IND,Jarace Walker,28:27,8,3,1,4,.500,2,3
20251117,IND,Isaiah Jackson,26:35,16,10,3,7,.857,2,1
20251117,IND,Bennedict Mathurin,25:15,25,3,2,16,.438,1,4
20251117,IND,Ben Sheppard,28:41,4,4,4,7,.286,1,0
20251117,IND,Jeremiah Robinson-Earl,20:22,4,9,0,8,.250,0,0
20251117,IND,Tony Bradley,17:29,4,5,1,6,.167,0,3
20251117,IND,T.J. McConnell,15:26,0,1,2,4,.000,1,1
20251117,IND,Jay Huff,8:03,5,0,0,4,.500,0,0
20251117,IND,Monte Morris,2:11,2,0,0,1,1.000,0,1
20251117,IND,Taelon Peter,2:11,0,0,1,0,,0,0
20251117,DET,Duncan Robinson,34:17,13,2,4,12,.333,2,1
20251117,DET,Daniss Jenkins,33:27,26,2,8,21,.524,1,4
20251117,DET,Ron Holland,30:31,7,7,2,6,.500,1,3
20251117,DET,Jalen Duren,28:34,31,15,3,13,.923,0,1
20251117,DET,Isaiah Stewart,20:26,10,2,0,7,.429,0,2
20251117,DET,Javonte Green,27:08,20,4,0,11,.636,2,0
20251117,DET,Chaz Lanier,18:24,3,2,1,3,.333,1,0
20251117,DET,Caris LeVert,17:26,8,5,8,8,.500,0,3
20251117,DET,Wendell Moore Jr.,15:00,0,2,0,2,.000,1,1
20251117,DET,Paul Reed,13:28,7,2,3,3,.667,1,1
20251117,DET,Isaac Jones,1:19,2,0,0,2,.500,0,0
20251117,LAC,James Harden,36:47,28,6,5,25,.280,1,4
20251117,LAC,Ivica Zubac,33:56,14,13,1,13,.538,1,0
20251117,LAC,Kobe Sanders,30:24,17,1,1,11,.455,1,1
20251117,LAC,John Collins,27:15,11,7,0,8,.375,0,1
20251117,LAC,Kris Dunn,27:06,7,2,5,5,.600,1,1
20251117,LAC,Bogdan Bogdanović,26:29,9,7,5,9,.333,1,0
20251117,LAC,Nicolas Batum,20:47,11,6,1,7,.429,1,1
20251117,LAC,Brook Lopez,14:02,6,1,0,5,.400,0,1
20251117,LAC,Cam Christie,12:01,2,0,0,2,.500,0,1
20251117,LAC,Chris Paul,11:13,3,2,0,2,.500,0,0
20251117,PHI,Tyrese Maxey,40:57,39,3,6,27,.481,1,4
20251117,PHI,Andre Drummond,37:56,14,18,0,8,.625,1,1
20251117,PHI,VJ Edgecombe,37:19,14,6,6,13,.462,0,0
20251117,PHI,Dominick Barlow,21:12,7,1,0,4,.750,3,2
20251117,PHI,Paul George,21:06,9,7,3,9,.222,0,1
20251117,PHI,Quentin Grimes,35:34,19,2,3,10,.600,1,0
20251117,PHI,Trendon Watford,18:56,8,4,4,6,.667,1,1
20251117,PHI,Justin Edwards,18:02,0,5,4,6,.000,0,0
20251117,PHI,Jared McCain,5:06,0,0,0,0,,0,0
20251117,PHI,Jabari Walker,3:52,0,0,0,1,.000,0,0
20251117,NYK,Landry Shamet,39:26,10,3,4,11,.182,0,0
20251117,NYK,Mikal Bridges,39:13,23,3,4,14,.643,2,2
20251117,NYK,Miles McBride,38:44,25,4,0,23,.435,0,1
20251117,NYK,Karl-Anthony Towns,32:37,22,15,2,19,.368,0,4
20251117,NYK,Mitchell Robinson,18:29,5,11,1,3,.667,1,1
20251117,NYK,Josh Hart,34:05,14,5,9,11,.545,2,6
20251117,NYK,Jordan Clarkson,26:03,14,3,3,13,.538,1,1
20251117,NYK,Guerschon Yabusele,10:00,0,3,0,0,,0,0
20251117,NYK,Mohamed Diawara,1:23,0,1,0,0,,1,0
20251117,MIA,Andrew Wiggins,32:57,6,4,4,15,.200,0,0
20251117,MIA,Davion Mitchell,32:30,18,3,5,12,.583,0,3
20251117,MIA,Norman Powell,31:43,19,1,3,20,.450,1,2
20251117,MIA,Kel'el Ware,30:41,16,14,1,9,.778,1,0
20251117,MIA,Pelle Larsson,26:16,13,7,4,9,.444,0,2
20251117,MIA,Jaime Jaquez Jr.,32:28,13,1,4,11,.455,0,5
20251117,MIA,Simone Fontecchio,20:36,14,4,3,11,.455,2,0
20251117,MIA,Dru Smith,15:30,11,3,3,5,.600,1,0
20251117,MIA,Nikola Jović,14:59,5,1,2,7,.286,0,0
20251117,MIA,Keshad Johnson,2:20,0,2,0,2,.000,0,0
20251117,CHO,Miles Bridges,38:29,22,8,3,22,.409,3,4
20251117,CHO,Kon Knueppel,35:46,24,7,1,16,.563,3,3
20251117,CHO,Ryan Kalkbrenner,28:28,7,10,0,3,.667,0,2
20251117,CHO,LaMelo Ball,27:32,20,5,8,19,.316,1,3
20251117,CHO,Sion James,24:55,0,5,2,4,.000,1,2
20251117,CHO,Collin Sexton,27:45,17,3,2,12,.417,0,1
20251117,CHO,Moussa Diabaté,19:35,8,7,2,3,1.000,0,1
20251117,CHO,Drew Peterson,16:08,1,1,1,3,.000,0,0
20251117,CHO,Tre Mann,12:19,4,1,0,3,.667,3,0
20251117,CHO,Pat Connaughton,9:03,5,1,0,2,.500,0,0
20251117,TOR,Brandon Ingram,37:29,27,6,3,21,.429,2,5
20251117,TOR,Scottie Barnes,33:18,16,6,6,16,.500,1,1
20251117,TOR,RJ Barrett,32:54,16,3,3,16,.438,1,1
20251117,TOR,Jakob Poeltl,31:41,13,9,1,7,.857,0,1
20251117,TOR,Immanuel Quickley,31:05,15,10,4,11,.545,2,3
20251117,TOR,Jamal Shead,20:11,2,2,4,2,.500,2,3
20251117,TOR,Gradey Dick,19:21,10,1,2,5,.600,0,0
20251117,TOR,Collin Murray-Boyles,15:22,4,1,1,3,.333,0,1
20251117,TOR,Sandro Mamukelashvili,14:51,7,4,1,7,.429,0,1
20251117,TOR,Ja'Kobe Walter,3:48,0,1,0,0,,0,1
20251117,DAL,Cooper Flagg,26:51,15,1,2,10,.600,0,1
20251117,DAL,Moussa Cisse,25:30,5,10,0,6,.333,1,1
20251117,DAL,P.J. Washington,24:53,13,7,2,12,.417,1,2
20251117,DAL,Brandon Williams,24:17,15,5,2,12,.333,1,2
20251117,DAL,Max Christie,18:45,1,0,1,1,.000,0,1
20251117,DAL,Naji Marshall,23:15,7,3,0,9,.333,1,2
20251117,DAL,D'Angelo Russell,22:24,8,2,4,11,.364,0,4
20251117,DAL,Caleb Martin,17:33,6,3,1,4,.500,1,2
20251117,DAL,Klay Thompson,17:11,7,0,0,9,.333,2,1
20251117,DAL,Dwight Powell,16:33,0,5,1,0,,0,0
20251117,DAL,Jaden Hardy,13:43,17,3,0,9,.444,0,4
20251117,DAL,Miles Kelly,9:05,2,4,0,2,.500,0,0
20251117,MIN,Anthony Edwards,29:24,13,4,3,14,.357,2,2
20251117,MIN,Rudy Gobert,29:06,15,9,4,8,.750,2,2
20251117,MIN,Julius Randle,26:54,12,6,4,16,.250,1,1
20251117,MIN,Donte DiVincenzo,26:19,14,5,2,8,.500,0,1
20251117,MIN,Jaden McDaniels,23:16,15,5,3,6,.667,2,3
20251117,MIN,Naz Reid,22:34,22,12,2,14,.643,0,3
20251117,MIN,Jaylen Clark,18:47,5,6,0,5,.400,1,0
20251117,MIN,Mike Conley,15:41,5,2,3,4,.500,3,1
20251117,MIN,Rob Dillingham,12:58,8,1,1,12,.333,2,2
20251117,MIN,Leonard Miller,9:40,0,3,3,2,.000,1,1
20251117,MIN,Joan Beringer,7:46,6,4,0,4,.500,0,0
20251117,MIN,Bones Hyland,7:46,2,2,1,2,.500,1,0
20251117,MIN,Joe Ingles,6:50,0,0,1,0,,1,0
20251117,MIN,Johnny Juzang,2:59,3,0,0,2,.500,0,0
20251117,OKC,Chet Holmgren,32:49,26,9,0,14,.714,0,3
20251117,OKC,Shai Gilgeous-Alexander,28:56,23,2,8,9,.556,3,3
20251117,OKC,Cason Wallace,28:17,7,2,4,10,.300,3,3
20251117,OKC,Luguentz Dort,27:48,17,1,1,9,.556,1,0
20251117,OKC,Isaiah Hartenstein,26:50,16,7,6,10,.700,4,2
20251117,OKC,Isaiah Joe,26:12,14,3,4,11,.455,0,1
20251117,OKC,Ajay Mitchell,25:52,11,2,1,14,.286,1,0
20251117,OKC,Jaylin Williams,18:27,0,5,1,2,.000,0,4
20251117,OKC,Branden Carlson,10:37,7,4,2,5,.400,0,0
20251117,OKC,Brooks Barnhizer,7:10,2,2,1,1,1.000,0,0
20251117,OKC,Ousmane Dieng,4:19,0,0,2,1,.000,0,0
20251117,OKC,Chris Youngblood,2:43,3,1,0,1,1.000,0,0
20251117,NOP,Trey Murphy III,33:20,18,5,1,9,.667,3,3
20251117,NOP,Derik Queen,26:26,9,8,3,10,.300,2,6
20251117,NOP,Herbert Jones,26:15,5,2,1,8,.125,1,4
20251117,NOP,Jeremiah Fears,25:21,24,1,1,16,.563,0,3
20251117,NOP,Yves Missi,21:54,6,2,2,6,.500,1,2
20251117,NOP,Jordan Hawkins,25:24,11,2,6,11,.455,0,0
20251117,NOP,Micah Peavy,24:11,16,4,4,9,.778,0,0
20251117,NOP,Jose Alvarado,22:47,6,2,1,9,.333,2,1
20251117,NOP,Karlo Matković,21:50,10,6,2,5,.800,0,1
20251117,NOP,Bryce McGowens,12:32,4,3,0,3,.333,0,0
20251117,CHI,Josh Giddey,30:19,21,14,6,12,.667,0,2
20251117,CHI,Matas Buzelis,29:05,13,4,2,14,.357,0,1
20251117,CHI,Nikola Vučević,29:00,8,9,6,13,.231,1,1
20251117,CHI,Kevin Huerter,24:00,20,2,1,12,.583,0,1
20251117,CHI,Isaac Okoro,19:57,2,1,1,3,.333,0,0
20251117,CHI,Ayo Dosunmu,25:50,21,3,5,9,.889,0,1
20251117,CHI,Jevon Carter,18:08,15,4,1,13,.385,0,1
20251117,CHI,Dalen Terry,18:04,5,3,4,4,.500,0,1
20251117,CHI,Jalen Smith,17:57,16,8,2,11,.545,2,1
20251117,CHI,Patrick Williams,16:58,7,2,2,7,.286,1,0
20251117,CHI,Julian Phillips,10:42,2,3,1,4,.250,1,0
20251117,DEN,Nikola Jokić,38:38,36,18,13,27,.481,1,2
20251117,DEN,Jamal Murray,38:16,34,11,4,22,.545,1,2
20251117,DEN,Cameron Johnson,36:55,19,4,3,12,.500,0,0
20251117,DEN,Peyton Watson,34:02,5,3,1,4,.500,1,1
20251117,DEN,Aaron Gordon,32:25,24,10,0,18,.556,0,0
20251117,DEN,Bruce Brown,22:32,0,2,0,2,.000,0,0
20251117,DEN,Tim Hardaway Jr.,16:12,4,2,0,8,.250,3,0
20251117,DEN,Jalen Pickett,10:27,3,1,0,3,.333,0,0
20251117,DEN,Spencer Jones,6:01,0,0,0,0,,0,1
20251117,DEN,Jonas Valančiūnas,4:33,2,2,0,1,.000,0,2
20251118,GSW,Jimmy Butler,38:14,33,7,4,16,.625,3,3
20251118,GSW,Stephen Curry,34:13,34,3,9,23,.522,3,5
20251118,GSW,Draymond Green,31:24,12,6,6,8,.625,0,3
20251118,GSW,Moses Moody,29:34,6,4,2,6,.333,2,3
20251118,GSW,Will Richard,15:18,6,0,2,2,1.000,1,1
20251118,GSW,Al Horford,27:10,9,6,1,6,.333,2,2
20251118,GSW,Brandin Podziemski,26:31,5,6,0,7,.286,0,0
20251118,GSW,Buddy Hield,15:12,2,0,0,3,.333,0,1
20251118,GSW,Quinten Post,12:09,2,3,1,4,.250,0,0
20251118,GSW,Gary Payton II,10:15,4,1,1,3,.667,0,0
20251118,ORL,Desmond Bane,39:10,23,6,5,16,.438,5,3
20251118,ORL,Franz Wagner,36:23,18,8,3,17,.412,1,1
20251118,ORL,Wendell Carter Jr.,35:07,17,12,2,7,.714,1,1
20251118,ORL,Jalen Suggs,31:56,13,5,8,11,.364,2,3
20251118,ORL,Tristan Da Silva,28:52,15,4,2,13,.462,1,2
20251118,ORL,Anthony Black,32:45,21,4,2,13,.615,2,1
20251118,ORL,Tyus Jones,14:55,8,0,3,3,1.000,1,1
20251118,ORL,Goga Bitadze,13:54,6,2,3,3,1.000,1,1
20251118,ORL,Jonathan Isaac,6:49,0,2,0,2,.000,0,1
20251118,ORL,Jamal Cain,0:09,0,0,0,0,,0,0
20251118,DET,Cade Cunningham,33:49,25,6,10,23,.435,2,3
20251118,DET,Duncan Robinson,30:41,14,3,3,10,.500,1,2
20251118,DET,Daniss Jenkins,29:40,14,3,7,10,.600,2,1
20251118,DET,Jalen Duren,28:54,24,8,3,12,.667,2,2
20251118,DET,Isaiah Stewart,26:10,13,9,3,7,.571,0,2
20251118,DET,Javonte Green,28:37,9,3,1,5,.600,2,2
20251118,DET,Ausar Thompson,23:45,6,2,0,5,.600,1,0
20251118,DET,Ron Holland,18:35,2,1,1,2,.500,1,0
20251118,DET,Chaz Lanier,10:59,9,2,0,7,.429,0,0
20251118,DET,Paul Reed,8:50,4,2,0,2,1.000,1,0
20251118,ATL,Jalen Johnson,39:06,25,8,9,18,.444,3,4
20251118,ATL,Dyson Daniels,37:35,12,9,6,9,.667,3,3
20251118,ATL,Nickeil Alexander-Walker,36:43,24,3,3,20,.450,0,0
20251118,ATL,Vít Krejčí,36:06,9,3,2,9,.333,0,2
20251118,ATL,Onyeka Okongwu,33:35,21,1,3,13,.615,1,5
20251118,ATL,Mouhamed Gueye,21:24,11,11,1,10,.500,0,1
20251118,ATL,Luke Kennard,17:05,3,0,5,2,.500,1,1
20251118,ATL,Keaton Wallace,13:08,7,0,2,4,.500,1,1
20251118,ATL,Caleb Houstan,3:23,0,0,0,2,.000,0,0
20251118,ATL,Asa Newell,1:55,0,0,0,0,,0,0
20251118,BOS,Payton Pritchard,35:15,22,10,5,16,.375,0,3
20251118,BOS,Derrick White,32:47,15,5,4,15,.400,2,4
20251118,BOS,Jaylen Brown,32:00,29,4,4,19,.474,1,8
20251118,BOS,Neemias Queta,22:51,6,7,2,5,.600,0,0
20251118,BOS,Jordan Walsh,11:13,4,1,0,2,1.000,0,0
20251118,BOS,Anfernee Simons,26:09,11,4,5,4,.750,0,3
20251118,BOS,Sam Hauser,22:01,8,7,3,7,.429,2,0
20251118,BOS,Luka Garza,20:23,5,5,0,1,1.000,1,1
20251118,BOS,Josh Minott,19:15,10,4,0,4,.750,0,0
20251118,BOS,Baylor Scheierman,13:22,3,2,1,2,.500,0,0
20251118,BOS,Xavier Tillman Sr.,4:47,0,0,1,0,,0,0
20251118,BRK,Michael Porter Jr.,33:42,25,6,2,16,.500,3,1
20251118,BRK,Nic Claxton,30:06,7,11,3,9,.111,0,3
20251118,BRK,Terance Mann,27:13,3,4,7,4,.250,0,1
20251118,BRK,Egor Dёmin,23:15,12,3,4,10,.400,1,4
20251118,BRK,Noah Clowney,22:41,13,1,0,8,.500,1,0
20251118,BRK,Ziaire Williams,27:20,12,4,3,11,.364,1,1
20251118,BRK,Drake Powell,24:28,3,1,1,5,.200,1,2
20251118,BRK,Day'Ron Sharpe,17:54,16,7,2,10,.700,3,1
20251118,BRK,Tyrese Martin,17:53,8,1,2,6,.500,2,0
20251118,BRK,Jalen Wilson,11:36,0,1,0,3,.000,0,0
20251118,BRK,Nolan Traoré,1:56,0,0,1,0,,0,0
20251118,BRK,Danny Wolf,1:56,0,0,0,0,,0,0
20251118,MEM,Jaren Jackson Jr.,33:11,18,6,3,20,.400,0,3
20251118,MEM,Vince Williams Jr.,29:50,14,9,9,13,.385,0,1
20251118,MEM,Jaylen Wells,26:38,9,1,2,9,.444,2,0
20251118,MEM,Cedric Coward,25:30,19,11,1,15,.467,0,3
20251118,MEM,Zach Edey,25:05,8,11,2,10,.400,0,3
20251118,MEM,Santi Aldama,25:52,10,6,2,10,.400,1,1
20251118,MEM,Cam Spencer,23:39,15,2,3,10,.600,0,1
20251118,MEM,Kentavious Caldwell-Pope,18:56,4,3,3,6,.333,1,0
20251118,MEM,Jock Landale,17:33,4,7,2,9,.222,1,2
20251118,MEM,John Konchar,13:47,0,3,3,2,.000,1,0
20251118,SAS,Devin Vassell,34:40,10,3,5,11,.273,2,1
20251118,SAS,De'Aaron Fox,33:12,26,1,3,20,.500,2,2
20251118,SAS,Harrison Barnes,32:09,23,5,3,14,.643,1,0
20251118,SAS,Luke Kornet,25:05,0,4,3,1,.000,1,0
20251118,SAS,Julian Champagnie,24:23,9,1,0,6,.500,0,1
20251118,SAS,Keldon Johnson,30:14,18,7,2,15,.533,2,2
20251118,SAS,Jeremy Sochan,22:12,8,6,2,6,.500,0,2
20251118,SAS,Kelly Olynyk,18:34,10,5,3,6,.500,2,1
20251118,SAS,Carter Bryant,7:45,5,2,0,5,.400,0,0
20251118,SAS,David Jones García,6:55,2,1,2,1,1.000,0,0
20251118,SAS,Lindy Waters III,4:51,0,3,0,2,.000,0,0
20251118,UTA,Keyonte George,35:21,34,4,8,23,.565,2,4
20251118,UTA,Lauri Markkanen,32:01,31,5,2,21,.571,2,1
20251118,UTA,Jusuf Nurkić,28:52,10,10,6,5,.800,2,6
20251118,UTA,Svi Mykhailiuk,25:12,13,3,1,7,.714,0,1
20251118,UTA,Ace Bailey,23:22,13,1,1,12,.500,1,1
20251118,UTA,Isaiah Collier,20:59,9,2,6,6,.500,0,4
20251118,UTA,Cody Williams,20:36,4,0,0,5,.400,1,0
20251118,UTA,Kyle Anderson,20:02,5,3,5,5,.400,2,0
20251118,UTA,Brice Sensabaugh,17:23,3,1,3,6,.167,2,1
20251118,UTA,Kevin Love,13:32,0,4,0,2,.000,0,0
20251118,UTA,Elijah Harkless,2:40,4,0,1,0,,1,0
20251118,LAL,Luka Dončić,34:14,37,5,10,22,.500,4,8
20251118,LAL,Austin Reaves,33:26,26,5,1,11,.636,1,4
20251118,LAL,Deandre Ayton,30:00,20,14,1,13,.769,1,1
20251118,LAL,LeBron James,29:37,11,3,12,7,.571,1,1
20251118,LAL,Rui Hachimura,25:42,6,4,1,8,.375,0,0
20251118,LAL,Jake LaRavia,25:30,16,4,2,10,.600,1,0
20251118,LAL,Marcus Smart,17:09,5,3,1,5,.400,0,0
20251118,LAL,Gabe Vincent,16:01,6,0,1,3,.667,0,0
20251118,LAL,Jaxson Hayes,15:02,8,3,0,3,1.000,1,0
20251118,LAL,Bronny James,3:33,3,0,2,1,1.000,0,3
20251118,LAL,Adou Thiero,3:33,2,0,0,1,1.000,0,0
20251118,LAL,Dalton Knecht,3:33,0,0,0,0,,0,0
20251118,LAL,Maxi Kleber,2:40,0,0,0,0,,0,0
20251118,PHO,Royce O'Neale,31:10,9,5,1,10,.300,2,1
20251118,PHO,Devin Booker,29:03,19,6,5,13,.462,3,1
20251118,PHO,Ryan Dunn,26:32,9,3,4,8,.500,5,1
20251118,PHO,Dillon Brooks,25:38,12,2,4,11,.455,3,3
20251118,PHO,Mark Williams,21:16,15,6,1,9,.778,2,2
20251118,PHO,Collin Gillespie,28:11,19,3,6,11,.545,1,3
20251118,PHO,Jordan Goodwin,21:48,10,4,1,10,.400,3,1
20251118,PHO,Oso Ighodaro,16:05,14,4,1,7,.857,0,1
20251118,PHO,Isaiah Livers,12:38,5,2,0,3,.333,0,0
20251118,PHO,Nick Richards,10:39,8,2,0,7,.571,0,0
20251118,PHO,Rasheer Fleming,10:00,4,6,0,4,.000,0,2
20251118,PHO,Nigel Hayes-Davis,3:36,0,3,0,3,.000,0,0
20251118,PHO,Jamaree Bouyea,3:26,3,0,1,2,.500,0,0
20251118,POR,Toumani Camara,32:15,6,2,3,10,.200,1,4
20251118,POR,Shaedon Sharpe,29:40,29,2,3,24,.500,1,2
20251118,POR,Deni Avdija,29:11,19,5,5,17,.412,0,1
20251118,POR,Kris Murray,25:08,3,4,0,4,.250,0,0
20251118,POR,Donovan Clingan,23:27,9,12,2,8,.375,0,2
20251118,POR,Caleb Love,32:07,17,7,3,14,.500,1,3
20251118,POR,Sidy Cissoko,28:07,8,3,5,7,.286,2,2
20251118,POR,Yang Hansen,13:08,9,5,3,7,.571,0,3
20251118,POR,Duop Reath,10:25,3,0,0,2,.500,0,0
20251118,POR,Rayan Rupert,8:27,3,1,0,2,.500,1,1
20251118,POR,Robert Williams,8:06,4,2,0,2,1.000,1,1
20251119,HOU,Amen Thompson,40:19,12,9,6,14,.429,5,1
20251119,HOU,Alperen Şengün,38:00,28,11,7,17,.588,1,5
20251119,HOU,Kevin Durant,36:31,20,3,3,18,.333,0,4
20251119,HOU,Jabari Smith Jr.,30:49,14,9,2,12,.417,0,0
20251119,HOU,Steven Adams,27:59,6,11,3,6,.333,0,2
20251119,HOU,Reed Sheppard,22:57,12,2,2,11,.455,1,0
20251119,HOU,Aaron Holiday,19:17,18,0,0,7,.714,1,0
20251119,HOU,Clint Capela,13:54,4,5,0,3,.667,1,1
20251119,HOU,Josh Okogie,8:08,0,1,0,2,.000,0,0
20251119,HOU,Jae'Sean Tate,2:07,0,0,0,0,,0,0
20251119,CLE,Evan Mobley,35:41,18,6,0,13,.538,0,3
20251119,CLE,Donovan Mitchell,34:06,21,3,2,17,.471,2,4
20251119,CLE,De'Andre Hunter,30:32,25,4,2,11,.545,0,3
20251119,CLE,Jarrett Allen,28:16,8,7,3,9,.444,1,1
20251119,CLE,Nae'Qwan Tomlin,19:38,10,2,0,10,.400,0,0
20251119,CLE,Dean Wade,26:43,4,7,3,5,.200,0,0
20251119,CLE,Craig Porter Jr.,25:47,9,7,5,6,.667,0,1
20251119,CLE,Lonzo Ball,25:00,7,2,2,8,.250,1,0
20251119,CLE,Tyrese Proctor,10:23,2,1,3,1,.000,0,0
20251119,CLE,Thomas Bryant,3:53,0,0,0,1,.000,0,0
20251119,CHO,Kon Knueppel,41:46,28,8,7,20,.550,0,2
20251119,CHO,Miles Bridges,35:23,25,5,2,20,.450,1,0
20251119,CHO,LaMelo Ball,27:18,18,7,9,21,.238,2,6
20251119,CHO,Ryan Kalkbrenner,24:42,10,9,0,5,.800,0,0
20251119,CHO,Sion James,23:23,1,2,1,4,.000,1,1
20251119,CHO,Collin Sexton,25:09,11,0,5,13,.308,1,2
20251119,CHO,Moussa Diabaté,24:08,8,12,3,9,.333,0,1
20251119,CHO,Drew Peterson,18:34,4,3,0,6,.333,1,0
20251119,CHO,Pat Connaughton,16:19,13,2,1,7,.714,1,0
20251119,CHO,KJ Simpson,3:18,0,0,0,2,.000,0,0
20251119,IND,Pascal Siakam,36:37,22,4,7,17,.529,1,2
20251119,IND,Bennedict Mathurin,34:03,24,12,2,13,.538,1,1
20251119,IND,Andrew Nembhard,33:57,16,2,7,15,.400,0,6
20251119,IND,Ben Sheppard,31:19,15,4,2,10,.500,2,0
20251119,IND,Isaiah Jackson,16:23,2,4,1,2,.500,0,2
20251119,IND,Jay Huff,27:08,20,5,4,13,.538,0,1
20251119,IND,Jarace Walker,25:34,9,4,0,6,.500,0,2
20251119,IND,Jeremiah Robinson-Earl,16:30,3,2,1,2,.500,1,0
20251119,IND,T.J. McConnell,14:03,14,6,8,6,1.000,0,1
20251119,IND,Tony Bradley,4:26,2,0,0,1,1.000,0,0
20251119,TOR,Immanuel Quickley,38:29,18,5,6,15,.467,3,1
20251119,TOR,Scottie Barnes,36:02,16,9,5,17,.471,1,6
20251119,TOR,RJ Barrett,33:54,22,3,4,12,.500,0,0
20251119,TOR,Jakob Poeltl,32:50,19,8,4,10,.800,1,1
20251119,TOR,Brandon Ingram,31:09,22,0,5,10,.700,0,4
20251119,TOR,Jamal Shead,19:54,0,2,6,3,.000,1,1
20251119,TOR,Sandro Mamukelashvili,15:10,7,2,2,5,.400,1,0
20251119,TOR,Ja'Kobe Walter,14:33,11,1,1,5,.800,3,1
20251119,TOR,Gradey Dick,14:31,4,1,0,4,.500,2,0
20251119,TOR,Jamison Battle,3:28,2,0,0,3,.333,0,0
20251119,PHI,Tyrese Maxey,38:30,24,2,9,14,.571,3,3
20251119,PHI,VJ Edgecombe,37:06,21,6,4,20,.400,3,4
20251119,PHI,Andre Drummond,34:03,10,12,0,9,.556,2,3
20251119,PHI,Justin Edwards,22:33,8,2,2,6,.333,1,2
20251119,PHI,Dominick Barlow,17:16,5,3,3,5,.400,0,3
20251119,PHI,Quentin Grimes,31:56,21,2,2,15,.467,2,1
20251119,PHI,Jabari Walker,23:13,9,9,2,6,.667,0,1
20251119,PHI,Trendon Watford,21:28,9,3,2,5,.600,0,3
20251119,PHI,Jared McCain,13:55,5,2,0,7,.286,0,1
20251119,GSW,Moses Moody,35:42,9,6,4,12,.250,1,3
20251119,GSW,Brandin Podziemski,34:27,20,8,2,19,.316,0,3
20251119,GSW,Trayce Jackson-Davis,24:57,8,12,0,3,.667,0,1
20251119,GSW,Gui Santos,18:26,4,6,0,7,.143,0,2
20251119,GSW,Will Richard,18:05,0,3,0,3,.000,0,1
20251119,GSW,Pat Spencer,32:07,11,8,13,13,.385,2,2
20251119,GSW,Buddy Hield,30:50,18,6,3,20,.350,2,4
20251119,GSW,Quinten Post,26:19,19,6,2,13,.615,1,5
20251119,GSW,Gary Payton II,19:07,7,7,0,5,.400,2,0
20251119,MIA,Andrew Wiggins,34:26,17,6,1,16,.438,2,1
20251119,MIA,Bam Adebayo,28:48,20,7,3,13,.538,1,1
20251119,MIA,Pelle Larsson,28:20,10,3,4,11,.273,1,2
20251119,MIA,Norman Powell,28:18,25,6,3,14,.714,1,1
20251119,MIA,Davion Mitchell,24:17,5,1,6,5,.400,0,0
20251119,MIA,Jaime Jaquez Jr.,34:24,12,5,7,12,.333,2,2
20251119,MIA,Dru Smith,23:43,4,4,4,5,.200,2,2
20251119,MIA,Kel'el Ware,19:12,7,16,0,10,.300,0,1
20251119,MIA,Simone Fontecchio,18:32,10,4,2,10,.200,1,4
20251119,WAS,Kyshawn George,37:22,23,7,7,17,.471,1,4
20251119,WAS,CJ McCollum,30:57,14,5,4,15,.400,0,1
20251119,WAS,Marvin Bagley III,30:33,13,7,3,11,.545,3,2
20251119,WAS,Bilal Coulibaly,29:20,13,4,4,6,.833,0,1
20251119,WAS,Khris Middleton,27:27,13,6,2,10,.600,0,1
20251119,WAS,Tristan Vukcevic,20:02,7,5,1,8,.250,0,3
20251119,WAS,Cam Whitmore,19:38,13,6,2,8,.625,0,0
20251119,WAS,Tre Johnson,17:22,10,1,0,6,.667,2,3
20251119,WAS,Bub Carrington,16:36,3,1,1,3,.333,0,1
20251119,WAS,Corey Kispert,10:43,0,1,1,4,.000,0,1
20251119,MIN,Anthony Edwards,36:28,18,2,2,20,.300,2,1
20251119,MIN,Rudy Gobert,36:05,9,15,3,5,.800,0,4
20251119,MIN,Donte DiVincenzo,36:02,12,5,6,8,.500,1,2
20251119,MIN,Julius Randle,32:36,32,10,6,19,.579,0,1
20251119,MIN,Mike Conley,27:25,10,1,6,4,.250,1,0
20251119,MIN,Naz Reid,27:19,28,5,1,21,.524,2,1
20251119,MIN,Jaylen Clark,25:49,7,5,0,7,.429,3,0
20251119,MIN,Bones Hyland,9:37,2,3,2,4,.250,0,0
20251119,MIN,Rob Dillingham,8:39,2,4,2,6,.167,2,0
20251119,DEN,Jamal Murray,35:33,16,0,8,14,.357,0,3
20251119,DEN,Nikola Jokić,34:26,28,11,12,18,.556,0,9
20251119,DEN,Peyton Watson,34:21,32,12,3,19,.684,1,4
20251119,DEN,Cameron Johnson,32:28,14,3,5,8,.750,1,2
20251119,DEN,Zeke Nnaji,26:36,2,4,0,3,.000,2,0
20251119,DEN,Bruce Brown,27:01,12,3,4,7,.714,3,2
20251119,DEN,Tim Hardaway Jr.,23:04,7,1,1,9,.333,0,0
20251119,DEN,Jonas Valančiūnas,16:00,14,7,0,5,.800,0,0
20251119,DEN,Spencer Jones,10:31,0,0,2,0,,1,0
20251119,NOP,Trey Murphy III,35:57,23,2,3,14,.500,5,3
20251119,NOP,Derik Queen,30:25,30,9,4,18,.667,2,4
20251119,NOP,Zion Williamson,29:06,14,6,5,13,.462,1,3
20251119,NOP,Herbert Jones,29:00,9,2,3,8,.375,2,0
20251119,NOP,Jeremiah Fears,25:28,16,3,1,15,.467,0,0
20251119,NOP,Jose Alvarado,18:54,2,4,2,6,.167,1,0
20251119,NOP,Saddiq Bey,18:54,2,2,2,3,.000,1,1
20251119,NOP,Jordan Hawkins,17:37,6,1,1,7,.429,0,1
20251119,NOP,Micah Peavy,17:04,9,3,1,8,.375,0,0
20251119,NOP,Yves Missi,12:21,7,8,2,5,.400,0,0
20251119,NOP,Kevon Looney,5:14,0,4,1,1,.000,0,0
20251119,SAC,DeMar DeRozan,34:55,17,3,5,12,.333,3,1
20251119,SAC,Zach LaVine,30:09,8,4,2,10,.400,0,5
20251119,SAC,Russell Westbrook,29:37,7,11,6,7,.429,3,2
20251119,SAC,Precious Achiuwa,26:12,15,9,3,12,.500,1,2
20251119,SAC,Drew Eubanks,22:34,6,3,0,6,.500,2,1
20251119,SAC,Dennis Schröder,31:45,21,5,3,21,.429,0,4
20251119,SAC,Malik Monk,27:15,16,3,2,9,.556,2,1
20251119,SAC,Maxime Raynaud,18:36,7,4,0,5,.600,0,0
20251119,SAC,Keon Ellis,10:36,2,3,0,4,.250,1,1
20251119,SAC,Nique Clifford,8:21,0,0,0,0,,0,1
20251119,OKC,Shai Gilgeous-Alexander,35:34,33,8,3,24,.500,2,3
20251119,OKC,Luguentz Dort,33:04,14,4,1,10,.500,1,2
20251119,OKC,Chet Holmgren,31:01,21,7,1,15,.667,1,6
20251119,OKC,Isaiah Hartenstein,26:31,4,12,3,2,.500,0,1
20251119,OKC,Cason Wallace,26:05,12,2,1,9,.556,1,0
20251119,OKC,Ajay Mitchell,29:05,13,3,6,10,.400,2,4
20251119,OKC,Alex Caruso,20:44,2,4,5,7,.143,1,0
20251119,OKC,Isaiah Joe,20:20,7,2,1,5,.200,0,0
20251119,OKC,Jaylin Williams,9:40,2,1,1,2,.000,1,0
20251119,OKC,Branden Carlson,4:56,2,1,0,3,.333,0,0
20251119,OKC,Chris Youngblood,1:30,3,0,0,1,1.000,0,0
20251119,OKC,Brooks Barnhizer,1:30,0,1,0,0,,0,0
20251119,NYK,Mikal Bridges,35:03,16,5,6,13,.538,3,2
20251119,NYK,Karl-Anthony Towns,34:50,18,14,6,16,.375,2,3
20251119,NYK,Jalen Brunson,34:46,28,3,5,23,.478,1,1
20251119,NYK,Landry Shamet,23:07,9,3,1,6,.500,1,1
20251119,NYK,Mitchell Robinson,21:33,3,8,1,1,1.000,0,1
20251119,NYK,Josh Hart,30:02,16,10,5,10,.500,1,1
20251119,NYK,Miles McBride,21:45,11,0,2,12,.333,0,0
20251119,NYK,Jordan Clarkson,20:17,8,4,0,5,.400,0,0
20251119,NYK,Guerschon Yabusele,16:52,4,2,1,7,.286,0,0
20251119,NYK,Mohamed Diawara,1:46,0,0,0,0,,0,0
20251119,DAL,Max Christie,37:21,15,7,1,10,.500,1,3
20251119,DAL,P.J. Washington,33:26,6,10,4,12,.083,3,1
20251119,DAL,Klay Thompson,26:32,13,2,2,11,.455,0,0
20251119,DAL,Brandon Williams,20:25,9,2,4,11,.182,1,3
20251119,DAL,Dereck Lively II,17:42,4,10,1,3,.333,0,1
20251119,DAL,Naji Marshall,33:36,23,5,1,11,.636,0,4
20251119,DAL,D'Angelo Russell,24:40,23,5,7,15,.600,1,3
20251119,DAL,Daniel Gafford,24:36,7,8,2,3,.667,0,1
20251119,DAL,Jaden Hardy,16:23,11,1,1,9,.333,0,0
20251119,DAL,Moussa Cisse,5:19,0,0,0,0,,0,1
20251119,CHI,Nikola Vučević,33:34,27,8,2,19,.579,1,3
20251119,CHI,Josh Giddey,30:55,9,5,13,9,.333,1,5
20251119,CHI,Isaac Okoro,25:39,13,1,0,8,.625,0,0
20251119,CHI,Kevin Huerter,22:39,2,2,2,6,.167,1,0
20251119,CHI,Matas Buzelis,18:40,11,5,4,6,.667,0,2
20251119,CHI,Coby White,27:26,25,1,7,17,.529,2,3
20251119,CHI,Ayo Dosunmu,23:29,14,4,1,7,.714,0,1
20251119,CHI,Dalen Terry,16:42,6,3,5,6,.500,3,1
20251119,CHI,Patrick Williams,12:47,5,5,1,7,.286,0,1
20251119,CHI,Jalen Smith,11:49,5,1,0,6,.333,1,0
20251119,CHI,Jevon Carter,10:55,3,1,1,4,.250,1,0
20251119,CHI,Julian Phillips,5:25,2,2,0,1,.000,0,0
20251119,POR,Deni Avdija,37:30,32,11,11,22,.500,2,3
20251119,POR,Toumani Camara,37:18,14,5,2,15,.400,2,3
20251119,POR,Jerami Grant,36:55,33,9,4,18,.556,0,3
20251119,POR,Donovan Clingan,33:33,17,21,4,13,.538,1,0
20251119,POR,Sidy Cissoko,22:07,5,6,0,6,.333,2,2
20251119,POR,Kris Murray,35:01,9,6,2,11,.364,1,1
20251119,POR,Caleb Love,18:20,5,3,2,12,.083,1,0
20251119,POR,Javonte Cooke,8:43,4,1,1,6,.333,1,2
20251119,POR,Yang Hansen,7:56,2,2,1,4,.250,0,1
20251119,POR,Duop Reath,2:37,0,0,0,0,,0,0
20251120,LAC,Ivica Zubac,31:34,14,19,0,16,.438,0,1
20251120,LAC,James Harden,30:56,31,5,8,16,.500,2,5
20251120,LAC,Kobe Sanders,26:25,6,2,0,8,.250,0,5
20251120,LAC,John Collins,24:44,9,4,0,8,.500,1,1
20251120,LAC,Kris Dunn,24:31,4,3,3,5,.400,1,1
20251120,LAC,Chris Paul,23:04,4,2,4,6,.333,1,4
20251120,LAC,Bogdan Bogdanović,21:13,6,1,3,9,.222,0,1
20251120,LAC,Kobe Brown,15:39,9,3,1,8,.375,0,1
20251120,LAC,Cam Christie,12:00,6,1,0,4,.250,1,0
20251120,LAC,Yanic Konan Niederhäuser,10:37,6,1,1,3,1.000,0,1
20251120,LAC,Nicolas Batum,8:43,3,2,0,1,1.000,1,1
20251120,LAC,Brook Lopez,5:49,3,0,0,4,.250,0,0
20251120,LAC,Jahmyl Telfort,4:45,0,0,0,1,.000,0,0
20251120,ORL,Wendell Carter Jr.,31:42,7,7,6,11,.273,1,0
20251120,ORL,Desmond Bane,30:49,15,7,5,15,.333,1,2
20251120,ORL,Tristan Da Silva,30:17,17,8,1,17,.412,0,0
20251120,ORL,Franz Wagner,29:54,20,6,3,13,.385,1,1
20251120,ORL,Jalen Suggs,26:15,23,3,7,15,.533,2,3
20251120,ORL,Anthony Black,29:19,12,4,4,9,.444,4,2
20251120,ORL,Goga Bitadze,16:18,10,6,3,3,1.000,2,1
20251120,ORL,Jonathan Isaac,15:45,9,7,1,4,1.000,0,0
20251120,ORL,Jett Howard,15:07,8,1,0,3,1.000,1,0
20251120,ORL,Tyus Jones,5:04,0,1,0,1,.000,0,0
20251120,ORL,Jamal Cain,4:45,5,0,1,2,1.000,0,1
20251120,ORL,Jase Richardson,4:45,3,1,1,1,1.000,0,0
20251120,SAC,Zach LaVine,26:04,26,2,2,17,.588,1,3
20251120,SAC,Drew Eubanks,25:38,9,5,0,6,.667,1,3
20251120,SAC,Precious Achiuwa,24:06,2,5,2,3,.333,0,0
20251120,SAC,Russell Westbrook,20:31,11,7,4,10,.400,0,4
20251120,SAC,DeMar DeRozan,15:22,7,0,2,3,.667,1,0
20251120,SAC,Keegan Murray,32:48,11,3,1,13,.385,0,1
20251120,SAC,Dennis Schröder,25:06,3,2,6,8,.000,0,3
20251120,SAC,Maxime Raynaud,20:51,12,3,1,8,.750,0,0
20251120,SAC,Nique Clifford,19:17,8,2,3,3,.667,2,1
20251120,SAC,Keon Ellis,16:13,5,1,1,5,.400,0,0
20251120,SAC,Malik Monk,14:04,2,2,2,4,.250,0,1
20251120,MEM,Santi Aldama,27:34,29,5,3,18,.611,0,1
20251120,MEM,Zach Edey,24:50,16,4,0,7,1.000,2,0
20251120,MEM,Cedric Coward,24:49,19,4,4,13,.538,0,1
20251120,MEM,Vince Williams Jr.,23:50,4,5,15,7,.286,2,3
20251120,MEM,Jaylen Wells,18:49,13,1,2,9,.444,1,0
20251120,MEM,Cam Spencer,24:10,7,2,6,11,.182,1,0
20251120,MEM,John Konchar,20:15,3,7,3,3,.333,2,1
20251120,MEM,Kentavious Caldwell-Pope,18:20,2,3,7,6,.167,1,0
20251120,MEM,GG Jackson II,18:10,6,9,1,9,.222,1,1
20251120,MEM,Olivier-Maxence Prosper,18:00,11,1,1,3,1.000,1,0
20251120,MEM,Jock Landale,14:50,21,6,0,9,.889,0,0
20251120,MEM,Jahmai Mashack,6:23,6,2,0,4,.500,0,0
20251120,PHI,Tyrese Maxey,46:38,54,5,9,30,.600,3,5
20251120,PHI,VJ Edgecombe,38:13,12,10,3,14,.357,0,1
20251120,PHI,Justin Edwards,31:22,7,4,3,10,.300,2,1
20251120,PHI,Paul George,24:42,21,5,3,12,.583,2,3
20251120,PHI,Andre Drummond,18:20,3,8,1,4,.250,1,1
20251120,PHI,Quentin Grimes,38:45,14,4,4,12,.333,0,1
20251120,PHI,Dominick Barlow,28:57,2,6,3,1,1.000,0,0
20251120,PHI,Trendon Watford,14:26,0,6,3,4,.000,1,1
20251120,PHI,Jared McCain,12:39,8,2,0,8,.375,0,1
20251120,PHI,Jabari Walker,10:57,2,2,1,2,.000,0,0
20251120,MIL,Ryan Rollins,40:27,32,6,14,26,.500,1,3
20251120,MIL,Kyle Kuzma,37:36,17,3,4,14,.429,2,3
20251120,MIL,A.J. Green,35:48,9,6,0,5,.600,1,2
20251120,MIL,Myles Turner,28:27,14,10,1,13,.385,0,0
20251120,MIL,Bobby Portis,27:40,19,8,0,14,.643,1,0
20251120,MIL,Gary Trent Jr.,38:26,11,0,2,10,.400,1,2
20251120,MIL,Cole Anthony,20:45,5,4,7,7,.286,0,4
20251120,MIL,Gary Harris,19:57,3,2,2,1,1.000,1,0
20251120,MIL,Jericho Sims,15:54,4,3,0,2,1.000,0,0
20251120,ATL,Jalen Johnson,37:57,26,12,7,15,.667,1,4
20251120,ATL,Nickeil Alexander-Walker,33:39,38,4,5,17,.765,0,2
20251120,ATL,Dyson Daniels,30:41,8,6,5,8,.500,3,5
20251120,ATL,Kristaps Porziņģis,29:03,16,5,1,10,.700,0,1
20251120,ATL,Zaccharie Risacher,20:39,2,2,1,10,.100,0,1
20251120,ATL,Vít Krejčí,30:14,5,0,1,3,.667,1,0
20251120,ATL,Onyeka Okongwu,25:08,15,7,5,11,.545,0,2
20251120,ATL,Luke Kennard,16:29,10,3,3,7,.571,2,0
20251120,ATL,Keaton Wallace,12:19,6,0,2,5,.400,0,1
20251120,ATL,Mouhamed Gueye,3:52,0,0,0,1,.000,0,0
20251120,SAS,Harrison Barnes,33:54,16,5,2,13,.385,0,1
20251120,SAS,Devin Vassell,33:12,15,5,3,11,.545,1,1
20251120,SAS,Julian Champagnie,31:14,20,4,5,13,.538,0,1
20251120,SAS,De'Aaron Fox,31:12,26,5,9,16,.563,3,2
20251120,SAS,Luke Kornet,22:59,5,3,2,4,.500,0,1
20251120,SAS,Keldon Johnson,32:08,25,7,2,12,.750,1,2
20251120,SAS,Jeremy Sochan,21:50,8,5,5,10,.300,1,0
20251120,SAS,David Jones García,18:33,12,5,6,7,.714,3,1
20251120,SAS,Kelly Olynyk,12:55,8,2,0,4,.500,1,1
20251120,SAS,Carter Bryant,2:03,0,2,0,1,.000,0,0
20251121,IND,Bennedict Mathurin,37:18,21,7,2,15,.467,1,3
20251121,IND,Pascal Siakam,36:53,26,9,4,15,.600,1,3
20251121,IND,Andrew Nembhard,32:53,32,1,8,20,.550,2,0
20251121,IND,Ben Sheppard,25:25,2,5,5,6,.167,2,0
20251121,IND,Isaiah Jackson,17:58,3,4,0,4,.250,2,1
20251121,IND,Jay Huff,26:00,5,5,0,9,.222,1,2
20251121,IND,T.J. McConnell,17:17,10,3,4,6,.667,1,2
20251121,IND,Jarace Walker,17:07,6,4,0,6,.333,0,0
20251121,IND,Jeremiah Robinson-Earl,12:17,2,3,0,2,.000,0,1
20251121,IND,Garrison Mathews,10:17,0,1,0,3,.000,0,0
20251121,IND,Tony Bradley,4:12,2,0,1,2,.000,0,0
20251121,IND,RayJ Dennis,1:12,0,0,0,0,,0,0
20251121,IND,Taelon Peter,1:12,0,1,1,0,,0,0
20251121,CLE,Evan Mobley,34:50,22,12,4,13,.538,0,2
20251121,CLE,Donovan Mitchell,34:13,32,9,5,22,.500,1,5
20251121,CLE,De'Andre Hunter,28:17,20,7,1,16,.500,2,1
20251121,CLE,Jaylon Tyson,26:56,14,8,3,7,.857,0,0
20251121,CLE,Darius Garland,26:34,20,2,7,12,.417,0,4
20251121,CLE,Lonzo Ball,25:18,0,7,5,2,.000,0,1
20251121,CLE,Dean Wade,20:05,4,3,1,4,.500,0,1
20251121,CLE,Larry Nance Jr.,19:11,4,2,1,4,.500,1,0
20251121,CLE,Nae'Qwan Tomlin,11:36,2,0,0,4,.250,0,0
20251121,CLE,Craig Porter Jr.,10:36,2,1,1,3,.333,1,0
20251121,CLE,Thomas Bryant,1:12,0,0,0,1,.000,0,0
20251121,CLE,Tyrese Proctor,1:12,0,1,0,1,.000,0,0
20251121,BRK,Noah Clowney,37:02,19,3,0,15,.467,1,0
20251121,BRK,Michael Porter Jr.,36:59,33,8,2,21,.619,0,2
20251121,BRK,Nic Claxton,34:41,18,11,12,13,.538,1,3
20251121,BRK,Terance Mann,32:14,6,6,6,6,.333,0,1
20251121,BRK,Egor Dёmin,29:29,12,6,5,10,.500,1,1
20251121,BRK,Drake Powell,21:19,9,2,1,4,.750,2,0
20251121,BRK,Tyrese Martin,19:18,10,1,4,6,.667,0,1
20251121,BRK,Ziaire Williams,15:39,2,0,0,5,.200,0,2
20251121,BRK,Day'Ron Sharpe,13:19,4,4,1,2,.500,0,3
20251121,BOS,Payton Pritchard,34:45,13,3,4,13,.385,0,1
20251121,BOS,Derrick White,32:35,6,1,4,13,.154,1,1
20251121,BOS,Jaylen Brown,31:39,26,8,4,18,.500,2,3
20251121,BOS,Neemias Queta,29:11,16,12,3,12,.667,0,0
20251121,BOS,Jordan Walsh,24:08,9,6,0,7,.571,1,1
20251121,BOS,Anfernee Simons,33:02,23,3,4,16,.625,2,4
20251121,BOS,Luka Garza,16:50,7,4,1,5,.400,0,1
20251121,BOS,Sam Hauser,14:12,0,4,2,3,.000,0,1
20251121,BOS,Baylor Scheierman,11:10,5,2,1,2,1.000,0,0
20251121,BOS,Josh Minott,7:15,0,1,1,0,,0,1
20251121,BOS,Hugo González,5:13,0,0,0,1,.000,1,0
20251121,WAS,Kyshawn George,28:58,5,3,4,7,.286,0,5
20251121,WAS,Bilal Coulibaly,26:00,9,3,2,6,.167,2,1
20251121,WAS,CJ McCollum,25:52,20,3,3,15,.533,1,2
20251121,WAS,Khris Middleton,24:05,2,2,4,6,.167,0,2
20251121,WAS,Tristan Vukcevic,17:13,4,3,1,6,.333,1,2
20251121,WAS,Tre Johnson,19:26,14,2,2,8,.625,0,1
20251121,WAS,Corey Kispert,18:50,9,3,1,6,.500,1,0
20251121,WAS,Justin Champagnie,18:17,7,3,4,6,.500,2,0
20251121,WAS,Cam Whitmore,17:04,11,2,0,9,.556,1,1
20251121,WAS,Bub Carrington,16:13,7,2,3,5,.600,0,1
20251121,WAS,Jamir Watkins,9:18,5,0,0,3,.333,0,0
20251121,WAS,Will Riley,9:16,4,1,2,5,.400,1,1
20251121,WAS,Malaki Branham,4:44,9,1,0,3,.667,0,1
20251121,WAS,Anthony Gill,4:44,4,1,0,1,1.000,0,0
20251121,TOR,Immanuel Quickley,30:06,17,2,7,10,.600,1,0
20251121,TOR,Scottie Barnes,29:54,23,5,2,15,.667,3,2
20251121,TOR,Brandon Ingram,29:53,24,8,6,12,.500,2,4
20251121,TOR,RJ Barrett,29:14,24,8,4,15,.600,0,2
20251121,TOR,Jakob Poeltl,19:11,3,9,1,1,1.000,0,1
20251121,TOR,Ja'Kobe Walter,22:16,3,3,2,2,.500,3,0
20251121,TOR,Sandro Mamukelashvili,20:53,23,7,2,15,.533,1,1
20251121,TOR,Gradey Dick,18:59,6,1,1,6,.333,2,2
20251121,TOR,Jamal Shead,16:12,7,1,10,2,1.000,1,0
20251121,TOR,Ochai Agbaji,15:58,4,1,0,3,.333,0,0
20251121,TOR,Garrett Temple,3:42,4,1,1,1,1.000,0,1
20251121,TOR,Jamison Battle,3:42,2,2,0,1,1.000,0,1
20251121,MIA,Bam Adebayo,29:28,18,7,5,11,.364,0,1
20251121,MIA,Kel'el Ware,27:56,20,14,1,15,.533,2,1
20251121,MIA,Pelle Larsson,26:06,16,2,7,5,.800,2,0
20251121,MIA,Norman Powell,24:39,19,2,2,14,.429,2,0
20251121,MIA,Davion Mitchell,23:47,16,0,6,9,.778,1,0
20251121,MIA,Keshad Johnson,29:28,14,11,1,10,.300,1,1
20251121,MIA,Simone Fontecchio,25:10,9,2,3,12,.250,1,2
20251121,MIA,Jaime Jaquez Jr.,23:58,10,7,7,11,.455,1,3
20251121,MIA,Dru Smith,18:23,12,7,2,7,.571,3,2
20251121,MIA,Jahmir Young,6:12,6,0,1,5,.400,0,0
20251121,MIA,Myron Gardner,4:53,3,1,0,1,1.000,0,0
20251121,CHI,Ayo Dosunmu,32:34,23,1,4,14,.643,0,3
20251121,CHI,Josh Giddey,31:24,19,11,9,14,.429,0,3
20251121,CHI,Nikola Vučević,20:34,6,4,3,8,.250,0,1
20251121,CHI,Matas Buzelis,18:39,6,5,1,8,.250,1,2
20251121,CHI,Isaac Okoro,16:52,9,2,0,8,.500,0,0
20251121,CHI,Jalen Smith,24:03,14,2,2,8,.625,0,1
20251121,CHI,Patrick Williams,18:17,8,1,2,6,.500,1,1
20251121,CHI,Julian Phillips,18:17,3,2,1,5,.200,0,0
20251121,CHI,Jevon Carter,18:08,10,1,0,8,.250,1,2
20251121,CHI,Tre Jones,17:52,6,4,2,6,.333,1,3
20251121,CHI,Dalen Terry,13:26,0,4,2,1,.000,0,1
20251121,CHI,Kevin Huerter,9:54,3,2,0,4,.250,1,1
20251121,NOP,Trey Murphy III,35:22,25,3,0,14,.500,3,0
20251121,NOP,Derik Queen,32:14,20,7,11,17,.471,1,4
20251121,NOP,Herbert Jones,32:08,7,9,2,10,.300,2,1
20251121,NOP,Jeremiah Fears,31:31,21,7,2,12,.667,4,4
20251121,NOP,Zion Williamson,29:35,22,3,2,9,.778,3,1
20251121,NOP,Jose Alvarado,19:45,5,5,6,5,.400,0,2
20251121,NOP,Saddiq Bey,18:14,4,3,1,9,.222,1,0
20251121,NOP,Yves Missi,15:30,4,2,0,4,.500,0,0
20251121,NOP,Micah Peavy,13:28,4,1,0,6,.333,1,0
20251121,NOP,Jordan Hawkins,12:13,3,2,1,5,.200,0,1
20251121,DAL,P.J. Washington,37:28,24,9,1,14,.571,0,4
20251121,DAL,Cooper Flagg,32:21,29,7,5,19,.632,2,2
20251121,DAL,Max Christie,31:38,23,3,0,12,.583,1,1
20251121,DAL,Brandon Williams,28:20,5,5,12,12,.083,1,6
20251121,DAL,Daniel Gafford,25:14,8,7,3,5,.600,3,3
20251121,DAL,Naji Marshall,23:43,9,5,5,5,.400,0,2
20251121,DAL,Dereck Lively II,17:51,4,4,2,1,1.000,1,1
20251121,DAL,Klay Thompson,16:26,5,2,0,9,.222,0,0
20251121,DAL,Jaden Hardy,14:09,11,2,0,7,.571,0,1
20251121,DAL,Caleb Martin,8:10,0,0,1,0,,1,0
20251121,DAL,Moussa Cisse,4:40,0,3,1,0,,0,0
20251121,MIN,Jaden McDaniels,40:28,13,5,2,12,.417,4,1
20251121,MIN,Anthony Edwards,40:15,41,5,4,24,.583,4,5
20251121,MIN,Rudy Gobert,34:45,12,12,4,10,.500,0,2
20251121,MIN,Julius Randle,34:10,20,5,2,13,.462,1,5
20251121,MIN,Donte DiVincenzo,31:36,9,2,3,9,.222,4,2
20251121,MIN,Naz Reid,26:59,9,2,2,10,.400,2,1
20251121,MIN,Mike Conley,14:21,3,2,1,4,.250,0,1
20251121,MIN,Rob Dillingham,9:21,5,1,0,3,.667,1,2
20251121,MIN,Jaylen Clark,7:59,1,3,0,1,.000,1,0
20251121,MIN,Joe Ingles,0:07,0,0,0,0,,0,0
20251121,PHO,Dillon Brooks,36:55,22,5,1,17,.471,2,3
20251121,PHO,Devin Booker,34:47,16,3,10,18,.222,1,9
20251121,PHO,Royce O'Neale,31:07,16,3,2,8,.625,0,2
20251121,PHO,Mark Williams,26:23,19,8,0,9,.667,1,1
20251121,PHO,Ryan Dunn,23:55,4,3,1,3,.333,2,1
20251121,PHO,Collin Gillespie,34:11,20,7,4,12,.583,2,3
20251121,PHO,Jordan Goodwin,29:01,13,6,4,9,.667,2,2
20251121,PHO,Oso Ighodaro,12:53,2,5,3,2,.500,3,2
20251121,PHO,Nick Richards,7:51,2,4,0,3,.333,0,3
20251121,PHO,Isaiah Livers,2:57,0,1,0,0,,0,1
20251121,DEN,Jamal Murray,40:32,26,2,10,16,.625,1,4
20251121,DEN,Nikola Jokić,39:20,34,10,9,20,.550,2,4
20251121,DEN,Peyton Watson,34:14,9,10,3,5,.600,1,3
20251121,DEN,Cameron Johnson,32:13,9,5,1,6,.333,1,1
20251121,DEN,Aaron Gordon,3:21,1,2,0,1,.000,0,1
20251121,DEN,Tim Hardaway Jr.,31:30,12,3,2,11,.455,0,0
20251121,DEN,Spencer Jones,21:44,3,4,0,1,1.000,0,0
20251121,DEN,Bruce Brown,20:52,10,1,3,8,.500,3,0
20251121,DEN,Jonas Valančiūnas,16:14,8,1,0,8,.500,0,1
20251121,HOU,Amen Thompson,43:27,22,7,2,18,.556,2,3
20251121,HOU,Jabari Smith Jr.,36:57,21,11,4,20,.350,0,3
20251121,HOU,Alperen Şengün,36:09,14,5,6,14,.429,1,4
20251121,HOU,Kevin Durant,35:15,13,8,2,15,.333,2,2
20251121,HOU,Steven Adams,23:07,5,8,2,2,1.000,0,1
20251121,HOU,Reed Sheppard,36:45,27,0,4,13,.692,2,1
20251121,HOU,Aaron Holiday,13:29,1,0,0,3,.000,0,0
20251121,HOU,Josh Okogie,11:07,6,2,1,6,.333,0,0
20251121,HOU,Clint Capela,3:45,0,0,0,2,.000,1,0
20251121,POR,Deni Avdija,39:31,26,6,13,14,.429,0,6
20251121,POR,Toumani Camara,33:56,20,7,1,11,.636,0,2
20251121,POR,Jerami Grant,30:51,5,4,2,8,.000,1,3
20251121,POR,Donovan Clingan,27:07,22,10,4,14,.643,2,0
20251121,POR,Sidy Cissoko,23:14,15,1,2,11,.545,1,3
20251121,POR,Caleb Love,37:38,26,7,5,20,.450,1,1
20251121,POR,Robert Williams,20:31,8,11,2,6,.667,0,1
20251121,POR,Kris Murray,16:36,5,3,2,3,.333,2,4
20251121,POR,Rayan Rupert,6:25,0,3,0,0,,1,0
20251121,POR,Duop Reath,2:22,0,0,0,0,,0,0
20251121,POR,Javonte Cooke,1:49,0,0,0,1,.000,0,0
20251121,GSW,Draymond Green,33:58,11,5,7,11,.364,3,3
20251121,GSW,Jimmy Butler,33:53,20,8,5,15,.333,2,0
20251121,GSW,Stephen Curry,33:39,38,2,4,23,.609,0,3
20251121,GSW,Moses Moody,28:27,10,2,1,6,.500,0,2
20251121,GSW,Will Richard,9:19,2,2,1,2,.500,0,0
20251121,GSW,Brandin Podziemski,29:55,20,0,3,9,.556,3,1
20251121,GSW,Al Horford,18:08,7,6,3,5,.400,2,1
20251121,GSW,Gary Payton II,16:55,6,2,4,4,.750,0,1
20251121,GSW,Quinten Post,16:53,7,4,1,6,.333,3,1
20251121,GSW,Buddy Hield,15:37,0,1,0,1,.000,1,1
20251121,GSW,Trayce Jackson-Davis,3:17,2,0,0,1,1.000,0,0
20251121,OKC,Shai Gilgeous-Alexander,30:09,31,2,8,14,.643,1,2
20251121,OKC,Cason Wallace,26:52,10,1,0,6,.667,4,2
20251121,OKC,Chet Holmgren,26:47,11,3,2,14,.357,2,0
20251121,OKC,Isaiah Hartenstein,23:43,12,6,7,5,1.000,1,4
20251121,OKC,Luguentz Dort,21:08,9,1,0,4,.750,0,0
20251121,OKC,Isaiah Joe,25:15,16,0,3,6,.833,2,0
20251121,OKC,Ajay Mitchell,24:34,12,4,4,10,.400,2,2
20251121,OKC,Jaylin Williams,24:17,15,6,6,9,.556,2,2
20251121,OKC,Alex Caruso,18:24,11,0,3,5,.800,1,1
20251121,OKC,Branden Carlson,9:17,7,0,1,4,.750,0,0
20251121,OKC,Ousmane Dieng,4:47,5,1,2,2,1.000,0,0
20251121,OKC,Chris Youngblood,4:47,5,2,0,4,.500,0,0
20251121,UTA,Lauri Markkanen,34:37,19,6,3,8,.500,2,1
20251121,UTA,Keyonte George,30:20,20,3,8,10,.600,0,4
20251121,UTA,Jusuf Nurkić,22:26,5,10,3,7,.286,1,1
20251121,UTA,Svi Mykhailiuk,21:31,8,2,1,8,.375,1,3
20251121,UTA,Ace Bailey,20:49,15,2,3,9,.667,3,2
20251121,UTA,Kyle Filipowski,26:26,18,7,2,11,.636,1,3
20251121,UTA,Cody Williams,19:43,0,2,2,4,.000,0,1
20251121,UTA,Brice Sensabaugh,17:15,7,2,1,8,.375,0,2
20251121,UTA,Isaiah Collier,13:33,5,1,2,3,.667,0,5
20251121,UTA,Kevin Love,13:15,12,1,0,6,.667,0,1
20251121,UTA,Walter Clayton,12:00,2,0,3,2,.500,1,3
20251121,UTA,Taylor Hendricks,8:05,1,3,2,3,.000,1,1
20251122,LAC,James Harden,35:13,55,3,7,26,.654,1,2
20251122,LAC,Kobe Sanders,29:54,11,1,2,7,.429,1,0
20251122,LAC,Ivica Zubac,29:52,18,9,6,12,.750,0,1
20251122,LAC,Kris Dunn,27:24,6,2,6,5,.600,1,0
20251122,LAC,John Collins,25:33,10,7,0,10,.400,1,0
20251122,LAC,Chris Paul,23:06,3,4,8,5,.200,0,1
20251122,LAC,Cam Christie,20:36,8,9,0,8,.250,1,3
20251122,LAC,Nicolas Batum,19:11,9,3,0,4,.750,2,0
20251122,LAC,Brook Lopez,14:52,11,1,1,10,.400,0,0
20251122,LAC,Kobe Brown,7:47,0,0,0,1,.000,0,1
20251122,LAC,Yanic Konan Niederhäuser,3:16,0,2,0,2,.000,0,0
20251122,LAC,Jahmyl Telfort,3:16,0,0,0,0,,1,0
20251122,CHO,Kon Knueppel,34:08,26,1,1,12,.750,1,2
20251122,CHO,Miles Bridges,30:19,19,3,2,12,.417,0,0
20251122,CHO,Brandon Miller,25:32,21,1,3,18,.444,1,0
20251122,CHO,LaMelo Ball,25:06,18,4,7,14,.500,0,3
20251122,CHO,Ryan Kalkbrenner,10:44,2,2,1,2,.500,0,0
20251122,CHO,Moussa Diabaté,24:53,6,7,1,4,.500,0,0
20251122,CHO,Collin Sexton,22:54,18,3,4,13,.538,0,2
20251122,CHO,Sion James,21:27,3,2,3,2,.500,1,1
20251122,CHO,Liam McNeeley,17:53,3,6,1,4,.250,0,1
20251122,CHO,Mason Plumlee,12:23,0,6,1,0,,1,1
20251122,CHO,Drew Peterson,9:00,0,1,0,2,.000,1,0
20251122,CHO,Pat Connaughton,5:41,0,2,0,2,.000,0,0
20251122,NYK,Mikal Bridges,38:24,18,7,2,11,.636,2,1
20251122,NYK,Karl-Anthony Towns,37:10,24,8,3,14,.429,0,4
20251122,NYK,Jalen Brunson,36:50,33,3,11,21,.571,0,2
20251122,NYK,Mitchell Robinson,16:42,6,3,0,3,1.000,0,1
20251122,NYK,Landry Shamet,2:43,0,0,2,0,,0,0
20251122,NYK,Jordan Clarkson,33:42,15,2,5,10,.600,0,3
20251122,NYK,Josh Hart,28:46,12,5,2,9,.556,0,2
20251122,NYK,Tyler Kolek,16:32,8,1,1,3,.667,2,0
20251122,NYK,Guerschon Yabusele,13:30,4,1,0,3,.667,0,1
20251122,NYK,Mohamed Diawara,10:23,0,4,2,4,.000,1,3
20251122,NYK,Ariel Hukporti,2:44,1,2,0,0,,0,0
20251122,NYK,Pacôme Dadiet,2:34,0,0,0,1,.000,0,0
20251122,ORL,Franz Wagner,33:44,37,6,7,19,.684,0,1
20251122,ORL,Desmond Bane,32:16,27,3,5,16,.500,1,2
20251122,ORL,Jalen Suggs,31:47,26,3,1,15,.533,0,4
20251122,ORL,Tristan Da Silva,28:17,4,3,4,8,.250,0,1
20251122,ORL,Wendell Carter Jr.,21:52,11,4,1,4,1.000,0,2
20251122,ORL,Anthony Black,29:09,11,1,4,8,.500,3,1
20251122,ORL,Goga Bitadze,19:07,6,7,3,4,.750,1,1
20251122,ORL,Tyus Jones,16:13,0,1,3,1,.000,0,0
20251122,ORL,Jonathan Isaac,16:12,6,7,0,5,.600,0,1
20251122,ORL,Jett Howard,7:35,5,0,0,3,.667,0,0
20251122,ORL,Noah Penda,1:54,0,1,0,1,.000,0,0
20251122,ORL,Jase Richardson,1:54,0,0,0,1,.000,0,0
20251122,ATL,Nickeil Alexander-Walker,35:34,10,5,3,11,.364,1,1
20251122,ATL,Jalen Johnson,34:29,18,11,9,15,.400,1,4
20251122,ATL,Kristaps Porziņģis,33:03,30,7,4,17,.647,0,0
20251122,ATL,Dyson Daniels,30:46,14,8,4,15,.400,1,1
20251122,ATL,Zaccharie Risacher,22:32,8,3,4,11,.364,1,0
20251122,ATL,Vít Krejčí,27:01,21,1,0,10,.700,0,1
20251122,ATL,Mouhamed Gueye,26:51,3,6,0,3,.333,2,0
20251122,ATL,Luke Kennard,23:42,8,0,3,6,.333,0,0
20251122,ATL,Asa Newell,2:36,0,0,0,1,.000,0,0
20251122,ATL,Caleb Houstan,2:24,3,1,0,1,1.000,0,0
20251122,ATL,Jacob Toppin,1:02,0,0,1,0,,0,0
20251122,NOP,Derik Queen,32:19,20,9,3,14,.429,2,2
20251122,NOP,Jeremiah Fears,31:26,11,4,4,13,.385,1,3
20251122,NOP,Trey Murphy III,30:46,19,9,4,16,.375,0,4
20251122,NOP,Saddiq Bey,27:57,18,11,5,12,.500,1,1
20251122,NOP,Micah Peavy,27:00,4,3,1,7,.286,0,2
20251122,NOP,Yves Missi,20:35,2,3,2,3,.333,0,0
20251122,NOP,Bryce McGowens,19:59,9,1,0,5,.600,1,0
20251122,NOP,Jordan Hawkins,19:21,5,2,0,7,.286,0,0
20251122,NOP,Jose Alvarado,16:34,8,1,1,5,.600,0,2
20251122,NOP,Kevon Looney,14:03,2,5,1,2,.500,0,0
20251122,WAS,Corey Kispert,36:51,20,5,5,10,.700,1,1
20251122,WAS,Kyshawn George,35:48,17,12,7,14,.357,4,4
20251122,WAS,Alex Sarr,27:56,16,11,4,18,.389,0,1
20251122,WAS,CJ McCollum,27:07,18,2,3,15,.467,0,1
20251122,WAS,Bilal Coulibaly,25:08,7,2,3,6,.333,0,1
20251122,WAS,Bub Carrington,23:59,8,3,4,9,.333,0,2
20251122,WAS,Justin Champagnie,23:04,2,5,2,3,.333,2,1
20251122,WAS,Tristan Vukcevic,20:04,12,8,2,11,.455,2,2
20251122,WAS,Cam Whitmore,17:31,20,7,2,10,.700,0,2
20251122,WAS,Will Riley,2:32,0,0,1,0,,0,0
20251122,CHI,Josh Giddey,34:15,18,12,11,12,.417,3,2
20251122,CHI,Coby White,31:19,20,3,6,16,.375,0,4
20251122,CHI,Matas Buzelis,29:19,13,6,1,11,.364,1,1
20251122,CHI,Ayo Dosunmu,28:59,8,5,1,9,.222,0,0
20251122,CHI,Nikola Vučević,27:00,28,12,2,20,.600,0,1
20251122,CHI,Tre Jones,26:09,10,2,1,5,.400,0,2
20251122,CHI,Kevin Huerter,19:18,9,0,3,8,.500,0,0
20251122,CHI,Jalen Smith,19:10,9,9,1,13,.308,0,0
20251122,CHI,Jevon Carter,10:40,2,2,0,3,.333,1,0
20251122,CHI,Julian Phillips,9:58,4,3,0,2,1.000,0,0
20251122,CHI,Noa Essengue,3:53,0,0,0,1,.000,0,0
20251122,DET,Cade Cunningham,32:34,29,8,10,18,.556,1,4
20251122,DET,Duncan Robinson,28:09,15,3,2,6,.833,2,0
20251122,DET,Ausar Thompson,27:53,6,2,1,6,.500,2,0
20251122,DET,Jalen Duren,27:21,19,6,5,10,.700,0,3
20251122,DET,Tobias Harris,22:59,18,5,4,9,.778,0,0
20251122,DET,Isaiah Stewart,23:22,7,2,1,4,.750,0,0
20251122,DET,Ron Holland,16:48,4,2,2,6,.333,2,1
20251122,DET,Jaden Ivey,15:22,10,1,2,6,.667,1,1
20251122,DET,Daniss Jenkins,13:21,7,1,3,3,1.000,1,3
20251122,DET,Caris LeVert,13:07,5,0,1,6,.333,1,1
20251122,DET,Javonte Green,12:31,7,1,0,3,1.000,0,1
20251122,DET,Paul Reed,4:30,2,1,0,1,.000,0,0
20251122,DET,Chaz Lanier,2:03,0,0,0,0,,0,0
20251122,MIL,Ryan Rollins,33:52,24,5,7,21,.429,1,3
20251122,MIL,Myles Turner,30:07,11,4,2,8,.500,1,1
20251122,MIL,A.J. Green,28:26,15,2,2,12,.417,0,0
20251122,MIL,Bobby Portis,25:13,18,7,2,10,.700,0,0
20251122,MIL,Kyle Kuzma,16:08,13,3,2,10,.500,0,1
20251122,MIL,Andre Jackson Jr.,28:53,6,4,5,6,.333,2,2
20251122,MIL,Jericho Sims,23:41,6,5,3,3,1.000,1,2
20251122,MIL,Gary Trent Jr.,18:36,8,0,0,5,.600,0,1
20251122,MIL,Cole Anthony,14:13,4,3,2,5,.400,1,5
20251122,MIL,Gary Harris,12:08,3,0,2,1,1.000,2,0
20251122,MIL,Amir Coffey,2:22,3,0,1,1,1.000,0,0
20251122,MIL,Pete Nance,2:22,3,1,0,1,1.000,0,0
20251122,MIL,Thanasis Antetokounmpo,2:22,2,0,0,0,,0,0
20251122,MIL,Mark Sears,1:37,0,1,1,1,.000,0,0
20251122,MEM,Santi Aldama,34:47,20,8,4,17,.529,1,0
20251122,MEM,Jaylen Wells,31:19,9,5,4,10,.300,0,0
20251122,MEM,Zach Edey,26:28,12,15,3,3,.667,1,4
20251122,MEM,Cedric Coward,25:11,9,2,1,11,.273,0,0
20251122,MEM,Vince Williams Jr.,24:07,10,10,6,9,.333,2,3
20251122,MEM,Kentavious Caldwell-Pope,25:19,10,0,1,8,.500,0,0
20251122,MEM,Cam Spencer,23:37,17,4,5,10,.600,1,1
20251122,MEM,John Konchar,19:40,4,7,1,5,.400,0,2
20251122,MEM,Olivier-Maxence Prosper,17:00,2,7,0,8,.125,0,1
20251122,MEM,GG Jackson II,7:39,2,2,0,5,.200,0,1
20251122,MEM,Jock Landale,4:53,7,1,1,6,.500,0,0
20251122,DAL,Cooper Flagg,33:26,12,7,1,15,.267,1,1
20251122,DAL,P.J. Washington,31:54,15,8,4,17,.412,1,2
20251122,DAL,Brandon Williams,31:51,18,3,4,11,.545,1,1
20251122,DAL,Daniel Gafford,27:06,5,8,4,6,.333,0,2
20251122,DAL,Max Christie,22:15,9,3,0,7,.571,0,2
20251122,DAL,Naji Marshall,29:41,13,7,4,8,.500,0,0
20251122,DAL,Klay Thompson,27:41,22,1,0,17,.412,0,1
20251122,DAL,Jaden Hardy,12:05,0,0,1,5,.000,0,0
20251122,DAL,Caleb Martin,11:34,2,0,0,4,.250,0,0
20251122,DAL,Moussa Cisse,9:25,0,4,1,1,.000,1,1
20251122,DAL,Dwight Powell,3:02,0,0,0,0,,0,0
20251122,SAC,Keegan Murray,36:33,19,5,1,14,.500,2,0
20251122,SAC,Zach LaVine,35:47,15,2,3,14,.429,2,2
20251122,SAC,DeMar DeRozan,30:44,17,7,5,9,.556,0,3
20251122,SAC,Russell Westbrook,29:47,21,6,11,16,.563,1,1
20251122,SAC,Drew Eubanks,21:38,8,3,1,5,.600,1,0
20251122,SAC,Malik Monk,25:59,12,2,2,14,.357,0,0
20251122,SAC,Precious Achiuwa,23:37,7,4,0,4,.750,1,0
20251122,SAC,Dennis Schröder,18:23,21,3,7,8,.750,0,0
20251122,SAC,Nique Clifford,9:05,2,2,1,2,.500,0,0
20251122,SAC,Maxime Raynaud,8:27,6,3,1,5,.600,1,0
20251122,DEN,Cameron Johnson,37:14,20,5,4,11,.636,0,3
20251122,DEN,Jamal Murray,36:49,23,2,9,18,.500,1,1
20251122,DEN,Nikola Jokić,36:35,44,13,7,28,.571,0,2
20251122,DEN,Peyton Watson,34:10,15,7,1,10,.600,0,3
20251122,DEN,Spencer Jones,23:32,1,4,0,2,.000,0,1
20251122,DEN,Bruce Brown,26:50,2,3,3,7,.143,0,1
20251122,DEN,Tim Hardaway Jr.,26:05,8,1,1,7,.286,0,1
20251122,DEN,Jonas Valančiūnas,11:13,8,2,1,8,.500,0,1
20251122,DEN,Hunter Tyson,7:32,2,1,2,1,.000,0,0
20251123,MIA,Bam Adebayo,32:32,18,13,1,14,.500,1,2
20251123,MIA,Pelle Larsson,31:56,6,7,8,13,.154,1,2
20251123,MIA,Davion Mitchell,30:44,8,8,12,6,.333,1,1
20251123,MIA,Norman Powell,29:20,32,4,1,18,.611,2,1
20251123,MIA,Kel'el Ware,26:10,20,16,0,13,.538,2,0
20251123,MIA,Jaime Jaquez Jr.,32:54,22,2,7,12,.833,0,4
20251123,MIA,Keshad Johnson,19:25,4,1,0,5,.400,0,1
20251123,MIA,Simone Fontecchio,18:40,6,3,2,8,.250,0,0
20251123,MIA,Dru Smith,16:31,9,4,1,7,.571,0,2
20251123,MIA,Jahmir Young,0:54,2,0,0,2,.500,0,0
20251123,MIA,Myron Gardner,0:54,0,0,0,0,,0,0
20251123,PHI,Andre Drummond,38:01,14,24,1,12,.500,0,2
20251123,PHI,Tyrese Maxey,36:18,27,3,6,23,.435,2,3
20251123,PHI,Quentin Grimes,34:52,15,0,3,14,.429,0,2
20251123,PHI,Justin Edwards,32:30,7,4,3,8,.375,2,3
20251123,PHI,Paul George,20:13,10,2,5,10,.300,1,2
20251123,PHI,Trendon Watford,26:08,19,9,7,12,.583,1,1
20251123,PHI,Jared McCain,25:43,15,1,2,11,.455,1,1
20251123,PHI,Dominick Barlow,20:07,9,3,0,8,.500,0,0
20251123,PHI,Jabari Walker,4:03,0,0,1,0,,0,0
20251123,PHI,Hunter Sallis,1:11,1,0,0,0,,0,0
20251123,PHI,Johni Broome,0:54,0,1,0,0,,0,0
20251123,CHO,Collin Sexton,36:04,22,0,4,16,.500,0,3
20251123,CHO,Miles Bridges,35:19,21,5,5,21,.381,1,2
20251123,CHO,Kon Knueppel,34:27,28,6,3,17,.529,0,2
20251123,CHO,Sion James,32:12,7,6,3,7,.429,0,1
20251123,CHO,Mason Plumlee,22:58,6,8,6,2,1.000,1,1
20251123,CHO,Moussa Diabaté,25:21,12,11,1,4,1.000,0,1
20251123,CHO,Tre Mann,16:50,3,1,1,6,.167,0,3
20251123,CHO,Liam McNeeley,15:21,6,2,0,6,.333,0,1
20251123,CHO,KJ Simpson,11:56,5,2,2,4,.500,1,1
20251123,CHO,Drew Peterson,9:32,0,2,1,3,.000,1,0
20251123,ATL,Jalen Johnson,39:34,28,8,11,22,.500,1,0
20251123,ATL,Nickeil Alexander-Walker,38:34,23,5,4,17,.471,1,1
20251123,ATL,Dyson Daniels,35:40,22,9,6,17,.588,2,2
20251123,ATL,Onyeka Okongwu,34:48,20,7,3,18,.444,0,1
20251123,ATL,Zaccharie Risacher,21:36,5,2,3,5,.400,0,0
20251123,ATL,Vít Krejčí,32:18,1,3,4,1,.000,0,1
20251123,ATL,Mouhamed Gueye,17:08,4,1,1,5,.400,0,0
20251123,ATL,Keaton Wallace,15:52,10,1,0,6,.667,2,2
20251123,ATL,Asa Newell,4:30,0,1,0,0,,0,0
20251123,ORL,Desmond Bane,28:43,18,4,5,13,.462,0,1
20251123,ORL,Franz Wagner,27:40,15,8,5,10,.500,0,2
20251123,ORL,Anthony Black,27:30,14,3,5,13,.308,1,2
20251123,ORL,Tristan Da Silva,23:15,9,1,2,7,.571,1,0
20251123,ORL,Orlando Robinson,13:07,7,3,1,4,.750,0,0
20251123,ORL,Jett Howard,29:05,30,7,3,23,.478,0,0
20251123,ORL,Tyus Jones,24:41,3,1,6,6,.167,0,0
20251123,ORL,Noah Penda,23:17,13,8,4,6,.833,0,0
20251123,ORL,Jase Richardson,21:20,18,5,2,11,.636,0,0
20251123,ORL,Jamal Cain,16:29,2,3,0,6,.167,1,1
20251123,ORL,Jonathan Isaac,4:53,0,1,0,1,.000,0,1
20251123,BOS,Jaylen Brown,37:26,35,4,8,26,.538,1,1
20251123,BOS,Derrick White,36:19,16,7,5,11,.455,2,1
20251123,BOS,Payton Pritchard,33:32,19,5,8,16,.563,2,1
20251123,BOS,Jordan Walsh,24:18,5,3,2,3,.333,0,2
20251123,BOS,Neemias Queta,5:51,6,2,0,3,1.000,0,0
20251123,BOS,Sam Hauser,27:29,14,1,0,8,.625,0,0
20251123,BOS,Anfernee Simons,22:13,23,5,2,11,.727,0,0
20251123,BOS,Josh Minott,19:30,16,7,1,8,.875,0,0
20251123,BOS,Chris Boucher,14:21,1,1,1,0,,1,0
20251123,BOS,Baylor Scheierman,9:49,2,1,0,2,.500,0,0
20251123,BOS,Hugo González,9:12,1,1,2,0,,0,0
20251123,LAC,Ivica Zubac,32:55,33,18,4,22,.682,0,2
20251123,LAC,James Harden,31:42,19,2,6,16,.313,1,3
20251123,LAC,John Collins,29:53,5,3,0,6,.167,0,0
20251123,LAC,Kawhi Leonard,26:25,20,3,2,13,.462,3,4
20251123,LAC,Kris Dunn,23:54,9,4,2,5,.600,1,1
20251123,LAC,Kobe Sanders,27:43,5,1,1,4,.500,1,1
20251123,LAC,Nicolas Batum,25:06,6,3,1,5,.400,0,1
20251123,LAC,Chris Paul,17:01,2,1,5,1,1.000,0,2
20251123,LAC,Brook Lopez,11:13,0,1,0,2,.000,0,0
20251123,LAC,Kobe Brown,3:32,3,0,1,2,.500,0,1
20251123,LAC,Cam Christie,3:32,3,0,1,2,.500,0,0
20251123,LAC,Yanic Konan Niederhäuser,3:32,0,3,0,1,.000,0,0
20251123,LAC,Jahmyl Telfort,3:32,0,1,0,1,.000,0,0
20251123,CLE,Evan Mobley,34:21,18,10,2,12,.750,2,1
20251123,CLE,Donovan Mitchell,32:39,37,8,6,22,.636,1,2
20251123,CLE,Darius Garland,29:28,8,1,8,10,.300,0,4
20251123,CLE,De'Andre Hunter,29:18,17,4,4,11,.455,1,2
20251123,CLE,Jaylon Tyson,22:46,7,4,0,6,.500,0,0
20251123,CLE,Dean Wade,22:35,5,5,3,6,.333,3,1
20251123,CLE,Nae'Qwan Tomlin,21:52,8,2,1,5,.600,1,1
20251123,CLE,Tyrese Proctor,17:05,11,3,3,7,.429,0,0
20251123,CLE,Luke Travers,14:55,3,2,1,3,.333,2,0
20251123,CLE,Larry Nance Jr.,12:31,3,1,0,3,.333,0,0
20251123,CLE,Thomas Bryant,2:30,3,1,0,2,.500,0,1
20251123,BRK,Noah Clowney,37:08,22,1,1,15,.467,2,5
20251123,BRK,Michael Porter Jr.,32:44,25,6,4,18,.500,1,1
20251123,BRK,Nic Claxton,31:17,10,11,3,6,.667,0,1
20251123,BRK,Egor Dёmin,28:04,5,3,4,10,.200,0,2
20251123,BRK,Terance Mann,20:45,3,2,5,4,.250,0,2
20251123,BRK,Ziaire Williams,28:13,5,4,0,3,.333,0,1
20251123,BRK,Tyrese Martin,24:51,26,6,3,14,.500,2,4
20251123,BRK,Day'Ron Sharpe,16:43,5,6,1,2,1.000,0,2
20251123,BRK,Drake Powell,14:28,6,1,2,2,.500,0,1
20251123,BRK,Jalen Wilson,5:48,2,0,0,1,1.000,0,0
20251123,TOR,Brandon Ingram,35:45,14,6,4,18,.333,2,3
20251123,TOR,Scottie Barnes,33:42,17,7,4,13,.462,2,0
20251123,TOR,Immanuel Quickley,30:21,13,7,4,11,.364,1,1
20251123,TOR,Sandro Mamukelashvili,26:33,12,4,2,9,.556,1,1
20251123,TOR,RJ Barrett,20:09,16,2,1,8,.500,2,2
20251123,TOR,Jamal Shead,23:50,11,1,9,4,.250,1,1
20251123,TOR,Gradey Dick,19:45,12,1,3,6,.500,2,0
20251123,TOR,Ja'Kobe Walter,19:13,16,1,0,7,.857,1,1
20251123,TOR,Collin Murray-Boyles,17:03,2,1,1,1,1.000,0,0
20251123,TOR,Ochai Agbaji,13:39,6,2,2,7,.429,0,0
20251123,POR,Sidy Cissoko,26:51,7,2,3,7,.429,0,1
20251123,POR,Toumani Camara,26:34,4,6,3,6,.333,2,1
20251123,POR,Jerami Grant,24:14,21,3,2,8,.750,1,4
20251123,POR,Deni Avdija,23:46,11,5,1,16,.250,1,2
20251123,POR,Donovan Clingan,19:46,8,8,2,5,.400,0,2
20251123,POR,Kris Murray,27:05,9,7,0,9,.333,1,1
20251123,POR,Caleb Love,25:45,8,2,2,13,.231,0,2
20251123,POR,Duop Reath,19:29,6,3,0,7,.429,2,0
20251123,POR,Yang Hansen,17:36,8,4,3,11,.273,0,0
20251123,POR,Rayan Rupert,15:47,10,5,0,7,.571,1,2
20251123,POR,Javonte Cooke,13:08,3,0,2,3,.333,0,1
20251123,OKC,Shai Gilgeous-Alexander,30:00,37,5,7,18,.722,2,1
20251123,OKC,Cason Wallace,26:46,7,2,1,9,.333,2,1
20251123,OKC,Chet Holmgren,25:24,5,9,4,8,.250,0,3
20251123,OKC,Isaiah Hartenstein,22:13,7,14,3,9,.333,0,2
20251123,OKC,Luguentz Dort,20:30,5,4,0,6,.333,1,0
20251123,OKC,Isaiah Joe,23:46,10,2,1,7,.429,1,2
20251123,OKC,Ajay Mitchell,23:37,20,1,4,8,1.000,2,2
20251123,OKC,Ousmane Dieng,14:37,8,2,1,5,.600,0,0
20251123,OKC,Alex Caruso,14:13,5,2,3,3,.667,1,0
20251123,OKC,Jaylin Williams,14:06,5,2,4,3,.333,0,1
20251123,OKC,Branden Carlson,8:37,8,1,2,4,.750,0,0
20251123,OKC,Brooks Barnhizer,8:09,5,3,1,3,.667,0,1
20251123,OKC,Chris Youngblood,8:02,0,2,2,2,.000,0,1
20251123,SAS,Harrison Barnes,34:45,11,3,3,11,.455,1,1
20251123,SAS,De'Aaron Fox,33:23,26,5,3,11,.455,0,2
20251123,SAS,Devin Vassell,33:11,17,4,2,13,.385,1,3
20251123,SAS,Julian Champagnie,30:05,10,12,1,14,.214,1,1
20251123,SAS,Luke Kornet,27:31,8,6,3,3,1.000,0,2
20251123,SAS,Keldon Johnson,25:16,14,6,2,8,.750,0,3
20251123,SAS,Jeremy Sochan,20:59,7,5,1,5,.600,0,1
20251123,SAS,Kelly Olynyk,14:03,4,4,1,3,.000,0,4
20251123,SAS,David Jones García,12:58,0,2,1,4,.000,1,2
20251123,SAS,Carter Bryant,7:49,5,3,0,5,.400,0,0
20251123,PHO,Devin Booker,37:34,24,5,7,18,.389,1,2
20251123,PHO,Dillon Brooks,35:29,25,3,2,24,.417,1,2
20251123,PHO,Royce O'Neale,33:42,9,5,1,8,.375,1,1
20251123,PHO,Jordan Goodwin,33:03,15,10,3,15,.467,2,0
20251123,PHO,Mark Williams,28:36,14,11,2,8,.750,1,0
20251123,PHO,Collin Gillespie,30:10,15,3,6,13,.462,1,0
20251123,PHO,Isaiah Livers,18:45,5,1,1,5,.400,3,0
20251123,PHO,Oso Ighodaro,17:37,2,3,5,2,.500,0,1
20251123,PHO,Nick Richards,5:04,2,2,0,4,.250,0,0
20251123,LAL,Luka Dončić,40:10,33,11,8,24,.417,3,6
20251123,LAL,Austin Reaves,39:58,22,10,4,17,.412,1,3
20251123,LAL,LeBron James,34:19,17,6,8,18,.444,1,2
20251123,LAL,Rui Hachimura,29:10,13,6,0,8,.500,0,0
20251123,LAL,Deandre Ayton,13:26,2,3,0,2,.500,1,0
20251123,LAL,Gabe Vincent,20:15,3,1,0,1,1.000,1,1
20251123,LAL,Jaxson Hayes,18:10,5,4,1,2,1.000,0,1
20251123,LAL,Marcus Smart,17:27,6,0,0,6,.333,0,0
20251123,LAL,Maxi Kleber,13:54,2,3,0,2,.500,0,1
20251123,LAL,Jake LaRavia,13:11,5,1,2,6,.333,0,0
20251123,UTA,Keyonte George,39:03,27,5,8,23,.435,1,3
20251123,UTA,Lauri Markkanen,35:45,20,7,2,19,.421,1,1
20251123,UTA,Ace Bailey,31:44,10,5,3,10,.400,1,0
20251123,UTA,Jusuf Nurkić,30:30,11,10,2,6,.833,2,2
20251123,UTA,Svi Mykhailiuk,28:06,12,2,5,9,.556,0,1
20251123,UTA,Isaiah Collier,22:42,10,1,3,8,.375,1,2
20251123,UTA,Kyle Filipowski,20:16,4,3,2,3,.333,0,2
20251123,UTA,Brice Sensabaugh,14:52,5,3,0,8,.125,0,1
20251123,UTA,Kevin Love,13:03,4,9,2,5,.400,1,2
20251123,UTA,Cody Williams,3:22,0,0,0,2,.000,0,0
20251123,UTA,Taylor Hendricks,0:37,3,0,0,1,1.000,0,0
20251124,DET,Cade Cunningham,35:48,24,11,6,18,.444,0,3
20251124,DET,Duncan Robinson,33:40,9,4,0,10,.200,1,1
20251124,DET,Ausar Thompson,30:31,13,3,4,9,.667,1,1
20251124,DET,Jalen Duren,30:18,17,12,2,10,.600,0,3
20251124,DET,Tobias Harris,25:49,12,1,2,8,.500,1,1
20251124,DET,Caris LeVert,22:30,19,1,3,9,.556,1,1
20251124,DET,Isaiah Stewart,19:59,9,5,0,6,.667,1,2
20251124,DET,Jaden Ivey,11:30,12,3,1,10,.500,0,0
20251124,DET,Javonte Green,11:14,2,0,0,2,.500,0,1
20251124,DET,Ron Holland,11:04,0,3,3,0,,3,1
20251124,DET,Daniss Jenkins,7:37,5,2,3,2,.500,0,1
20251124,IND,Andrew Nembhard,36:55,12,1,6,14,.286,4,1
20251124,IND,Pascal Siakam,34:37,24,8,3,12,.583,2,3
20251124,IND,Bennedict Mathurin,28:22,14,4,1,13,.231,0,3
20251124,IND,Isaiah Jackson,23:40,9,4,0,4,.500,0,0
20251124,IND,Ben Sheppard,23:26,0,1,1,3,.000,0,0
20251124,IND,Jarace Walker,27:03,21,6,2,10,.800,1,2
20251124,IND,T.J. McConnell,22:25,16,1,5,12,.667,3,1
20251124,IND,Jay Huff,17:53,11,3,3,8,.375,1,2
20251124,IND,Jeremiah Robinson-Earl,13:23,10,0,0,6,.667,0,0
20251124,IND,Tony Bradley,6:26,0,1,0,0,,0,0
20251124,IND,Garrison Mathews,5:50,0,1,1,0,,0,1
20251124,CLE,Lonzo Ball,34:03,8,7,7,15,.200,2,2
20251124,CLE,Jaylon Tyson,33:47,15,9,2,9,.667,1,3
20251124,CLE,Donovan Mitchell,33:46,17,1,8,20,.300,1,2
20251124,CLE,Evan Mobley,31:11,14,5,4,7,.714,0,4
20251124,CLE,Larry Nance Jr.,18:08,6,1,2,4,.500,2,0
20251124,CLE,Nae'Qwan Tomlin,31:52,14,4,0,8,.750,1,0
20251124,CLE,Tyrese Proctor,19:32,8,3,1,9,.222,1,1
20251124,CLE,Chris Livingston,14:03,7,3,1,5,.600,1,0
20251124,CLE,Thomas Bryant,12:36,5,2,1,4,.500,1,0
20251124,CLE,Luke Travers,11:02,5,2,1,6,.167,1,0
20251124,TOR,Scottie Barnes,38:18,18,11,6,13,.615,1,4
20251124,TOR,Brandon Ingram,37:14,37,7,2,30,.500,1,4
20251124,TOR,Immanuel Quickley,33:01,11,6,7,14,.357,1,2
20251124,TOR,Jakob Poeltl,26:47,7,13,1,4,.750,2,2
20251124,TOR,Ja'Kobe Walter,24:24,5,3,1,8,.250,2,0
20251124,TOR,Jamal Shead,24:24,9,0,7,4,.750,1,1
20251124,TOR,Sandro Mamukelashvili,21:13,12,9,3,8,.625,0,1
20251124,TOR,Collin Murray-Boyles,11:15,4,2,1,1,1.000,0,1
20251124,TOR,Gradey Dick,11:04,0,0,0,5,.000,0,0
20251124,TOR,Ochai Agbaji,10:45,4,0,0,3,.667,0,0
20251124,TOR,Jamison Battle,1:35,3,0,0,0,,0,0
20251124,NYK,Josh Hart,37:40,7,12,7,8,.375,2,1
20251124,NYK,Mikal Bridges,33:30,16,4,4,11,.545,2,1
20251124,NYK,Karl-Anthony Towns,32:58,37,12,3,20,.700,1,1
20251124,NYK,Jalen Brunson,32:44,27,3,3,19,.526,1,0
20251124,NYK,Miles McBride,29:36,9,2,3,10,.400,0,0
20251124,NYK,Jordan Clarkson,20:04,12,0,1,12,.500,0,4
20251124,NYK,Tyler Kolek,17:01,2,3,5,4,.250,0,0
20251124,NYK,Ariel Hukporti,12:32,0,4,0,0,,0,0
20251124,NYK,Guerschon Yabusele,11:35,3,0,2,2,.500,0,0
20251124,NYK,Mohamed Diawara,4:50,0,1,0,0,,0,0
20251124,NYK,Pacôme Dadiet,2:30,0,1,0,1,.000,0,0
20251124,NYK,Tosan Evbuomwan,2:30,0,1,0,1,.000,0,0
20251124,NYK,Trey Jemison,2:30,0,0,0,0,,0,1
20251124,BRK,Noah Clowney,39:06,31,4,3,17,.529,0,2
20251124,BRK,Egor Dёmin,27:53,9,6,2,11,.364,1,1
20251124,BRK,Michael Porter Jr.,27:29,16,4,0,15,.400,0,2
20251124,BRK,Nic Claxton,26:17,8,4,1,8,.250,0,0
20251124,BRK,Terance Mann,18:56,6,6,2,5,.400,1,1
20251124,BRK,Tyrese Martin,26:47,4,7,5,8,.125,1,0
20251124,BRK,Drake Powell,23:55,15,2,4,10,.500,1,1
20251124,BRK,Jalen Wilson,22:48,6,2,1,7,.286,0,2
20251124,BRK,Day'Ron Sharpe,21:43,5,8,1,4,.500,1,1
20251124,BRK,Tyson Etienne,2:33,0,0,0,2,.000,0,0
20251124,BRK,E.J. Liddell,2:33,0,1,0,0,,0,0
20251124,DAL,P.J. Washington,34:24,27,8,1,21,.476,0,2
20251124,DAL,Cooper Flagg,33:53,12,7,3,14,.357,2,3
20251124,DAL,Max Christie,30:02,15,5,2,9,.556,0,2
20251124,DAL,Daniel Gafford,28:27,11,11,0,8,.500,1,1
20251124,DAL,Brandon Williams,20:52,12,2,5,13,.308,1,3
20251124,DAL,Naji Marshall,21:25,7,5,0,7,.429,2,2
20251124,DAL,Klay Thompson,20:08,13,2,0,12,.417,2,0
20251124,DAL,Ryan Nembhard,16:45,2,3,7,7,.143,0,0
20251124,DAL,Dwight Powell,10:18,0,2,1,0,,0,0
20251124,DAL,D'Angelo Russell,9:46,0,1,2,3,.000,0,2
20251124,DAL,Jaden Hardy,4:48,3,2,1,3,.333,0,0
20251124,DAL,Caleb Martin,4:41,0,1,0,0,,0,0
20251124,DAL,Moussa Cisse,4:31,0,1,0,0,,0,1
20251124,MIA,Kel'el Ware,33:35,20,18,0,14,.500,0,3
20251124,MIA,Davion Mitchell,32:11,8,3,4,8,.500,2,1
20251124,MIA,Tyler Herro,29:23,24,7,0,18,.667,3,0
20251124,MIA,Bam Adebayo,29:20,17,6,1,13,.385,1,2
20251124,MIA,Pelle Larsson,28:11,9,2,6,10,.400,1,1
20251124,MIA,Jaime Jaquez Jr.,32:34,13,6,5,11,.455,0,3
20251124,MIA,Simone Fontecchio,21:08,8,5,5,10,.200,0,2
20251124,MIA,Keshad Johnson,17:49,7,3,0,4,.750,0,0
20251124,MIA,Dru Smith,15:49,0,3,1,6,.000,1,1
20251124,DEN,Jamal Murray,37:11,29,3,8,21,.524,0,1
20251124,DEN,Cameron Johnson,36:31,18,6,1,10,.600,1,3
20251124,DEN,Nikola Jokić,33:43,17,10,16,9,.556,2,3
20251124,DEN,Peyton Watson,32:54,27,5,3,22,.500,1,1
20251124,DEN,Spencer Jones,15:02,0,5,0,2,.000,0,1
20251124,DEN,Bruce Brown,28:20,9,3,2,8,.375,0,2
20251124,DEN,Tim Hardaway Jr.,27:25,13,2,1,10,.500,0,0
20251124,DEN,Zeke Nnaji,14:37,6,6,0,3,.667,0,2
20251124,DEN,Jonas Valančiūnas,14:17,6,6,1,6,.500,1,1
20251124,MEM,Jaylen Wells,33:24,22,5,3,13,.615,1,0
20251124,MEM,Jaren Jackson Jr.,28:35,16,6,4,16,.438,0,3
20251124,MEM,Cedric Coward,26:40,5,3,2,6,.333,1,1
20251124,MEM,Vince Williams Jr.,23:55,6,5,7,8,.250,1,1
20251124,MEM,Zach Edey,5:41,2,1,0,1,1.000,0,0
20251124,MEM,Santi Aldama,32:41,12,6,6,16,.313,2,1
20251124,MEM,Jock Landale,30:53,26,10,2,18,.556,0,1
20251124,MEM,Cam Spencer,28:56,18,2,4,10,.600,0,1
20251124,MEM,Kentavious Caldwell-Pope,21:20,8,0,3,3,.667,0,3
20251124,MEM,John Konchar,7:55,0,2,2,2,.000,1,0
20251124,POR,Toumani Camara,31:31,13,7,3,11,.455,2,2
20251124,POR,Deni Avdija,31:23,22,4,5,13,.462,0,4
20251124,POR,Jerami Grant,30:55,35,4,4,18,.444,0,2
20251124,POR,Sidy Cissoko,28:15,3,1,2,4,.250,1,1
20251124,POR,Donovan Clingan,27:18,14,11,4,8,.625,1,1
20251124,POR,Kris Murray,26:43,2,5,0,3,.333,3,0
20251124,POR,Caleb Love,26:14,13,5,4,13,.385,0,2
20251124,POR,Rayan Rupert,16:29,2,5,2,3,.333,0,1
20251124,POR,Robert Williams,16:04,8,5,0,5,.600,1,0
20251124,POR,Duop Reath,2:34,3,1,0,1,1.000,0,1
20251124,POR,Yang Hansen,2:34,0,0,0,0,,0,0
20251124,MIL,Myles Turner,32:20,13,11,1,12,.333,0,1
20251124,MIL,Ryan Rollins,30:27,10,5,7,14,.286,1,4
20251124,MIL,Kyle Kuzma,27:17,15,6,0,9,.556,0,0
20251124,MIL,A.J. Green,24:33,6,2,0,6,.333,1,1
20251124,MIL,Jericho Sims,10:56,0,1,0,1,.000,0,0
20251124,MIL,Gary Trent Jr.,32:13,12,2,3,7,.429,1,2
20251124,MIL,Bobby Portis,26:40,22,6,2,15,.600,2,1
20251124,MIL,Cole Anthony,17:41,16,2,2,12,.667,2,3
20251124,MIL,Gary Harris,17:22,0,3,4,0,,2,1
20251124,MIL,Andre Jackson Jr.,7:19,3,0,2,5,.200,0,0
20251124,MIL,Thanasis Antetokounmpo,3:18,3,1,0,1,1.000,1,0
20251124,MIL,Mark Sears,3:18,3,0,0,3,.333,0,0
20251124,MIL,Amir Coffey,3:18,0,0,0,1,.000,0,0
20251124,MIL,Pete Nance,3:18,0,0,1,0,,0,0
20251124,CHI,Coby White,35:16,24,5,6,15,.467,1,5
20251124,CHI,Josh Giddey,35:03,21,7,6,12,.500,0,5
20251124,CHI,Ayo Dosunmu,32:10,28,2,1,16,.688,0,1
20251124,CHI,Patrick Williams,27:26,6,4,2,9,.222,0,1
20251124,CHI,Matas Buzelis,21:15,10,4,0,8,.500,0,2
20251124,CHI,Tre Jones,27:39,10,2,11,4,.500,0,0
20251124,CHI,Jalen Smith,26:21,13,6,1,6,.667,0,2
20251124,CHI,Jevon Carter,18:04,11,1,1,7,.571,1,0
20251124,CHI,Julian Phillips,14:37,7,2,1,3,1.000,1,1
20251124,CHI,Noa Essengue,2:09,0,0,0,2,.000,1,0
20251124,NOP,Trey Murphy III,36:08,20,4,4,16,.438,2,1
20251124,NOP,Saddiq Bey,34:28,20,13,3,16,.500,2,0
20251124,NOP,Zion Williamson,29:37,29,1,2,14,.571,2,2
20251124,NOP,Jeremiah Fears,24:17,15,4,3,9,.444,0,1
20251124,NOP,Derik Queen,16:57,8,5,4,9,.444,1,1
20251124,NOP,Jose Alvarado,31:56,16,8,8,16,.438,2,2
20251124,NOP,Yves Missi,29:16,14,14,0,11,.636,0,2
20251124,NOP,Micah Peavy,19:50,10,3,2,9,.556,4,0
20251124,NOP,Bryce McGowens,17:31,11,3,2,4,.750,0,1
20251124,HOU,Amen Thompson,36:51,28,7,8,16,.625,0,4
20251124,HOU,Alperen Şengün,34:42,18,5,5,14,.571,0,4
20251124,HOU,Jabari Smith Jr.,32:03,17,7,1,11,.545,2,2
20251124,HOU,Josh Okogie,29:31,9,6,1,11,.364,3,0
20251124,HOU,Reed Sheppard,26:54,7,1,5,9,.222,3,2
20251124,HOU,Aaron Holiday,27:19,22,1,2,17,.471,2,2
20251124,HOU,JD Davison,17:48,5,1,4,2,1.000,1,0
20251124,HOU,Steven Adams,16:29,6,7,0,4,.500,1,0
20251124,HOU,Clint Capela,13:21,2,5,0,2,.500,1,0
20251124,HOU,Isaiah Crawford,2:31,0,0,0,0,,0,0
20251124,HOU,Jeff Green,2:31,0,1,0,2,.000,0,0
20251124,PHO,Devin Booker,37:47,18,3,5,13,.385,1,5
20251124,PHO,Royce O'Neale,32:47,12,5,1,10,.400,0,1
20251124,PHO,Dillon Brooks,31:35,29,3,0,22,.500,1,2
20251124,PHO,Jordan Goodwin,26:40,7,4,0,8,.375,2,5
20251124,PHO,Nick Richards,21:39,4,11,0,4,.500,0,3
20251124,PHO,Collin Gillespie,29:18,16,3,2,12,.500,3,3
20251124,PHO,Isaiah Livers,22:41,0,7,0,3,.000,1,2
20251124,PHO,Oso Ighodaro,20:29,2,2,3,5,.200,1,0
20251124,PHO,Rasheer Fleming,7:40,0,1,0,1,.000,0,0
20251124,PHO,Jamaree Bouyea,3:08,3,0,0,2,.500,0,0
20251124,PHO,Nigel Hayes-Davis,3:08,1,0,0,0,,0,0
20251124,PHO,Khaman Maluach,3:08,0,0,0,0,,0,0
20251124,UTA,Keyonte George,37:45,28,6,7,17,.588,2,2
20251124,UTA,Lauri Markkanen,32:42,17,6,4,19,.316,0,2
20251124,UTA,Ace Bailey,29:29,21,3,2,15,.533,1,2
20251124,UTA,Jusuf Nurkić,24:11,8,9,2,6,.667,0,3
20251124,UTA,Svi Mykhailiuk,20:03,2,3,2,5,.200,0,1
20251124,UTA,Kyle Anderson,23:36,12,6,6,7,.857,1,2
20251124,UTA,Isaiah Collier,21:11,2,3,3,4,.250,2,2
20251124,UTA,Brice Sensabaugh,18:31,16,1,1,13,.538,1,0
20251124,UTA,Walter Clayton,17:01,0,1,4,5,.000,0,0
20251124,UTA,Kyle Filipowski,15:31,11,9,1,8,.500,0,0
20251124,GSW,Moses Moody,29:11,15,6,0,17,.353,2,0
20251124,GSW,Stephen Curry,29:03,31,4,2,24,.500,1,3
20251124,GSW,Jimmy Butler,28:33,18,6,7,11,.727,1,0
20251124,GSW,Quinten Post,27:34,9,4,5,8,.375,1,1
20251124,GSW,Gary Payton II,20:49,9,6,8,8,.500,1,0
20251124,GSW,Buddy Hield,22:45,20,5,4,13,.615,1,2
20251124,GSW,Will Richard,21:42,9,6,1,7,.429,2,0
20251124,GSW,Trayce Jackson-Davis,20:13,5,6,1,6,.333,0,0
20251124,GSW,Brandin Podziemski,17:47,6,5,3,4,.250,2,1
20251124,GSW,Pat Spencer,13:26,3,2,1,2,.500,0,1
20251124,GSW,Gui Santos,8:57,9,0,2,4,.750,0,2
20251124,MIN,Rudy Gobert,40:45,11,13,1,6,.667,0,2
20251124,MIN,Anthony Edwards,40:15,43,7,4,29,.552,3,3
20251124,MIN,Julius Randle,38:41,17,10,5,13,.385,0,5
20251124,MIN,Jaden McDaniels,37:16,6,8,2,10,.300,2,4
20251124,MIN,Donte DiVincenzo,37:03,17,4,1,14,.357,1,1
20251124,MIN,Mike Conley,24:58,3,2,5,4,.250,0,0
20251124,MIN,Naz Reid,23:27,15,7,0,15,.400,0,1
20251124,MIN,Rob Dillingham,8:48,0,0,3,2,.000,3,0
20251124,MIN,Terrence Shannon Jr.,7:23,0,1,0,1,.000,0,0
20251124,MIN,Jaylen Clark,6:25,0,3,0,3,.000,0,0
20251124,SAC,Keegan Murray,44:24,26,14,2,19,.526,1,0
20251124,SAC,Zach LaVine,31:49,7,3,1,10,.300,1,1
20251124,SAC,DeMar DeRozan,31:42,33,0,4,16,.563,3,2
20251124,SAC,Russell Westbrook,28:42,7,7,7,11,.273,2,4
20251124,SAC,Drew Eubanks,13:17,2,2,1,3,.333,0,1
20251124,SAC,Precious Achiuwa,34:01,10,8,0,8,.625,1,2
20251124,SAC,Malik Monk,26:05,22,2,2,18,.500,1,0
20251124,SAC,Dennis Schröder,24:18,6,5,9,8,.250,0,1
20251124,SAC,Maxime Raynaud,13:55,1,2,0,4,.000,0,0
20251124,SAC,Nique Clifford,11:35,3,6,1,0,,0,0
20251124,SAC,Keon Ellis,5:12,0,0,0,0,,0,1
20251125,ATL,Nickeil Alexander-Walker,32:25,8,2,4,9,.333,0,3
20251125,ATL,Dyson Daniels,32:00,11,9,7,11,.455,0,3
20251125,ATL,Jalen Johnson,30:04,7,7,7,12,.250,1,5
20251125,ATL,Zaccharie Risacher,29:51,17,5,0,12,.500,2,1
20251125,ATL,Kristaps Porziņģis,21:46,22,8,1,13,.538,0,0
20251125,ATL,Onyeka Okongwu,19:36,20,3,0,14,.571,0,1
20251125,ATL,Mouhamed Gueye,17:56,7,5,1,6,.500,0,1
20251125,ATL,Luke Kennard,15:09,9,1,4,7,.429,0,2
20251125,ATL,Vít Krejčí,14:17,10,1,3,7,.571,0,1
20251125,ATL,Keaton Wallace,13:38,0,2,4,1,.000,0,1
20251125,ATL,Jacob Toppin,6:39,2,0,0,2,.500,0,0
20251125,ATL,Asa Newell,6:39,0,1,2,1,.000,1,0
20251125,WAS,Alex Sarr,37:40,27,11,0,15,.733,2,1
20251125,WAS,CJ McCollum,36:48,46,5,4,25,.680,1,2
20251125,WAS,Bilal Coulibaly,34:10,9,3,4,6,.333,2,1
20251125,WAS,Khris Middleton,31:10,10,7,12,8,.375,1,2
20251125,WAS,Corey Kispert,24:29,19,3,1,11,.545,3,0
20251125,WAS,Bub Carrington,21:56,10,0,6,6,.667,0,3
20251125,WAS,Justin Champagnie,17:27,4,5,1,3,.667,1,0
20251125,WAS,Tristan Vukcevic,10:21,7,2,0,4,.750,1,2
20251125,WAS,Cam Whitmore,9:39,0,0,0,1,.000,1,0
20251125,WAS,Malaki Branham,8:30,0,0,2,3,.000,1,1
20251125,WAS,Jamir Watkins,2:45,0,0,0,1,.000,0,0
20251125,WAS,Sharife Cooper,2:33,0,0,0,0,,0,0
20251125,WAS,Will Riley,2:33,0,0,0,1,.000,0,0
20251125,ORL,Desmond Bane,28:39,15,2,6,15,.400,2,2
20251125,ORL,Franz Wagner,26:38,21,5,3,13,.615,1,1
20251125,ORL,Wendell Carter Jr.,21:49,12,8,1,5,.800,0,1
20251125,ORL,Tristan Da Silva,17:28,10,4,3,6,.667,0,0
20251125,ORL,Jalen Suggs,15:41,4,5,11,7,.286,2,1
20251125,ORL,Anthony Black,27:57,31,1,3,17,.706,1,3
20251125,ORL,Noah Penda,21:49,10,9,2,9,.333,0,1
20251125,ORL,Goga Bitadze,19:35,10,9,2,9,.556,1,1
20251125,ORL,Jett Howard,18:24,13,2,1,10,.500,0,0
20251125,ORL,Tyus Jones,15:56,10,1,3,4,.750,1,0
20251125,ORL,Jase Richardson,10:02,7,0,1,5,.400,1,1
20251125,ORL,Jamal Cain,9:26,1,1,1,0,,0,0
20251125,ORL,Orlando Robinson,6:36,0,0,1,1,.000,1,0
20251125,PHI,Tyrese Maxey,31:58,20,1,4,15,.467,1,1
20251125,PHI,Dominick Barlow,30:42,11,6,2,8,.500,0,2
20251125,PHI,Quentin Grimes,26:57,8,3,4,9,.111,0,3
20251125,PHI,Andre Drummond,22:19,3,12,0,6,.167,0,2
20251125,PHI,Justin Edwards,22:09,13,1,1,7,.714,2,4
20251125,PHI,Jared McCain,24:55,15,1,3,13,.462,0,0
20251125,PHI,Eric Gordon,22:25,10,2,2,4,1.000,2,1
20251125,PHI,Jabari Walker,21:20,9,5,1,7,.571,0,2
20251125,PHI,Johni Broome,17:07,4,6,2,9,.222,2,2
20251125,PHI,Trendon Watford,10:42,8,1,1,2,1.000,0,2
20251125,PHI,Hunter Sallis,9:26,2,0,2,2,.500,0,2
20251125,LAC,Ivica Zubac,36:55,10,10,4,12,.417,1,1
20251125,LAC,James Harden,36:50,29,5,9,21,.429,2,5
20251125,LAC,John Collins,33:58,18,5,1,8,.750,0,1
20251125,LAC,Kris Dunn,30:14,19,0,3,13,.615,1,2
20251125,LAC,Kawhi Leonard,27:38,19,5,3,14,.429,1,3
20251125,LAC,Nicolas Batum,21:42,6,1,0,3,.667,2,0
20251125,LAC,Kobe Brown,21:15,6,0,2,4,.750,0,0
20251125,LAC,Kobe Sanders,16:34,6,1,1,2,.500,0,2
20251125,LAC,Chris Paul,9:18,4,1,1,3,.667,0,0
20251125,LAC,Cam Christie,1:52,1,1,0,1,.000,0,0
20251125,LAC,Yanic Konan Niederhäuser,1:52,0,0,0,0,,0,0
20251125,LAC,Jahmyl Telfort,1:52,0,0,0,0,,0,0
20251125,LAL,Luka Dončić,38:16,43,9,13,28,.500,1,3
20251125,LAL,Austin Reaves,35:03,31,9,3,16,.688,3,1
20251125,LAL,LeBron James,32:19,25,6,6,15,.600,1,3
20251125,LAL,Rui Hachimura,30:52,13,3,0,9,.667,0,1
20251125,LAL,Jaxson Hayes,29:50,8,4,3,4,.750,1,1
20251125,LAL,Marcus Smart,20:04,7,3,3,5,.600,1,1
20251125,LAL,Gabe Vincent,18:01,0,0,0,2,.000,0,1
20251125,LAL,Jake LaRavia,17:07,4,1,0,2,1.000,1,0
20251125,LAL,Maxi Kleber,13:40,2,3,0,3,.333,0,0
20251125,LAL,Drew Timme,1:12,2,0,0,2,.500,1,0
20251125,LAL,Bronny James,1:12,0,0,1,1,.000,0,0
20251125,LAL,Dalton Knecht,1:12,0,0,0,0,,0,0
20251125,LAL,Adou Thiero,1:12,0,0,0,0,,0,0
20251126,DET,Cade Cunningham,36:24,42,8,5,26,.462,1,4
20251126,DET,Jalen Duren,30:18,12,16,1,10,.400,0,3
20251126,DET,Duncan Robinson,29:32,11,2,3,9,.444,0,1
20251126,DET,Tobias Harris,27:01,12,4,3,8,.500,0,0
20251126,DET,Ausar Thompson,25:51,8,8,2,8,.250,1,2
20251126,DET,Caris LeVert,23:58,10,3,3,8,.375,0,1
20251126,DET,Isaiah Stewart,20:07,6,9,1,7,.429,0,1
20251126,DET,Jaden Ivey,14:47,7,4,0,9,.222,1,1
20251126,DET,Ron Holland,14:21,6,1,1,6,.500,2,0
20251126,DET,Javonte Green,9:43,0,1,0,2,.000,0,0
20251126,DET,Daniss Jenkins,7:59,0,0,1,0,,0,0
20251126,BOS,Payton Pritchard,34:25,16,5,2,10,.500,0,1
20251126,BOS,Jaylen Brown,34:13,33,10,5,32,.375,2,5
20251126,BOS,Derrick White,31:14,27,7,3,13,.538,3,2
20251126,BOS,Jordan Walsh,28:31,7,6,4,6,.500,2,1
20251126,BOS,Luka Garza,11:20,0,1,0,1,.000,0,0
20251126,BOS,Baylor Scheierman,30:18,13,3,1,7,.714,0,1
20251126,BOS,Josh Minott,19:12,9,5,3,6,.500,1,1
20251126,BOS,Sam Hauser,17:13,5,1,1,4,.500,0,0
20251126,BOS,Amari Williams,15:22,1,3,0,0,,0,0
20251126,BOS,Anfernee Simons,11:43,5,1,4,7,.143,0,1
20251126,BOS,Hugo González,6:30,1,2,1,1,.000,1,0
20251126,NYK,Miles McBride,39:06,19,3,3,8,.750,2,2
20251126,NYK,Mikal Bridges,35:39,18,5,3,11,.727,3,2
20251126,NYK,Jalen Brunson,33:58,33,2,3,28,.500,0,3
20251126,NYK,Josh Hart,33:45,22,8,7,13,.615,3,2
20251126,NYK,Karl-Anthony Towns,32:22,19,10,3,13,.462,0,3
20251126,NYK,Mitchell Robinson,17:12,0,5,1,0,,3,0
20251126,NYK,Tyler Kolek,15:23,7,0,3,4,.750,0,1
20251126,NYK,Jordan Clarkson,14:00,8,2,0,7,.571,1,0
20251126,NYK,Guerschon Yabusele,12:08,0,4,0,2,.000,0,1
20251126,NYK,Ariel Hukporti,2:17,0,1,1,1,.000,0,0
20251126,NYK,Mohamed Diawara,2:05,3,0,2,1,1.000,0,0
20251126,NYK,Pacôme Dadiet,2:05,0,1,0,0,,0,0
20251126,CHO,Miles Bridges,33:49,17,4,1,14,.429,0,3
20251126,CHO,Kon Knueppel,29:34,6,4,2,12,.167,0,2
20251126,CHO,Ryan Kalkbrenner,27:49,8,6,0,5,.800,1,1
20251126,CHO,Brandon Miller,27:46,18,4,3,12,.417,2,4
20251126,CHO,LaMelo Ball,26:49,11,6,4,14,.286,1,4
20251126,CHO,Sion James,25:31,4,2,0,4,.000,1,0
20251126,CHO,Tre Mann,20:50,15,3,3,13,.462,0,2
20251126,CHO,Collin Sexton,17:26,15,1,2,6,.833,0,0
20251126,CHO,Moussa Diabaté,15:24,4,4,0,2,1.000,0,1
20251126,CHO,Liam McNeeley,15:02,3,1,0,3,.333,0,0
20251126,MIL,Ryan Rollins,41:08,26,7,5,24,.458,1,4
20251126,MIL,A.J. Green,36:16,12,5,8,6,.667,2,0
20251126,MIL,Gary Trent Jr.,34:41,15,1,2,14,.357,2,1
20251126,MIL,Myles Turner,31:15,24,8,2,15,.600,0,1
20251126,MIL,Kyle Kuzma,29:20,8,12,6,11,.364,0,2
20251126,MIL,Bobby Portis,20:51,9,4,2,14,.286,1,1
20251126,MIL,Gary Harris,18:36,3,4,1,2,.500,0,0
20251126,MIL,Jericho Sims,16:45,4,2,2,2,1.000,1,2
20251126,MIL,Cole Anthony,11:08,2,4,3,7,.000,0,2
20251126,MIA,Tyler Herro,32:25,29,5,7,15,.600,1,2
20251126,MIA,Andrew Wiggins,31:17,11,2,3,11,.364,0,1
20251126,MIA,Norman Powell,28:51,11,4,2,11,.364,1,2
20251126,MIA,Davion Mitchell,28:47,2,4,9,2,.500,1,3
20251126,MIA,Bam Adebayo,28:37,17,11,2,16,.438,0,1
20251126,MIA,Kel'el Ware,26:01,11,9,0,6,.667,2,1
20251126,MIA,Pelle Larsson,21:01,8,3,3,10,.300,1,2
20251126,MIA,Dru Smith,19:13,5,3,1,6,.333,3,1
20251126,MIA,Jaime Jaquez Jr.,17:02,10,4,3,6,.667,0,1
20251126,MIA,Simone Fontecchio,6:46,2,2,2,2,.500,0,0
20251126,MIN,Anthony Edwards,40:06,31,8,5,19,.474,0,3
20251126,MIN,Julius Randle,33:00,10,8,4,13,.154,3,3
20251126,MIN,Rudy Gobert,32:13,5,12,3,3,.333,0,1
20251126,MIN,Donte DiVincenzo,31:18,11,5,2,9,.444,1,2
20251126,MIN,Jaden McDaniels,30:09,10,6,3,6,.500,0,3
20251126,MIN,Naz Reid,24:05,12,2,3,11,.364,0,1
20251126,MIN,Terrence Shannon Jr.,17:08,18,2,1,7,1.000,0,0
20251126,MIN,Mike Conley,12:32,2,0,2,4,.250,0,0
20251126,MIN,Rob Dillingham,12:13,6,1,2,7,.286,0,0
20251126,MIN,Jaylen Clark,7:18,0,0,0,1,.000,0,1
20251126,OKC,Shai Gilgeous-Alexander,36:43,40,6,6,19,.632,3,1
20251126,OKC,Luguentz Dort,31:41,5,1,1,9,.222,1,1
20251126,OKC,Cason Wallace,31:39,9,3,2,7,.571,2,1
20251126,OKC,Chet Holmgren,29:02,12,9,2,12,.333,1,1
20251126,OKC,Isaiah Hartenstein,28:03,15,7,2,10,.600,1,0
20251126,OKC,Ajay Mitchell,23:38,13,2,3,9,.556,0,0
20251126,OKC,Alex Caruso,21:53,5,2,0,5,.200,0,1
20251126,OKC,Kenrich Williams,12:46,0,4,1,1,.000,0,0
20251126,OKC,Jaylin Williams,12:24,9,5,2,4,.500,0,1
20251126,OKC,Isaiah Joe,12:11,5,0,0,4,.500,0,1
20251126,IND,Andrew Nembhard,35:25,9,4,4,10,.200,2,2
20251126,IND,Bennedict Mathurin,34:01,15,3,3,15,.333,1,4
20251126,IND,Pascal Siakam,30:56,11,4,2,10,.500,2,3
20251126,IND,Jarace Walker,26:40,13,9,2,9,.444,2,3
20251126,IND,Isaiah Jackson,19:38,8,2,3,3,1.000,0,3
20251126,IND,Jay Huff,28:23,10,6,0,6,.500,0,0
20251126,IND,Ben Sheppard,27:02,8,5,0,6,.500,0,0
20251126,IND,T.J. McConnell,24:15,16,7,6,17,.471,0,2
20251126,IND,Jeremiah Robinson-Earl,13:36,5,3,0,2,1.000,0,1
20251126,IND,Garrison Mathews,0:04,0,0,0,0,,0,0
20251126,TOR,Brandon Ingram,38:12,26,8,0,23,.478,2,3
20251126,TOR,Scottie Barnes,36:26,24,10,4,12,.417,0,4
20251126,TOR,Immanuel Quickley,34:43,15,5,6,19,.316,2,1
20251126,TOR,Jakob Poeltl,31:33,8,9,3,6,.667,1,2
20251126,TOR,Collin Murray-Boyles,7:41,0,1,0,2,.000,0,0
20251126,TOR,Ja'Kobe Walter,32:28,13,4,1,10,.500,2,0
20251126,TOR,Jamal Shead,16:30,2,2,3,4,.000,1,1
20251126,TOR,Sandro Mamukelashvili,16:27,7,3,0,8,.375,0,0
20251126,TOR,Jamison Battle,13:57,2,3,0,2,.500,0,0
20251126,TOR,Gradey Dick,6:34,0,3,1,2,.000,1,1
20251126,TOR,Ochai Agbaji,5:29,0,0,0,2,.000,0,1
20251126,MEM,Jaren Jackson Jr.,36:04,27,5,2,23,.391,3,0
20251126,MEM,Vince Williams Jr.,35:02,5,4,17,6,.333,2,6
20251126,MEM,Zach Edey,34:39,21,15,0,15,.667,1,2
20251126,MEM,Cedric Coward,34:06,12,9,4,10,.500,0,3
20251126,MEM,Jaylen Wells,32:28,25,3,1,11,.818,1,1
20251126,MEM,Santi Aldama,24:25,14,5,4,9,.556,0,0
20251126,MEM,Cam Spencer,19:06,11,2,7,5,.800,1,2
20251126,MEM,Jock Landale,18:06,11,3,1,11,.455,0,2
20251126,MEM,Kentavious Caldwell-Pope,17:25,0,1,2,3,.000,0,0
20251126,MEM,John Konchar,13:39,7,2,0,4,.750,1,0
20251126,NOP,Saddiq Bey,38:42,18,10,2,13,.462,3,0
20251126,NOP,Trey Murphy III,38:28,12,4,6,12,.417,2,3
20251126,NOP,Zion Williamson,32:22,17,5,4,15,.467,0,5
20251126,NOP,Jeremiah Fears,26:23,10,2,3,11,.364,0,0
20251126,NOP,Derik Queen,22:50,10,2,9,8,.625,1,1
20251126,NOP,Yves Missi,29:24,6,6,3,6,.500,0,1
20251126,NOP,Jose Alvarado,26:37,24,5,2,15,.600,2,1
20251126,NOP,Micah Peavy,21:23,11,4,2,9,.444,1,1
20251126,NOP,Jordan Hawkins,15:19,14,1,1,9,.556,1,1
20251126,NOP,Bryce McGowens,13:32,6,1,2,3,.667,0,1
20251126,HOU,Amen Thompson,38:19,10,14,3,12,.333,1,2
20251126,HOU,Reed Sheppard,37:16,31,9,5,25,.480,1,2
20251126,HOU,Jabari Smith Jr.,36:36,15,4,2,11,.364,1,0
20251126,HOU,Alperen Şengün,34:34,16,6,6,18,.389,1,1
20251126,HOU,Josh Okogie,23:39,3,3,1,5,.200,1,3
20251126,HOU,Aaron Holiday,29:25,14,3,3,16,.250,0,2
20251126,HOU,Clint Capela,18:04,6,12,2,8,.375,1,0
20251126,HOU,Jae'Sean Tate,11:53,5,2,0,2,1.000,0,0
20251126,HOU,JD Davison,10:14,4,0,2,2,1.000,1,0
20251126,GSW,Draymond Green,34:16,12,9,8,8,.625,0,4
20251126,GSW,Stephen Curry,32:45,14,6,5,13,.308,0,7
20251126,GSW,Jimmy Butler,32:35,21,5,5,11,.545,2,0
20251126,GSW,Moses Moody,30:05,9,7,1,8,.250,0,0
20251126,GSW,Will Richard,28:01,18,6,0,12,.583,2,0
20251126,GSW,Brandin Podziemski,28:23,14,4,2,11,.545,1,2
20251126,GSW,Quinten Post,21:35,12,5,1,11,.455,3,0
20251126,GSW,Buddy Hield,15:04,0,3,0,4,.000,0,0
20251126,GSW,Pat Spencer,6:27,0,0,1,1,.000,0,0
20251126,GSW,Gui Santos,5:55,0,1,1,2,.000,0,2
20251126,GSW,Gary Payton II,4:54,0,1,1,1,.000,0,1
20251126,SAS,Harrison Barnes,36:23,13,5,0,11,.455,3,1
20251126,SAS,Devin Vassell,35:21,23,6,0,17,.529,1,0
20251126,SAS,De'Aaron Fox,33:05,37,6,8,25,.440,3,3
20251126,SAS,Julian Champagnie,32:19,12,11,2,10,.500,0,1
20251126,SAS,Luke Kornet,28:04,6,9,2,8,.375,0,0
20251126,SAS,Keldon Johnson,22:46,11,10,2,7,.429,1,1
20251126,SAS,Dylan Harper,16:31,7,3,2,8,.250,2,0
20251126,SAS,Kelly Olynyk,11:58,2,1,1,3,.333,0,0
20251126,SAS,Lindy Waters III,8:22,2,1,0,3,.333,1,0
20251126,SAS,Carter Bryant,7:36,0,2,0,2,.000,1,2
20251126,SAS,Jeremy Sochan,7:35,2,3,0,7,.143,0,1
20251126,POR,Deni Avdija,39:42,37,6,8,19,.632,0,6
20251126,POR,Jerami Grant,32:24,13,4,2,17,.294,1,3
20251126,POR,Toumani Camara,30:18,10,5,1,14,.286,0,1
20251126,POR,Donovan Clingan,26:09,9,11,1,8,.375,0,0
20251126,POR,Sidy Cissoko,18:19,3,2,2,4,.250,0,2
20251126,POR,Kris Murray,29:03,8,6,3,5,.600,0,1
20251126,POR,Shaedon Sharpe,21:30,11,5,2,8,.500,0,3
20251126,POR,Robert Williams,19:36,10,5,1,6,.833,1,0
20251126,POR,Caleb Love,12:20,1,1,1,4,.000,0,1
20251126,POR,Rayan Rupert,8:35,0,2,0,1,.000,1,1
20251126,POR,Duop Reath,1:02,0,0,0,0,,0,0
20251126,POR,Yang Hansen,1:02,0,1,0,1,.000,0,0
20251126,PHO,Devin Booker,39:02,19,7,6,22,.273,1,1
20251126,PHO,Collin Gillespie,33:58,21,3,9,15,.533,2,4
20251126,PHO,Dillon Brooks,33:25,13,3,0,12,.333,0,3
20251126,PHO,Royce O'Neale,32:08,9,4,4,9,.333,3,2
20251126,PHO,Mark Williams,28:38,21,16,4,12,.750,3,3
20251126,PHO,Jordan Goodwin,24:00,7,8,2,8,.375,2,0
20251126,PHO,Jamaree Bouyea,18:43,11,1,0,6,.667,0,0
20251126,PHO,Oso Ighodaro,15:24,8,2,0,4,1.000,2,0
20251126,PHO,Isaiah Livers,9:11,0,3,0,2,.000,1,1
20251126,PHO,Nick Richards,5:32,3,0,0,1,1.000,0,0
20251126,SAC,Keegan Murray,38:04,19,8,3,16,.438,2,0
20251126,SAC,DeMar DeRozan,36:50,10,3,3,11,.364,0,1
20251126,SAC,Zach LaVine,31:35,13,2,2,14,.357,1,6
20251126,SAC,Russell Westbrook,30:52,19,8,3,13,.615,0,5
20251126,SAC,Drew Eubanks,14:22,4,9,2,4,.500,1,1
20251126,SAC,Precious Achiuwa,24:45,14,5,3,7,.857,1,0
20251126,SAC,Keon Ellis,22:58,6,2,1,5,.400,3,1
20251126,SAC,Malik Monk,22:40,15,1,2,12,.500,0,4
20251126,SAC,Nique Clifford,9:01,0,1,1,2,.000,0,1
20251126,SAC,Maxime Raynaud,8:53,0,2,0,2,.000,1,0
20251128,CLE,Donovan Mitchell,35:23,42,3,3,28,.536,1,4
20251128,CLE,Evan Mobley,33:39,20,14,7,17,.412,2,2
20251128,CLE,Darius Garland,32:59,15,5,10,14,.429,1,5
20251128,CLE,De'Andre Hunter,32:11,16,4,1,9,.667,2,3
20251128,CLE,Jarrett Allen,27:59,8,8,1,6,.500,0,2
20251128,CLE,Jaylon Tyson,21:20,9,2,1,10,.300,3,0
20251128,CLE,Dean Wade,18:47,5,3,1,3,.333,0,0
20251128,CLE,Lonzo Ball,16:41,3,5,4,4,.250,0,1
20251128,CLE,Nae'Qwan Tomlin,11:05,5,1,0,3,.667,0,0
20251128,CLE,Larry Nance Jr.,9:56,0,3,1,1,.000,0,0
20251128,ATL,Jalen Johnson,38:48,29,12,12,18,.500,2,3
20251128,ATL,Dyson Daniels,36:34,10,8,9,8,.625,3,2
20251128,ATL,Nickeil Alexander-Walker,34:43,30,3,1,22,.455,1,1
20251128,ATL,Onyeka Okongwu,33:42,18,7,4,14,.571,2,2
20251128,ATL,Zaccharie Risacher,26:50,14,3,1,6,.833,0,2
20251128,ATL,Mouhamed Gueye,23:30,12,3,2,7,.714,1,0
20251128,ATL,Vít Krejčí,21:10,14,2,3,12,.417,2,1
20251128,ATL,Luke Kennard,15:44,3,0,2,3,.333,0,1
20251128,ATL,Keaton Wallace,8:59,0,0,2,1,.000,0,0
20251128,PHI,Quentin Grimes,42:38,19,3,9,20,.400,2,5
20251128,PHI,Tyrese Maxey,41:45,22,9,7,16,.438,1,1
20251128,PHI,Dominick Barlow,25:20,10,10,4,7,.571,0,1
20251128,PHI,Paul George,21:21,14,3,2,10,.600,2,1
20251128,PHI,Andre Drummond,10:31,7,4,1,2,1.000,0,0
20251128,PHI,Jared McCain,28:50,20,4,1,16,.438,5,0
20251128,PHI,Adem Bona,22:50,13,6,0,7,.857,0,2
20251128,PHI,Justin Edwards,16:09,4,0,1,7,.143,2,1
20251128,PHI,Jabari Walker,12:00,4,2,1,3,.667,0,0
20251128,PHI,Kyle Lowry,11:10,0,0,2,0,,0,0
20251128,PHI,Johni Broome,7:27,2,0,0,0,,0,0
20251128,BRK,Nic Claxton,37:32,12,6,1,10,.400,1,5
20251128,BRK,Terance Mann,35:57,14,4,6,9,.556,0,3
20251128,BRK,Noah Clowney,35:09,16,7,3,14,.286,1,3
20251128,BRK,Egor Dёmin,30:29,23,9,5,18,.444,1,3
20251128,BRK,Ziaire Williams,29:47,10,4,1,10,.400,1,1
20251128,BRK,Drake Powell,20:36,4,1,1,2,.500,0,1
20251128,BRK,Tyrese Martin,17:20,16,2,2,12,.583,1,0
20251128,BRK,Danny Wolf,12:46,5,5,1,2,.000,0,0
20251128,BRK,Jalen Wilson,10:16,0,0,1,4,.000,0,0
20251128,BRK,Day'Ron Sharpe,10:09,3,3,0,4,.250,0,2
20251128,CHI,Josh Giddey,33:15,25,11,9,16,.500,1,0
20251128,CHI,Nikola Vučević,30:33,13,14,3,11,.545,1,2
20251128,CHI,Matas Buzelis,29:42,8,2,3,8,.375,1,2
20251128,CHI,Coby White,29:09,25,2,4,23,.478,0,0
20251128,CHI,Kevin Huerter,24:56,11,2,4,8,.500,0,0
20251128,CHI,Tre Jones,26:37,16,1,4,9,.667,5,2
20251128,CHI,Ayo Dosunmu,23:24,5,2,2,7,.286,0,1
20251128,CHI,Jalen Smith,17:27,6,5,0,5,.600,0,2
20251128,CHI,Patrick Williams,12:33,5,5,0,8,.250,0,1
20251128,CHI,Jevon Carter,10:07,2,0,2,2,.500,0,0
20251128,CHI,Julian Phillips,2:17,0,0,0,0,,0,0
20251128,CHO,Miles Bridges,35:34,22,8,7,17,.471,0,2
20251128,CHO,Kon Knueppel,31:40,12,5,4,14,.357,1,1
20251128,CHO,Brandon Miller,31:37,27,5,1,19,.526,0,1
20251128,CHO,Ryan Kalkbrenner,29:39,7,5,0,2,1.000,0,2
20251128,CHO,LaMelo Ball,28:55,16,7,8,19,.316,2,2
20251128,CHO,Collin Sexton,25:34,21,4,3,15,.533,1,1
20251128,CHO,Sion James,20:10,9,3,3,3,.667,0,0
20251128,CHO,Moussa Diabaté,18:21,4,8,2,3,.333,2,1
20251128,CHO,Tre Mann,14:23,5,1,0,5,.400,0,2
20251128,CHO,Liam McNeeley,4:08,0,0,0,0,,0,0
20251128,ORL,Desmond Bane,39:17,37,8,2,25,.520,1,2
20251128,ORL,Franz Wagner,35:58,21,7,1,19,.421,3,1
20251128,ORL,Jalen Suggs,33:56,14,4,1,17,.235,4,2
20251128,ORL,Wendell Carter Jr.,32:14,8,11,3,7,.286,1,3
20251128,ORL,Tristan Da Silva,20:42,8,3,0,5,.600,1,2
20251128,ORL,Anthony Black,31:32,16,4,4,17,.353,3,3
20251128,ORL,Tyus Jones,18:27,0,1,3,2,.000,1,0
20251128,ORL,Goga Bitadze,14:18,4,3,0,2,1.000,1,0
20251128,ORL,Jonathan Isaac,13:36,4,3,0,3,.667,0,0
20251128,DET,Cade Cunningham,39:59,39,13,11,26,.500,0,8
20251128,DET,Duncan Robinson,35:14,9,1,3,12,.250,3,0
20251128,DET,Jalen Duren,31:11,16,12,2,8,.625,1,5
20251128,DET,Tobias Harris,29:55,18,5,1,15,.533,0,0
20251128,DET,Ausar Thompson,22:38,8,7,2,7,.429,1,3
20251128,DET,Caris LeVert,23:31,7,1,0,7,.286,1,0
20251128,DET,Isaiah Stewart,14:16,8,6,1,3,.667,0,3
20251128,DET,Javonte Green,10:23,0,2,0,2,.000,1,1
20251128,DET,Jaden Ivey,10:11,3,0,0,2,.500,0,3
20251128,DET,Ron Holland,8:46,0,0,1,0,,0,1
20251128,DET,Daniss Jenkins,8:20,0,1,1,2,.000,0,0
20251128,DET,Paul Reed,5:36,1,1,0,0,,0,0
20251128,WAS,Alex Sarr,32:44,24,9,1,19,.421,2,1
20251128,WAS,Bilal Coulibaly,30:40,11,4,2,9,.444,1,4
20251128,WAS,CJ McCollum,29:31,11,1,2,13,.385,2,0
20251128,WAS,Kyshawn George,26:32,5,3,4,6,.333,0,2
20251128,WAS,Khris Middleton,25:52,12,6,4,10,.600,0,4
20251128,WAS,Bub Carrington,26:37,6,7,3,8,.250,0,1
20251128,WAS,Cam Whitmore,15:43,8,3,0,6,.500,0,2
20251128,WAS,Tristan Vukcevic,15:16,5,1,2,4,.250,0,2
20251128,WAS,Justin Champagnie,11:12,0,2,0,1,.000,1,0
20251128,WAS,Will Riley,10:02,4,4,0,5,.400,0,0
20251128,WAS,Malaki Branham,6:45,0,1,0,1,.000,0,0
20251128,WAS,AJ Johnson,5:48,0,1,0,1,.000,0,1
20251128,WAS,Sharife Cooper,3:18,0,0,0,1,.000,0,0
20251128,IND,Bennedict Mathurin,34:09,20,2,4,16,.500,1,3
20251128,IND,Ben Sheppard,29:14,9,3,5,5,.600,1,2
20251128,IND,Pascal Siakam,26:27,24,11,1,20,.550,2,0
20251128,IND,Jarace Walker,23:08,10,7,1,9,.333,0,1
20251128,IND,Jay Huff,21:47,12,6,2,6,.833,0,2
20251128,IND,Jeremiah Robinson-Earl,26:22,3,11,4,7,.143,1,1
20251128,IND,Garrison Mathews,21:50,9,1,0,7,.286,1,1
20251128,IND,T.J. McConnell,19:14,14,4,8,9,.778,1,1
20251128,IND,Isaiah Jackson,18:26,10,2,0,7,.714,2,0
20251128,IND,Tony Bradley,7:47,5,1,1,2,1.000,0,0
20251128,IND,Taelon Peter,5:48,3,0,0,2,.500,0,0
20251128,IND,RayJ Dennis,5:48,0,2,1,2,.000,0,0
20251128,MIL,Ryan Rollins,41:01,13,5,6,10,.400,2,3
20251128,MIL,A.J. Green,39:15,18,5,1,12,.500,2,2
20251128,MIL,Myles Turner,30:23,10,3,1,10,.300,1,0
20251128,MIL,Giannis Antetokounmpo,28:05,30,15,8,14,.714,1,3
20251128,MIL,Gary Trent Jr.,24:56,3,0,1,4,.250,0,0
20251128,MIL,Kyle Kuzma,28:14,20,4,3,9,.889,2,2
20251128,MIL,Gary Harris,23:30,5,0,0,2,.500,0,2
20251128,MIL,Bobby Portis,17:37,3,3,2,7,.143,0,2
20251128,MIL,Cole Anthony,6:59,7,0,2,3,1.000,1,1
20251128,NYK,Josh Hart,39:54,19,15,7,12,.417,3,3
20251128,NYK,Jalen Brunson,39:05,37,1,5,21,.571,1,3
20251128,NYK,Karl-Anthony Towns,35:41,9,10,4,8,.250,0,2
20251128,NYK,Mikal Bridges,34:43,14,4,2,12,.500,2,0
20251128,NYK,Miles McBride,33:22,19,2,1,8,.625,0,0
20251128,NYK,Jordan Clarkson,21:52,6,4,3,13,.154,0,1
20251128,NYK,Mitchell Robinson,18:59,6,7,1,3,1.000,2,2
20251128,NYK,Tyler Kolek,10:15,5,0,1,5,.400,2,0
20251128,NYK,Guerschon Yabusele,6:09,3,1,1,2,.500,0,1
20251128,SAS,Julian Champagnie,36:26,25,10,2,15,.400,1,0
20251128,SAS,De'Aaron Fox,34:07,15,1,12,19,.316,1,3
20251128,SAS,Devin Vassell,31:17,35,3,2,17,.706,1,0
20251128,SAS,Harrison Barnes,30:52,10,3,5,11,.364,1,2
20251128,SAS,Luke Kornet,27:43,12,6,2,7,.571,0,1
20251128,SAS,Keldon Johnson,22:22,14,8,2,7,.571,0,1
20251128,SAS,Jeremy Sochan,15:36,4,1,2,4,.500,1,0
20251128,SAS,Dylan Harper,15:19,11,0,3,7,.571,3,0
20251128,SAS,Kelly Olynyk,12:32,7,1,0,3,.667,1,1
20251128,SAS,Lindy Waters III,7:55,3,0,0,1,1.000,0,0
20251128,SAS,Carter Bryant,5:51,3,2,0,3,.333,1,0
20251128,DEN,Cameron Johnson,37:45,28,6,1,16,.625,2,3
20251128,DEN,Jamal Murray,36:10,37,4,7,20,.650,0,2
20251128,DEN,Nikola Jokić,36:01,21,9,10,10,.700,1,4
20251128,DEN,Peyton Watson,33:42,15,6,3,11,.455,1,1
20251128,DEN,Spencer Jones,22:46,9,1,3,9,.444,1,1
20251128,DEN,Tim Hardaway Jr.,28:31,15,2,1,10,.400,0,2
20251128,DEN,Bruce Brown,19:19,3,4,1,8,.125,0,0
20251128,DEN,Zeke Nnaji,13:47,4,4,0,4,.500,0,2
20251128,DEN,Jonas Valančiūnas,11:59,4,8,1,3,.667,0,1
20251128,PHO,Dillon Brooks,38:50,19,3,2,18,.333,2,3
20251128,PHO,Devin Booker,38:32,21,8,6,13,.385,1,5
20251128,PHO,Collin Gillespie,33:15,24,3,4,16,.563,1,4
20251128,PHO,Royce O'Neale,28:54,11,7,1,10,.400,1,1
20251128,PHO,Mark Williams,22:22,13,14,0,9,.556,0,4
20251128,PHO,Jordan Goodwin,25:57,14,5,2,13,.385,1,1
20251128,PHO,Oso Ighodaro,21:55,6,6,4,4,.750,1,0
20251128,PHO,Jamaree Bouyea,14:12,9,2,0,6,.667,0,0
20251128,PHO,Nigel Hayes-Davis,12:10,0,2,0,2,.000,0,0
20251128,PHO,Nick Richards,3:54,2,1,1,1,1.000,0,0
20251128,OKC,Shai Gilgeous-Alexander,35:43,37,3,8,20,.500,1,1
20251128,OKC,Chet Holmgren,32:23,23,8,1,13,.615,0,0
20251128,OKC,Cason Wallace,32:22,14,4,3,9,.667,1,0
20251128,OKC,Luguentz Dort,29:39,7,2,0,7,.429,3,1
20251128,OKC,Jalen Williams,29:03,11,4,8,12,.250,2,1
20251128,OKC,Alex Caruso,24:04,4,7,3,3,.667,2,4
20251128,OKC,Isaiah Joe,23:54,10,4,2,9,.444,0,0
20251128,OKC,Jaylin Williams,21:01,14,4,0,8,.625,0,2
20251128,OKC,Kenrich Williams,7:11,3,1,1,3,.333,0,0
20251128,OKC,Ajay Mitchell,4:41,0,0,1,3,.000,0,1
20251128,SAC,Keegan Murray,44:35,23,10,3,18,.500,3,0
20251128,SAC,Zach LaVine,38:51,34,2,6,23,.522,0,2
20251128,SAC,DeMar DeRozan,36:00,16,2,3,10,.500,1,2
20251128,SAC,Russell Westbrook,33:04,16,12,14,16,.375,4,3
20251128,SAC,Drew Eubanks,12:58,2,4,0,3,.333,0,1
20251128,SAC,Maxime Raynaud,21:32,19,4,0,11,.636,0,0
20251128,SAC,Malik Monk,20:40,5,2,0,7,.286,1,1
20251128,SAC,Precious Achiuwa,19:12,2,6,1,6,.167,0,0
20251128,SAC,Keon Ellis,7:27,2,0,0,2,.000,0,0
20251128,SAC,Nique Clifford,5:41,0,2,0,0,,0,0
20251128,UTA,Lauri Markkanen,38:55,28,7,2,23,.391,0,1
20251128,UTA,Keyonte George,35:37,31,5,6,19,.526,0,3
20251128,UTA,Jusuf Nurkić,27:25,9,11,9,8,.500,3,3
20251128,UTA,Svi Mykhailiuk,23:14,9,3,2,7,.571,0,1
20251128,UTA,Ace Bailey,16:37,5,4,2,5,.400,1,0
20251128,UTA,Brice Sensabaugh,27:43,20,3,0,11,.545,1,2
20251128,UTA,Isaiah Collier,23:43,9,1,7,4,.500,0,1
20251128,UTA,Kyle Filipowski,20:45,8,7,2,4,.500,0,0
20251128,UTA,Kevin Love,17:24,9,7,1,5,.600,1,0
20251128,UTA,Walter Clayton,8:37,0,1,1,1,.000,1,1
20251128,MEM,Zach Edey,31:58,5,19,2,4,.500,0,1
20251128,MEM,Jaren Jackson Jr.,30:47,24,2,2,13,.692,0,2
20251128,MEM,Cedric Coward,30:44,7,4,1,10,.300,0,2
20251128,MEM,Jaylen Wells,28:07,13,6,2,7,.286,1,1
20251128,MEM,Vince Williams Jr.,23:17,16,1,5,17,.412,1,3
20251128,MEM,Cam Spencer,24:35,10,2,4,9,.444,1,4
20251128,MEM,Santi Aldama,22:15,13,7,5,7,.571,0,0
20251128,MEM,Kentavious Caldwell-Pope,21:10,12,4,1,10,.400,1,1
20251128,MEM,Jock Landale,16:00,12,6,0,11,.364,0,1
20251128,MEM,John Konchar,11:08,0,2,2,0,,1,0
20251128,LAC,James Harden,40:09,23,7,11,18,.333,2,5
20251128,LAC,Ivica Zubac,39:09,9,12,5,11,.364,0,2
20251128,LAC,John Collins,32:48,10,7,0,12,.333,0,1
20251128,LAC,Kris Dunn,30:24,11,7,1,9,.444,5,2
20251128,LAC,Kawhi Leonard,28:31,39,3,0,24,.625,1,1
20251128,LAC,Nicolas Batum,23:20,2,1,0,0,,2,1
20251128,LAC,Kobe Brown,16:27,5,0,0,7,.286,2,0
20251128,LAC,Chris Paul,15:01,5,2,0,4,.500,0,1
20251128,LAC,Kobe Sanders,14:12,3,0,2,4,.250,1,0
20251128,DAL,Cooper Flagg,35:38,13,7,11,11,.455,3,1
20251128,DAL,P.J. Washington,35:15,22,9,1,19,.474,1,2
20251128,DAL,Anthony Davis,28:19,12,5,5,10,.600,0,0
20251128,DAL,Max Christie,27:27,13,1,1,10,.500,0,1
20251128,DAL,Ryan Nembhard,23:21,17,2,4,11,.636,1,2
20251128,DAL,Naji Marshall,24:59,16,7,2,8,.500,1,1
20251128,DAL,Brandon Williams,24:07,11,2,3,11,.273,1,1
20251128,DAL,Klay Thompson,19:56,10,1,1,8,.375,0,1
20251128,DAL,Daniel Gafford,17:29,5,4,0,3,.667,1,2
20251128,DAL,Jaden Hardy,1:10,0,0,0,0,,0,0
20251128,DAL,Caleb Martin,1:10,0,0,0,0,,0,0
20251128,DAL,Dwight Powell,1:10,0,1,0,0,,0,0
20251128,LAL,Austin Reaves,41:19,38,8,3,15,.800,0,1
20251128,LAL,Luka Dončić,40:18,35,5,11,18,.556,0,4
20251128,LAL,Deandre Ayton,36:20,17,8,2,9,.889,1,2
20251128,LAL,Rui Hachimura,36:20,14,4,0,13,.385,1,2
20251128,LAL,LeBron James,33:57,13,5,7,13,.385,1,2
20251128,LAL,Gabe Vincent,22:54,6,0,3,3,.667,0,0
20251128,LAL,Jake LaRavia,13:32,0,2,0,0,,0,1
20251128,LAL,Jaxson Hayes,11:40,6,2,1,4,.750,0,1
20251128,LAL,Maxi Kleber,3:40,0,0,0,1,.000,1,1
20251129,BOS,Jaylen Brown,39:21,41,6,7,32,.531,5,4
20251129,BOS,Derrick White,38:50,16,1,5,16,.375,0,1
20251129,BOS,Payton Pritchard,30:55,9,5,4,14,.286,1,0
20251129,BOS,Neemias Queta,28:47,19,18,0,8,.875,0,2
20251129,BOS,Jordan Walsh,19:50,0,2,0,2,.000,1,0
20251129,BOS,Sam Hauser,29:39,14,6,4,12,.417,1,0
20251129,BOS,Anfernee Simons,17:39,5,1,1,4,.500,0,1
20251129,BOS,Josh Minott,16:12,5,4,0,3,.667,1,1
20251129,BOS,Baylor Scheierman,13:39,3,0,2,4,.250,1,1
20251129,BOS,Luka Garza,5:07,3,0,1,1,1.000,0,0
20251129,MIN,Anthony Edwards,37:16,39,2,5,24,.500,0,0
20251129,MIN,Donte DiVincenzo,34:10,15,3,8,9,.556,1,1
20251129,MIN,Julius Randle,32:04,16,9,6,13,.462,0,4
20251129,MIN,Rudy Gobert,30:06,12,8,3,6,.833,0,0
20251129,MIN,Jaden McDaniels,25:46,8,4,3,8,.375,1,2
20251129,MIN,Naz Reid,28:08,10,8,2,9,.444,1,3
20251129,MIN,Mike Conley,17:29,6,2,2,2,1.000,0,0
20251129,MIN,Terrence Shannon Jr.,17:26,10,0,0,7,.429,0,3
20251129,MIN,Jaylen Clark,11:49,0,1,0,3,.000,0,0
20251129,MIN,Rob Dillingham,5:46,3,0,2,2,.500,0,1
20251129,TOR,Brandon Ingram,39:55,22,6,4,26,.385,0,3
20251129,TOR,Scottie Barnes,39:20,30,12,5,16,.688,2,3
20251129,TOR,Immanuel Quickley,36:42,22,3,10,20,.450,0,3
20251129,TOR,Jakob Poeltl,32:32,8,11,9,6,.667,2,3
20251129,TOR,Ja'Kobe Walter,27:14,5,7,0,3,.333,0,1
20251129,TOR,Jamal Shead,22:52,3,3,2,6,.167,0,0
20251129,TOR,Sandro Mamukelashvili,19:16,13,3,0,10,.500,0,0
20251129,TOR,Gradey Dick,17:44,5,2,1,6,.333,0,1
20251129,TOR,Ochai Agbaji,16:03,2,1,1,5,.200,0,0
20251129,TOR,Collin Murray-Boyles,13:22,1,4,2,1,.000,2,1
20251129,CHO,Miles Bridges,41:26,35,3,0,23,.565,1,0
20251129,CHO,Kon Knueppel,36:42,20,6,4,10,.500,2,2
20251129,CHO,Brandon Miller,25:19,7,2,3,13,.077,0,1
20251129,CHO,Ryan Kalkbrenner,22:16,8,6,2,4,.750,1,0
20251129,CHO,LaMelo Ball,21:42,14,2,5,16,.375,0,2
20251129,CHO,Collin Sexton,33:10,18,1,5,11,.545,3,3
20251129,CHO,Moussa Diabaté,30:21,7,9,2,5,.600,1,0
20251129,CHO,Sion James,30:15,2,6,2,5,.200,1,0
20251129,CHO,Liam McNeeley,13:17,7,3,0,4,.750,1,1
20251129,CHO,Tre Mann,10:33,0,1,1,2,.000,0,0
20251129,CHI,Ayo Dosunmu,35:25,15,4,4,13,.462,0,1
20251129,CHI,Matas Buzelis,34:01,8,11,2,9,.333,1,3
20251129,CHI,Josh Giddey,33:32,17,11,7,13,.538,0,3
20251129,CHI,Kevin Huerter,31:45,15,3,1,14,.429,1,2
20251129,CHI,Nikola Vučević,30:10,16,8,6,14,.357,1,0
20251129,CHI,Tre Jones,29:04,17,1,2,9,.778,0,2
20251129,CHI,Patrick Williams,17:02,2,2,0,7,.143,0,0
20251129,CHI,Jevon Carter,11:06,3,1,2,2,.500,1,1
20251129,CHI,Lachlan Olbrich,11:02,2,3,0,3,.333,0,1
20251129,CHI,Emanuel Miller,6:55,6,1,0,3,.667,1,0
20251129,IND,Bennedict Mathurin,37:52,19,6,3,19,.421,2,5
20251129,IND,Pascal Siakam,36:18,24,9,4,23,.478,2,1
20251129,IND,Andrew Nembhard,31:34,14,1,6,10,.500,0,3
20251129,IND,Jay Huff,25:16,14,8,2,9,.556,0,0
20251129,IND,Ben Sheppard,22:24,6,2,0,4,.500,0,1
20251129,IND,T.J. McConnell,24:49,8,3,6,10,.400,3,0
20251129,IND,Isaiah Jackson,22:44,14,11,1,5,1.000,1,1
20251129,IND,Jarace Walker,20:20,4,2,1,4,.250,0,1
20251129,IND,Jeremiah Robinson-Earl,10:33,0,2,0,2,.000,0,0
20251129,IND,Garrison Mathews,8:10,0,0,1,3,.000,0,0
20251129,DET,Cade Cunningham,38:23,29,4,8,25,.560,2,8
20251129,DET,Duncan Robinson,31:52,18,5,5,14,.500,1,1
20251129,DET,Tobias Harris,30:36,26,4,2,12,.833,0,3
20251129,DET,Ausar Thompson,30:29,10,8,3,9,.556,1,3
20251129,DET,Isaiah Stewart,28:51,9,8,1,7,.571,0,1
20251129,DET,Ron Holland,23:10,10,0,3,6,.667,3,1
20251129,DET,Paul Reed,19:09,13,10,2,9,.556,1,2
20251129,DET,Daniss Jenkins,14:36,9,1,4,4,.500,2,1
20251129,DET,Jaden Ivey,14:26,9,2,1,5,.400,0,1
20251129,DET,Javonte Green,8:28,5,1,0,2,1.000,1,0
20251129,MIA,Andrew Wiggins,36:52,31,6,4,15,.667,3,1
20251129,MIA,Bam Adebayo,33:12,15,10,1,9,.556,2,3
20251129,MIA,Norman Powell,33:02,28,2,3,16,.563,1,3
20251129,MIA,Tyler Herro,32:17,24,4,2,17,.353,0,2
20251129,MIA,Davion Mitchell,32:06,7,1,10,8,.250,3,0
20251129,MIA,Pelle Larsson,24:42,7,1,2,6,.333,1,0
20251129,MIA,Kel'el Ware,21:43,12,7,0,9,.667,1,2
20251129,MIA,Dru Smith,15:54,9,5,4,5,.600,1,1
20251129,MIA,Nikola Jović,10:12,2,2,1,3,.333,0,5
20251129,BRK,Nic Claxton,24:47,7,4,3,4,.750,0,1
20251129,BRK,Tyrese Martin,23:49,9,6,1,10,.400,0,1
20251129,BRK,Noah Clowney,21:22,6,1,1,3,.667,0,3
20251129,BRK,Terance Mann,21:05,4,1,1,8,.250,2,2
20251129,BRK,Ziaire Williams,19:26,10,2,1,10,.400,1,3
20251129,BRK,Danny Wolf,30:17,22,4,4,16,.500,0,2
20251129,BRK,Ben Saraf,29:19,10,0,7,8,.500,0,3
20251129,BRK,Day'Ron Sharpe,23:13,7,7,2,6,.333,0,1
20251129,BRK,Drake Powell,20:44,3,2,1,1,.000,0,1
20251129,BRK,Jalen Wilson,16:08,13,3,2,8,.500,1,0
20251129,BRK,Tyson Etienne,4:55,6,0,0,2,1.000,0,1
20251129,BRK,E.J. Liddell,4:55,2,1,0,1,1.000,0,0
20251129,MIL,Ryan Rollins,31:00,10,2,4,10,.400,4,2
20251129,MIL,Kevin Porter Jr.,24:32,13,4,6,10,.400,1,1
20251129,MIL,A.J. Green,23:08,15,3,5,7,.714,0,1
20251129,MIL,Myles Turner,22:09,10,3,2,7,.571,0,0
20251129,MIL,Giannis Antetokounmpo,18:59,29,8,2,15,.800,2,2
20251129,MIL,Gary Trent Jr.,25:16,5,2,1,9,.222,0,1
20251129,MIL,Jericho Sims,23:19,2,8,2,1,1.000,0,2
20251129,MIL,Kyle Kuzma,22:27,11,1,3,5,.600,3,1
20251129,MIL,Bobby Portis,20:56,13,6,0,10,.500,0,2
20251129,MIL,Gary Harris,11:34,0,5,4,4,.000,2,0
20251129,MIL,Cole Anthony,4:55,2,0,1,2,.500,1,0
20251129,MIL,Andre Jackson Jr.,4:55,2,1,1,1,1.000,0,0
20251129,MIL,Amir Coffey,3:52,2,0,0,2,.500,0,0
20251129,MIL,Thanasis Antetokounmpo,2:58,2,0,0,1,1.000,0,0
20251129,NOP,Saddiq Bey,37:37,21,7,3,17,.412,1,1
20251129,NOP,Jeremiah Fears,36:17,16,6,2,17,.294,2,2
20251129,NOP,Zion Williamson,30:44,25,7,4,16,.500,0,3
20251129,NOP,Bryce McGowens,26:22,5,4,1,6,.333,2,1
20251129,NOP,Derik Queen,15:53,2,3,0,3,.333,0,2
20251129,NOP,Micah Peavy,31:44,7,5,1,8,.250,1,0
20251129,NOP,Jose Alvarado,30:38,7,3,4,10,.100,0,2
20251129,NOP,Yves Missi,20:18,9,10,0,6,.667,0,2
20251129,NOP,Kevon Looney,10:27,4,5,1,3,.667,1,0
20251129,GSW,Jimmy Butler,37:14,24,8,10,15,.467,0,2
20251129,GSW,Brandin Podziemski,32:49,15,5,6,13,.385,1,0
20251129,GSW,Draymond Green,31:21,2,9,4,9,.000,1,1
20251129,GSW,Moses Moody,27:06,11,3,0,12,.333,2,1
20251129,GSW,Quinten Post,16:41,8,2,2,6,.500,0,1
20251129,GSW,Gary Payton II,25:03,19,11,3,14,.643,0,1
20251129,GSW,Will Richard,19:32,3,2,0,4,.250,0,0
20251129,GSW,Jonathan Kuminga,18:48,10,1,2,8,.500,0,2
20251129,GSW,Buddy Hield,16:37,8,4,0,9,.333,1,1
20251129,GSW,Pat Spencer,14:49,4,2,1,3,.667,0,0
20251129,DEN,Jamal Murray,36:32,24,3,4,18,.444,1,5
20251129,DEN,Cameron Johnson,34:59,15,4,4,9,.556,0,3
20251129,DEN,Nikola Jokić,31:24,26,9,10,7,1.000,0,5
20251129,DEN,Peyton Watson,27:36,11,5,3,4,.750,0,0
20251129,DEN,Spencer Jones,27:15,16,9,1,10,.600,0,1
20251129,DEN,Tim Hardaway Jr.,27:26,23,3,0,14,.571,0,0
20251129,DEN,Bruce Brown,27:01,4,2,10,6,.333,1,1
20251129,DEN,Jonas Valančiūnas,15:14,9,3,3,6,.667,0,1
20251129,DEN,Zeke Nnaji,8:06,2,0,0,1,1.000,0,0
20251129,DEN,Curtis Jones,1:29,0,1,0,1,.000,0,0
20251129,DEN,Jalen Pickett,1:29,0,0,0,0,,0,0
20251129,DEN,Hunter Tyson,1:29,0,1,1,0,,0,0
20251129,PHO,Devin Booker,35:18,24,4,7,11,.455,1,1
20251129,PHO,Oso Ighodaro,31:48,8,8,3,4,1.000,2,1
20251129,PHO,Royce O'Neale,29:09,15,6,1,13,.462,2,0
20251129,PHO,Dillon Brooks,27:56,27,3,2,18,.556,1,2
20251129,PHO,Grayson Allen,25:48,10,1,3,11,.364,2,0
20251129,PHO,Collin Gillespie,28:39,12,0,2,11,.364,1,1
20251129,PHO,Jordan Goodwin,15:04,8,2,1,7,.429,1,0
20251129,PHO,Jamaree Bouyea,14:36,3,2,3,4,.250,1,0
20251129,PHO,Nigel Hayes-Davis,13:13,0,2,0,3,.000,0,1
20251129,PHO,Nick Richards,7:14,0,3,0,2,.000,0,1
20251129,PHO,Rasheer Fleming,3:45,5,0,0,2,1.000,0,0
20251129,PHO,Koby Brea,3:45,0,1,1,1,.000,0,0
20251129,PHO,Khaman Maluach,3:45,0,0,0,1,.000,0,0
