Game_Date,Team,Player,MP,PTS,TRB,AST,FGA,FG%,STL,TOV
20251201,ATL,Jalen Johnson,37:41,29,13,7,17,.529,0,4
20251201,ATL,Dyson Daniels,37:26,10,5,5,14,.357,4,1
20251201,ATL,Onyeka Okongwu,35:56,20,6,4,18,.500,1,3
20251201,ATL,Nickeil Alexander-Walker,35:17,26,3,1,19,.526,2,2
20251201,ATL,Zaccharie Risacher,21:47,4,1,1,7,.286,3,2
20251201,ATL,Mouhamed Gueye,22:33,1,1,0,3,.000,3,0
20251201,ATL,Vít Krejčí,16:51,3,2,1,4,.250,1,1
20251201,ATL,Luke Kennard,16:38,5,1,3,6,.333,1,0
20251201,ATL,Keaton Wallace,15:51,0,2,5,1,.000,0,0
20251201,DET,Cade Cunningham,38:08,18,8,8,15,.467,6,6
20251201,DET,Jalen Duren,32:19,21,11,0,12,.750,0,3
20251201,DET,Ausar Thompson,29:37,8,7,1,4,.750,1,1
20251201,DET,Daniss Jenkins,26:39,6,8,6,16,.188,0,3
20251201,DET,Tobias Harris,26:10,9,7,1,14,.143,0,3
20251201,DET,Isaiah Stewart,25:04,6,10,0,4,.750,0,2
20251201,DET,Caris LeVert,24:49,14,2,1,9,.556,2,2
20251201,DET,Ron Holland,17:26,17,6,0,8,.750,2,1
20251201,DET,Jaden Ivey,14:15,0,0,1,4,.000,0,0
20251201,DET,Javonte Green,5:34,0,1,0,0,,0,1
20251201,CLE,Donovan Mitchell,34:29,43,9,6,27,.593,0,3
20251201,CLE,Jaylon Tyson,30:47,27,11,4,13,.769,1,2
20251201,CLE,Evan Mobley,28:12,13,5,5,13,.462,0,0
20251201,CLE,De'Andre Hunter,27:57,13,3,4,10,.400,0,1
20251201,CLE,Dean Wade,25:40,9,2,3,6,.500,1,1
20251201,CLE,Nae'Qwan Tomlin,27:15,6,6,1,6,.333,2,1
20251201,CLE,Craig Porter Jr.,22:26,4,5,3,5,.400,1,0
20251201,CLE,Tyrese Proctor,21:31,12,2,0,9,.333,1,0
20251201,CLE,Thomas Bryant,12:04,6,2,0,6,.500,1,0
20251201,CLE,Luke Travers,8:43,2,3,1,3,.333,0,0
20251201,CLE,Chris Livingston,0:57,0,0,0,0,,0,0
20251201,IND,Andrew Nembhard,32:30,21,4,6,11,.636,0,2
20251201,IND,Pascal Siakam,31:15,26,7,2,21,.524,0,0
20251201,IND,Jarace Walker,29:18,7,5,3,8,.250,2,2
20251201,IND,Jay Huff,25:45,15,3,1,10,.600,0,1
20251201,IND,Bennedict Mathurin,21:48,11,4,1,9,.333,0,3
20251201,IND,Garrison Mathews,25:18,15,1,1,3,1.000,1,0
20251201,IND,Ben Sheppard,17:33,0,2,3,3,.000,0,2
20251201,IND,Jeremiah Robinson-Earl,16:45,5,5,0,5,.200,0,1
20251201,IND,Isaiah Jackson,15:31,6,3,0,3,.667,1,2
20251201,IND,Ethan Thompson,6:57,2,0,1,2,.500,0,0
20251201,IND,Tony Bradley,6:44,6,1,0,6,.500,0,1
20251201,IND,T.J. McConnell,5:56,4,1,1,3,.667,1,0
20251201,IND,Taelon Peter,4:40,1,0,0,1,.000,0,0
20251201,MIL,Giannis Antetokounmpo,31:36,26,7,4,17,.588,1,5
20251201,MIL,Kevin Porter Jr.,31:01,30,4,5,15,.800,3,1
20251201,MIL,A.J. Green,30:56,13,5,5,6,.667,0,2
20251201,MIL,Ryan Rollins,29:35,14,2,5,12,.417,0,3
20251201,MIL,Myles Turner,26:07,9,3,3,10,.300,1,2
20251201,MIL,Gary Trent Jr.,30:30,14,1,0,7,.571,0,1
20251201,MIL,Kyle Kuzma,19:52,3,2,6,4,.250,0,2
20251201,MIL,Jericho Sims,18:07,5,7,0,3,.667,0,0
20251201,MIL,Bobby Portis,17:22,12,4,1,10,.500,0,0
20251201,MIL,Cole Anthony,4:54,0,0,0,0,,0,0
20251201,WAS,CJ McCollum,35:34,28,4,5,21,.524,1,0
20251201,WAS,Bilal Coulibaly,32:39,7,5,2,9,.333,3,3
20251201,WAS,Khris Middleton,31:25,15,4,6,10,.600,1,2
20251201,WAS,Kyshawn George,30:52,9,3,5,11,.273,1,3
20251201,WAS,Marvin Bagley III,29:15,22,8,1,16,.688,0,0
20251201,WAS,Bub Carrington,21:52,5,2,5,6,.333,0,2
20251201,WAS,Tristan Vukcevic,19:43,16,2,2,7,.571,1,0
20251201,WAS,Cam Whitmore,19:24,17,5,1,14,.571,1,0
20251201,WAS,Justin Champagnie,19:16,10,8,2,8,.625,1,0
20251201,CHO,Kon Knueppel,35:06,18,6,4,18,.389,0,3
20251201,CHO,Miles Bridges,30:23,8,2,1,15,.267,0,2
20251201,CHO,LaMelo Ball,29:30,12,5,14,9,.333,0,3
20251201,CHO,Sion James,28:27,5,3,1,6,.333,0,4
20251201,CHO,Ryan Kalkbrenner,25:36,7,6,1,3,1.000,1,0
20251201,CHO,Moussa Diabaté,22:24,10,6,1,9,.556,2,0
20251201,CHO,Collin Sexton,18:50,15,6,2,10,.500,1,3
20251201,CHO,Tidjane Salaün,17:37,10,4,0,6,.500,1,1
20251201,CHO,Liam McNeeley,17:05,8,2,1,4,.500,0,0
20251201,CHO,Antonio Reeves,15:03,10,2,1,5,.800,0,0
20251201,BRK,Michael Porter Jr.,36:03,35,7,4,24,.542,2,2
20251201,BRK,Nic Claxton,33:29,13,11,6,11,.455,1,1
20251201,BRK,Noah Clowney,30:08,18,2,4,9,.667,1,0
20251201,BRK,Egor Dёmin,26:41,9,1,4,12,.333,1,0
20251201,BRK,Tyrese Martin,18:30,5,2,3,6,.333,1,1
20251201,BRK,Drake Powell,23:56,10,1,4,8,.500,3,1
20251201,BRK,Danny Wolf,19:18,10,7,1,9,.444,0,0
20251201,BRK,Ziaire Williams,18:58,3,6,2,4,.250,0,2
20251201,BRK,Ben Saraf,18:25,7,3,2,9,.222,1,2
20251201,BRK,Day'Ron Sharpe,14:31,6,3,3,4,.500,0,2
20251201,LAC,Ivica Zubac,30:33,16,13,2,13,.538,0,1
20251201,LAC,Kawhi Leonard,30:24,36,7,2,21,.571,3,1
20251201,LAC,Kris Dunn,25:47,12,4,5,7,.571,1,0
20251201,LAC,John Collins,25:12,10,6,2,12,.333,1,0
20251201,LAC,James Harden,19:51,11,2,3,6,.333,0,5
20251201,LAC,Kobe Sanders,25:58,10,4,2,11,.364,0,1
20251201,LAC,Nicolas Batum,20:14,6,1,0,2,1.000,0,0
20251201,LAC,Cam Christie,14:46,0,3,0,6,.000,1,1
20251201,LAC,Chris Paul,14:45,8,0,3,7,.429,0,1
20251201,LAC,Kobe Brown,14:34,2,4,4,4,.250,1,0
20251201,LAC,Yanic Konan Niederhäuser,12:25,6,1,0,4,.750,0,1
20251201,LAC,Jordan Miller,5:31,6,1,0,3,.333,1,0
20251201,MIA,Andrew Wiggins,32:01,22,9,3,14,.643,0,3
20251201,MIA,Norman Powell,31:54,30,3,3,18,.667,1,2
20251201,MIA,Bam Adebayo,31:38,27,14,3,17,.588,2,1
20251201,MIA,Davion Mitchell,31:02,16,3,12,6,1.000,2,2
20251201,MIA,Tyler Herro,29:20,22,3,2,15,.533,0,0
20251201,MIA,Jaime Jaquez Jr.,20:36,4,4,5,10,.200,0,2
20251201,MIA,Simone Fontecchio,20:32,7,4,2,7,.286,0,0
20251201,MIA,Kel'el Ware,16:23,0,9,0,3,.000,0,0
20251201,MIA,Dru Smith,16:05,7,0,2,6,.500,1,1
20251201,MIA,Pelle Larsson,7:49,5,1,2,1,1.000,0,0
20251201,MIA,Myron Gardner,0:54,0,0,0,0,,0,0
20251201,MIA,Kasparas Jakučionis,0:54,0,0,0,2,.000,1,0
20251201,MIA,Nikola Jović,0:54,0,0,0,1,.000,0,0
20251201,CHI,Ayo Dosunmu,36:44,18,3,7,13,.462,1,4
20251201,CHI,Josh Giddey,35:39,22,9,6,14,.571,3,8
20251201,CHI,Matas Buzelis,35:38,21,6,4,16,.438,2,0
20251201,CHI,Nikola Vučević,34:29,20,11,5,13,.692,2,2
20251201,CHI,Kevin Huerter,5:41,0,0,0,3,.000,0,0
20251201,CHI,Tre Jones,29:43,20,1,3,10,.700,0,1
20251201,CHI,Julian Phillips,20:30,10,3,0,7,.571,0,0
20251201,CHI,Patrick Williams,18:20,6,6,1,7,.286,0,2
20251201,CHI,Lachlan Olbrich,12:01,0,4,2,1,.000,0,1
20251201,CHI,Emanuel Miller,6:37,3,0,2,2,.500,1,0
20251201,CHI,Jevon Carter,4:38,0,0,0,2,.000,0,2
20251201,ORL,Desmond Bane,34:28,37,6,5,17,.706,1,2
20251201,ORL,Franz Wagner,32:20,25,6,2,18,.611,2,5
20251201,ORL,Wendell Carter Jr.,30:18,17,6,1,8,.750,1,0
20251201,ORL,Jalen Suggs,29:58,10,4,4,13,.231,5,4
20251201,ORL,Tristan Da Silva,20:50,0,2,1,4,.000,1,1
20251201,ORL,Anthony Black,33:50,22,9,3,15,.533,0,1
20251201,ORL,Tyus Jones,18:41,0,0,6,2,.000,1,1
20251201,ORL,Goga Bitadze,17:42,8,5,3,5,.600,1,1
20251201,ORL,Noah Penda,11:06,5,5,0,4,.500,0,1
20251201,ORL,Jonathan Isaac,7:20,1,2,0,1,.000,0,0
20251201,ORL,Jett Howard,3:27,0,1,0,1,.000,0,1
20251201,DAL,Ryan Nembhard,34:51,28,3,10,14,.857,0,0
20251201,DAL,Cooper Flagg,33:26,24,8,2,19,.526,2,2
20251201,DAL,Naji Marshall,32:37,9,7,6,7,.571,0,3
20251201,DAL,Anthony Davis,32:25,32,13,4,23,.565,1,0
20251201,DAL,Max Christie,29:17,9,2,1,5,.600,0,1
20251201,DAL,Klay Thompson,23:28,15,5,1,10,.500,0,1
20251201,DAL,D'Angelo Russell,18:05,8,0,2,8,.375,0,1
20251201,DAL,Dwight Powell,15:35,4,2,4,2,1.000,0,0
20251201,DAL,Brandon Williams,13:09,2,1,4,5,.200,0,0
20251201,DAL,Caleb Martin,7:07,0,2,1,2,.000,1,0
20251201,DEN,Spencer Jones,38:53,28,5,0,15,.733,0,1
20251201,DEN,Nikola Jokić,37:00,29,20,13,24,.417,1,2
20251201,DEN,Cameron Johnson,36:19,10,1,2,10,.300,2,1
20251201,DEN,Peyton Watson,34:31,15,5,3,14,.500,0,0
20251201,DEN,Jamal Murray,26:29,10,4,9,8,.375,1,3
20251201,DEN,Tim Hardaway Jr.,30:30,13,1,6,12,.500,1,0
20251201,DEN,Bruce Brown,19:42,7,4,2,9,.333,0,0
20251201,DEN,Jonas Valančiūnas,11:00,8,7,2,7,.571,0,0
20251201,DEN,Zeke Nnaji,5:36,1,0,0,0,,0,0
20251201,HOU,Kevin Durant,40:20,32,9,5,25,.400,0,5
20251201,HOU,Alperen Şengün,38:09,31,8,14,19,.632,2,3
20251201,HOU,Jabari Smith Jr.,37:24,12,7,1,9,.333,1,3
20251201,HOU,Amen Thompson,37:13,23,8,3,16,.500,0,2
20251201,HOU,Reed Sheppard,23:24,9,2,2,8,.375,1,0
20251201,HOU,Aaron Holiday,32:35,10,2,2,10,.300,0,0
20251201,HOU,Jae'Sean Tate,12:55,6,6,0,3,.667,2,0
20251201,HOU,Clint Capela,9:02,2,3,0,2,.000,0,0
20251201,HOU,Josh Okogie,8:58,0,1,0,1,.000,0,0
20251201,UTA,Lauri Markkanen,37:18,29,8,0,17,.529,1,0
20251201,UTA,Keyonte George,37:04,28,4,8,14,.571,1,6
20251201,UTA,Ace Bailey,28:22,13,3,3,11,.455,2,1
20251201,UTA,Svi Mykhailiuk,26:09,10,6,5,6,.500,0,0
20251201,UTA,Jusuf Nurkić,24:13,18,9,2,15,.533,0,1
20251201,UTA,Kyle Filipowski,29:06,12,7,3,8,.500,0,3
20251201,UTA,Walter Clayton,20:47,8,5,6,8,.375,1,1
20251201,UTA,Kevin Love,15:27,11,5,1,7,.571,1,0
20251201,UTA,Isaiah Collier,11:41,3,0,4,2,.500,1,1
20251201,UTA,Brice Sensabaugh,9:53,1,3,1,2,.000,1,0
20251201,PHO,Collin Gillespie,33:50,28,4,5,19,.526,2,2
20251201,PHO,Royce O'Neale,33:01,6,7,11,7,.286,1,1
20251201,PHO,Dillon Brooks,32:56,33,2,2,26,.577,1,4
20251201,PHO,Mark Williams,24:52,13,6,1,8,.750,2,0
20251201,PHO,Devin Booker,9:55,11,2,3,7,.571,0,1
20251201,PHO,Jordan Goodwin,24:26,13,1,5,10,.500,3,1
20251201,PHO,Jamaree Bouyea,22:32,7,1,5,3,1.000,3,1
20251201,PHO,Oso Ighodaro,20:39,4,2,1,4,.500,1,1
20251201,PHO,Ryan Dunn,20:35,6,8,1,5,.600,2,0
20251201,PHO,Nigel Hayes-Davis,12:17,4,0,1,3,.667,1,0
20251201,PHO,Rasheer Fleming,2:29,0,0,0,0,,0,0
20251201,PHO,Khaman Maluach,2:29,0,0,0,0,,0,0
20251201,LAL,Austin Reaves,33:22,16,4,3,12,.500,0,5
20251201,LAL,Luka Dončić,31:33,38,11,5,26,.577,0,9
20251201,LAL,LeBron James,31:14,10,0,3,10,.300,0,3
20251201,LAL,Deandre Ayton,27:52,12,9,1,8,.750,1,0
20251201,LAL,Rui Hachimura,22:59,0,1,0,1,.000,0,0
20251201,LAL,Gabe Vincent,20:44,3,2,0,6,.167,0,1
20251201,LAL,Jake LaRavia,15:57,2,2,1,3,.333,0,1
20251201,LAL,Dalton Knecht,15:37,13,4,1,7,.714,0,0
20251201,LAL,Jaxson Hayes,14:24,6,2,0,1,1.000,0,0
20251201,LAL,Maxi Kleber,10:13,5,3,2,4,.500,0,0
20251201,LAL,Nick Smith Jr.,5:44,3,0,1,2,.500,0,0
20251201,LAL,Bronny James,5:44,0,0,1,0,,0,1
20251201,LAL,Adou Thiero,4:37,0,1,0,0,,0,1
20251202,WAS,Kyshawn George,33:25,11,8,5,11,.273,0,1
20251202,WAS,Marvin Bagley III,26:18,13,8,1,6,.500,0,1
20251202,WAS,Bilal Coulibaly,24:49,2,5,2,5,.200,1,1
20251202,WAS,Justin Champagnie,23:55,13,7,1,9,.333,1,3
20251202,WAS,CJ McCollum,23:54,10,3,4,14,.357,0,1
20251202,WAS,Will Riley,26:12,13,4,1,6,.833,1,1
20251202,WAS,Bub Carrington,24:42,10,3,3,12,.250,0,4
20251202,WAS,Tristan Vukcevic,21:42,16,4,4,9,.667,1,3
20251202,WAS,Cam Whitmore,16:13,4,5,0,11,.182,0,0
20251202,WAS,Malaki Branham,10:59,8,5,2,4,.750,1,0
20251202,WAS,Anthony Gill,7:51,2,1,0,1,1.000,0,0
20251202,PHI,Tyrese Maxey,28:49,35,4,6,26,.500,4,0
20251202,PHI,VJ Edgecombe,23:43,9,6,6,10,.400,2,0
20251202,PHI,Dominick Barlow,19:58,12,1,0,6,.667,2,0
20251202,PHI,Paul George,17:43,11,5,0,10,.400,1,2
20251202,PHI,Andre Drummond,17:11,12,10,3,8,.625,1,2
20251202,PHI,Justin Edwards,32:57,9,1,3,9,.333,1,1
20251202,PHI,Jared McCain,25:11,14,3,5,11,.545,1,3
20251202,PHI,Jabari Walker,24:16,10,12,1,9,.444,0,1
20251202,PHI,Adem Bona,21:41,4,5,0,1,1.000,0,0
20251202,PHI,Eric Gordon,12:48,3,0,0,4,.250,0,0
20251202,PHI,Hunter Sallis,7:51,2,0,1,2,.500,0,1
20251202,PHI,Johni Broome,7:51,0,4,1,6,.000,0,0
20251202,POR,Deni Avdija,37:21,25,8,14,15,.400,0,4
20251202,POR,Toumani Camara,35:45,21,6,2,12,.583,1,3
20251202,POR,Jerami Grant,32:31,19,4,2,11,.636,2,2
20251202,POR,Sidy Cissoko,21:44,3,2,0,5,.200,0,1
20251202,POR,Donovan Clingan,21:26,11,11,1,8,.500,0,1
20251202,POR,Shaedon Sharpe,30:21,23,3,3,18,.500,2,2
20251202,POR,Kris Murray,26:06,5,0,0,4,.500,2,2
20251202,POR,Robert Williams,16:38,6,5,0,3,1.000,0,0
20251202,POR,Caleb Love,12:22,5,0,1,6,.333,0,0
20251202,POR,Rayan Rupert,5:47,0,0,0,1,.000,0,0
20251202,TOR,Scottie Barnes,38:31,28,7,7,18,.556,1,6
20251202,TOR,Immanuel Quickley,34:57,23,5,8,11,.818,0,2
20251202,TOR,Brandon Ingram,34:43,21,6,3,17,.412,0,4
20251202,TOR,Jakob Poeltl,26:23,11,7,4,7,.714,0,2
20251202,TOR,Ja'Kobe Walter,17:49,3,2,1,5,.200,1,1
20251202,TOR,Jamal Shead,23:11,3,0,5,8,.125,5,1
20251202,TOR,Sandro Mamukelashvili,18:42,6,7,2,4,.750,0,1
20251202,TOR,Gradey Dick,17:29,14,3,0,8,.750,1,1
20251202,TOR,Collin Murray-Boyles,16:26,10,4,1,7,.714,1,0
20251202,TOR,Ochai Agbaji,11:50,2,2,2,5,.200,1,0
20251202,NYK,Jalen Brunson,39:13,15,2,11,21,.286,1,3
20251202,NYK,Josh Hart,36:15,19,7,4,11,.636,1,2
20251202,NYK,Miles McBride,36:10,9,3,6,6,.500,0,1
20251202,NYK,Mikal Bridges,33:36,35,6,3,17,.706,2,0
20251202,NYK,Karl-Anthony Towns,33:14,29,7,2,19,.632,0,4
20251202,NYK,Jordan Clarkson,22:46,4,0,0,5,.200,0,0
20251202,NYK,Mitchell Robinson,15:57,1,5,0,0,,0,0
20251202,NYK,Tyler Kolek,14:46,4,1,3,4,.500,0,0
20251202,NYK,Guerschon Yabusele,7:57,1,2,0,2,.000,1,0
20251202,NYK,Mohamed Diawara,0:07,0,0,0,0,,0,0
20251202,BOS,Jaylen Brown,39:56,42,4,4,24,.667,1,4
20251202,BOS,Derrick White,35:07,22,2,5,16,.500,1,4
20251202,BOS,Payton Pritchard,30:16,10,4,3,13,.308,1,1
20251202,BOS,Neemias Queta,21:03,8,6,0,4,1.000,0,0
20251202,BOS,Jordan Walsh,18:55,8,6,1,4,1.000,1,0
20251202,BOS,Josh Minott,26:44,11,6,0,6,.667,0,1
20251202,BOS,Anfernee Simons,23:50,12,1,3,9,.556,0,0
20251202,BOS,Hugo González,22:30,4,5,0,6,.333,1,0
20251202,BOS,Sam Hauser,18:45,6,4,1,4,.500,1,0
20251202,BOS,Baylor Scheierman,2:49,0,0,1,1,.000,0,0
20251202,BOS,Amari Williams,0:06,0,0,0,0,,0,0
20251202,MIN,Anthony Edwards,47:27,44,5,4,30,.533,0,3
20251202,MIN,Rudy Gobert,38:03,26,13,2,10,.900,1,0
20251202,MIN,Donte DiVincenzo,37:50,15,4,5,16,.313,2,1
20251202,MIN,Jaden McDaniels,33:08,17,4,2,10,.700,1,0
20251202,MIN,Julius Randle,32:43,16,5,6,14,.429,0,2
20251202,MIN,Naz Reid,32:05,18,5,6,12,.500,2,2
20251202,MIN,Jaylen Clark,15:14,6,2,0,4,.500,0,0
20251202,MIN,Mike Conley,13:17,5,1,1,5,.200,1,0
20251202,MIN,Terrence Shannon Jr.,7:52,2,0,1,1,.000,0,1
20251202,MIN,Rob Dillingham,7:20,0,2,2,2,.000,0,0
20251202,NOP,Trey Murphy III,40:55,33,15,4,21,.524,0,1
20251202,NOP,Derik Queen,38:41,21,8,6,15,.533,1,2
20251202,NOP,Saddiq Bey,35:09,22,6,3,12,.583,0,2
20251202,NOP,Jeremiah Fears,33:31,21,3,5,13,.538,1,3
20251202,NOP,Bryce McGowens,25:47,6,1,1,5,.400,0,0
20251202,NOP,Jose Alvarado,25:16,14,3,3,8,.625,1,2
20251202,NOP,Jordan Hawkins,22:10,10,0,0,7,.429,0,1
20251202,NOP,Micah Peavy,20:06,8,1,2,6,.667,1,0
20251202,NOP,Trey Alexander,11:43,7,2,1,3,1.000,1,0
20251202,NOP,Kevon Looney,11:42,0,3,1,1,.000,0,1
20251202,MEM,Zach Edey,29:40,19,15,1,12,.667,1,2
20251202,MEM,Cedric Coward,28:50,9,3,0,13,.308,0,3
20251202,MEM,Jaylen Wells,28:19,20,1,2,9,.667,0,0
20251202,MEM,Vince Williams Jr.,26:41,12,7,7,12,.417,1,1
20251202,MEM,Jaren Jackson Jr.,26:33,7,6,2,9,.333,2,5
20251202,MEM,Santi Aldama,24:22,4,3,5,5,.200,0,0
20251202,MEM,Cam Spencer,21:53,21,1,6,8,.750,0,0
20251202,MEM,John Konchar,17:55,13,2,3,5,1.000,0,0
20251202,MEM,Jock Landale,15:16,10,6,0,8,.625,0,0
20251202,MEM,Kentavious Caldwell-Pope,13:04,2,3,2,5,.200,0,4
20251202,MEM,Olivier-Maxence Prosper,7:29,2,3,0,4,.250,0,0
20251202,SAS,Harrison Barnes,35:46,31,5,5,20,.500,1,1
20251202,SAS,Julian Champagnie,35:01,7,6,2,10,.300,0,1
20251202,SAS,De'Aaron Fox,31:04,29,4,4,19,.421,3,3
20251202,SAS,Luke Kornet,27:57,4,6,4,4,.250,1,0
20251202,SAS,Devin Vassell,27:51,12,5,2,11,.364,0,0
20251202,SAS,Keldon Johnson,27:51,11,6,4,8,.500,0,1
20251202,SAS,Dylan Harper,20:35,15,1,6,10,.500,0,0
20251202,SAS,Jeremy Sochan,18:22,11,6,1,6,.833,2,0
20251202,SAS,Carter Bryant,11:13,6,0,0,3,.667,0,0
20251202,SAS,Kelly Olynyk,2:41,0,1,0,1,.000,0,0
20251202,SAS,David Jones García,1:39,0,0,0,0,,0,0
20251202,OKC,Shai Gilgeous-Alexander,35:33,38,3,4,21,.619,1,0
20251202,OKC,Jalen Williams,32:49,22,3,6,16,.563,1,3
20251202,OKC,Ajay Mitchell,32:07,10,4,3,6,.667,1,0
20251202,OKC,Chet Holmgren,29:52,21,8,3,12,.667,0,3
20251202,OKC,Cason Wallace,28:00,4,6,1,7,.286,2,1
20251202,OKC,Jaylin Williams,21:57,1,9,2,1,.000,1,2
20251202,OKC,Aaron Wiggins,21:52,11,3,0,8,.500,2,3
20251202,OKC,Isaiah Joe,17:57,9,3,3,4,.750,0,2
20251202,OKC,Kenrich Williams,17:21,5,2,2,3,.667,0,1
20251202,OKC,Branden Carlson,2:34,3,0,0,1,1.000,0,0
20251202,GSW,Draymond Green,28:51,13,9,4,11,.455,0,3
20251202,GSW,Brandin Podziemski,27:44,17,4,4,11,.545,1,4
20251202,GSW,Will Richard,25:24,5,4,2,5,.400,0,0
20251202,GSW,Jimmy Butler,15:11,6,3,1,7,.286,0,0
20251202,GSW,Moses Moody,14:36,3,2,1,5,.200,0,2
20251202,GSW,Buddy Hield,28:29,13,1,4,15,.267,2,0
20251202,GSW,Gary Payton II,26:32,13,5,5,9,.556,0,3
20251202,GSW,Pat Spencer,21:12,17,3,6,14,.571,1,0
20251202,GSW,Quinten Post,18:17,3,3,0,1,1.000,0,1
20251202,GSW,Seth Curry,17:54,14,2,2,7,.857,1,0
20251202,GSW,Jonathan Kuminga,15:49,8,7,1,10,.300,0,2
20251203,POR,Deni Avdija,35:55,27,8,7,10,.500,1,4
20251203,POR,Toumani Camara,35:06,17,6,4,7,.714,0,2
20251203,POR,Jerami Grant,33:30,16,5,6,15,.333,0,1
20251203,POR,Sidy Cissoko,25:29,11,4,1,6,.667,0,0
20251203,POR,Donovan Clingan,25:05,5,13,2,8,.250,0,2
20251203,POR,Shaedon Sharpe,32:10,20,9,5,18,.389,2,2
20251203,POR,Caleb Love,27:25,20,5,1,15,.467,1,0
20251203,POR,Duop Reath,11:26,4,2,0,5,.400,0,0
20251203,POR,Rayan Rupert,8:40,0,1,0,1,.000,0,0
20251203,POR,Yang Hansen,5:14,2,1,1,0,,0,0
20251203,CLE,Evan Mobley,34:47,23,10,5,14,.571,2,2
20251203,CLE,Donovan Mitchell,34:25,33,5,5,26,.462,1,4
20251203,CLE,Jaylon Tyson,32:59,14,7,2,9,.667,0,0
20251203,CLE,De'Andre Hunter,30:06,10,3,1,9,.333,1,0
20251203,CLE,Darius Garland,29:14,6,2,4,13,.154,0,0
20251203,CLE,Lonzo Ball,23:57,3,7,2,9,.111,2,0
20251203,CLE,Nae'Qwan Tomlin,15:33,7,4,1,4,.500,2,0
20251203,CLE,Dean Wade,15:30,0,1,1,3,.000,1,0
20251203,CLE,Thomas Bryant,13:13,14,6,0,6,.667,0,0
20251203,CLE,Craig Porter Jr.,10:15,0,0,2,1,.000,0,1
20251203,DEN,Peyton Watson,36:25,11,7,0,8,.375,1,0
20251203,DEN,Jamal Murray,36:07,52,6,4,25,.760,1,1
20251203,DEN,Nikola Jokić,35:17,24,8,13,17,.529,0,4
20251203,DEN,Cameron Johnson,33:42,9,4,4,7,.429,1,1
20251203,DEN,Spencer Jones,17:22,1,3,0,1,.000,0,0
20251203,DEN,Tim Hardaway Jr.,27:13,11,0,1,8,.500,1,0
20251203,DEN,Bruce Brown,26:14,14,4,0,7,.857,0,2
20251203,DEN,Zeke Nnaji,11:35,2,2,1,1,1.000,1,1
20251203,DEN,Jonas Valančiūnas,11:02,9,3,0,5,.600,1,1
20251203,DEN,Curtis Jones,1:41,2,1,0,2,.500,0,0
20251203,DEN,Jalen Pickett,1:41,0,0,0,1,.000,0,0
20251203,DEN,Hunter Tyson,1:41,0,0,0,1,.000,0,0
20251203,IND,Pascal Siakam,33:42,23,3,4,16,.438,0,1
20251203,IND,Andrew Nembhard,28:17,16,3,7,11,.455,0,1
20251203,IND,Bennedict Mathurin,28:12,15,7,2,10,.500,0,4
20251203,IND,Ben Sheppard,17:55,14,5,2,5,1.000,2,1
20251203,IND,Jay Huff,17:44,3,1,2,6,.167,0,0
20251203,IND,Jarace Walker,21:36,11,3,0,7,.571,0,1
20251203,IND,Garrison Mathews,19:48,9,0,1,4,.750,0,0
20251203,IND,Isaiah Jackson,16:39,6,6,0,4,.750,1,0
20251203,IND,T.J. McConnell,16:31,14,1,6,10,.700,3,1
20251203,IND,Johnny Furphy,16:23,0,2,0,0,,0,1
20251203,IND,Tony Bradley,13:37,7,4,0,2,.500,0,1
20251203,IND,Jeremiah Robinson-Earl,3:12,2,2,0,4,.250,0,0
20251203,IND,Taelon Peter,3:12,0,1,0,2,.000,0,1
20251203,IND,Ethan Thompson,3:12,0,0,0,0,,0,0
20251203,SAS,Harrison Barnes,32:32,11,5,2,12,.333,1,1
20251203,SAS,Devin Vassell,31:30,15,6,1,14,.429,0,1
20251203,SAS,De'Aaron Fox,29:23,31,5,5,20,.550,0,7
20251203,SAS,Luke Kornet,28:23,5,7,4,3,.667,0,0
20251203,SAS,Julian Champagnie,27:58,14,5,0,8,.625,0,1
20251203,SAS,Keldon Johnson,24:45,13,4,1,8,.625,0,1
20251203,SAS,Dylan Harper,22:04,16,5,5,12,.417,2,5
20251203,SAS,Jeremy Sochan,19:37,4,7,1,7,.286,1,1
20251203,SAS,Carter Bryant,13:08,3,5,0,2,.500,0,0
20251203,SAS,Lindy Waters III,5:59,2,2,0,4,.250,0,0
20251203,SAS,David Jones García,4:41,0,1,1,1,.000,1,2
20251203,ORL,Desmond Bane,37:38,14,3,6,15,.400,0,1
20251203,ORL,Franz Wagner,35:54,25,4,6,17,.529,2,0
20251203,ORL,Wendell Carter Jr.,28:36,5,9,2,9,.222,1,1
20251203,ORL,Jalen Suggs,27:26,24,4,4,20,.500,3,1
20251203,ORL,Tristan Da Silva,25:34,12,4,0,10,.500,2,1
20251203,ORL,Anthony Black,27:35,7,7,5,10,.200,0,2
20251203,ORL,Goga Bitadze,19:24,8,5,2,4,1.000,1,2
20251203,ORL,Jase Richardson,15:52,8,5,2,5,.600,1,0
20251203,ORL,Jonathan Isaac,12:12,4,5,0,4,.500,0,1
20251203,ORL,Tyus Jones,6:45,5,0,0,3,.667,1,0
20251203,ORL,Noah Penda,3:03,0,2,0,2,.000,0,1
20251203,LAC,James Harden,36:43,27,4,9,24,.458,3,1
20251203,LAC,Kawhi Leonard,35:25,21,6,5,21,.333,2,3
20251203,LAC,Ivica Zubac,33:01,14,17,5,8,.750,0,3
20251203,LAC,John Collins,32:13,15,9,1,13,.462,2,1
20251203,LAC,Kris Dunn,20:31,8,0,2,6,.667,2,0
20251203,LAC,Kobe Sanders,27:09,17,3,4,6,.833,1,2
20251203,LAC,Nicolas Batum,19:57,6,3,2,4,.500,0,1
20251203,LAC,Cam Christie,16:58,4,5,0,5,.400,1,0
20251203,LAC,Kobe Brown,12:51,3,5,1,2,.500,1,1
20251203,LAC,Yanic Konan Niederhäuser,2:36,0,2,0,0,,0,0
20251203,LAC,Jahmyl Telfort,2:36,0,0,0,0,,0,0
20251203,ATL,Dyson Daniels,34:48,15,3,2,13,.462,2,3
20251203,ATL,Onyeka Okongwu,33:40,7,9,5,12,.250,0,2
20251203,ATL,Zaccharie Risacher,33:13,11,3,3,11,.364,2,1
20251203,ATL,Nickeil Alexander-Walker,30:39,21,5,3,18,.389,1,1
20251203,ATL,Mouhamed Gueye,22:35,0,6,0,2,.000,1,1
20251203,ATL,Vít Krejčí,21:15,5,3,1,7,.286,1,3
20251203,ATL,Luke Kennard,20:46,11,5,2,5,.800,0,1
20251203,ATL,Keaton Wallace,19:05,8,2,4,9,.333,1,1
20251203,ATL,Asa Newell,18:41,11,1,0,6,.667,1,2
20251203,ATL,Caleb Houstan,5:18,3,1,0,2,.500,0,1
20251203,CHO,LaMelo Ball,36:55,34,8,9,27,.444,1,4
20251203,CHO,Kon Knueppel,33:44,13,4,4,16,.313,0,2
20251203,CHO,Sion James,30:25,11,1,0,6,.500,0,0
20251203,CHO,Miles Bridges,28:31,8,6,0,12,.250,0,1
20251203,CHO,Moussa Diabaté,19:56,2,8,2,2,.500,1,2
20251203,CHO,Ryan Kalkbrenner,24:33,8,9,0,4,.500,0,0
20251203,CHO,Tidjane Salaün,23:00,13,4,0,8,.625,1,3
20251203,CHO,Liam McNeeley,20:54,10,3,1,8,.375,0,0
20251203,CHO,Antonio Reeves,9:53,0,0,0,2,.000,1,0
20251203,CHO,Collin Sexton,8:37,4,1,2,4,.500,0,1
20251203,CHO,KJ Simpson,3:32,1,0,1,1,.000,0,0
20251203,NYK,Karl-Anthony Towns,39:11,35,18,5,23,.565,2,1
20251203,NYK,Jalen Brunson,36:40,26,2,5,16,.563,3,2
20251203,NYK,Josh Hart,36:33,15,8,8,11,.364,1,2
20251203,NYK,Mikal Bridges,35:54,16,4,2,14,.500,2,0
20251203,NYK,Miles McBride,34:02,15,2,1,9,.444,0,0
20251203,NYK,Jordan Clarkson,20:32,6,3,2,9,.333,1,1
20251203,NYK,Tyler Kolek,13:17,6,3,5,5,.400,0,1
20251203,NYK,Ariel Hukporti,12:36,0,2,0,0,,0,2
20251203,NYK,Guerschon Yabusele,9:21,0,1,0,1,.000,0,0
20251203,NYK,Mohamed Diawara,1:22,0,0,0,0,,0,0
20251203,NYK,Pacôme Dadiet,0:16,0,0,0,0,,0,0
20251203,NYK,Trey Jemison,0:16,0,1,0,0,,0,0
20251203,BRK,Nic Claxton,35:27,14,8,9,7,.857,2,1
20251203,BRK,Noah Clowney,33:59,20,7,2,13,.462,0,0
20251203,BRK,Michael Porter Jr.,33:35,33,10,5,20,.500,2,3
20251203,BRK,Egor Dёmin,25:00,10,0,4,8,.375,2,4
20251203,BRK,Tyrese Martin,21:31,4,1,1,7,.286,2,0
20251203,BRK,Ziaire Williams,25:28,8,4,1,7,.429,0,2
20251203,BRK,Danny Wolf,24:31,8,4,3,5,.600,0,6
20251203,BRK,Ben Saraf,14:34,6,0,2,3,.667,2,3
20251203,BRK,Drake Powell,13:22,5,1,2,5,.400,0,1
20251203,BRK,Day'Ron Sharpe,12:33,5,7,1,3,.333,2,0
20251203,CHI,Ayo Dosunmu,36:04,16,2,1,13,.385,3,2
20251203,CHI,Josh Giddey,36:01,28,11,11,14,.714,0,3
20251203,CHI,Nikola Vučević,33:23,16,11,0,18,.333,2,6
20251203,CHI,Matas Buzelis,32:46,14,5,3,14,.429,1,3
20251203,CHI,Julian Phillips,28:20,5,1,1,6,.333,3,0
20251203,CHI,Patrick Williams,23:17,10,3,0,7,.429,3,1
20251203,CHI,Dalen Terry,17:59,6,5,1,6,.500,2,1
20251203,CHI,Jevon Carter,16:15,6,3,1,8,.250,0,0
20251203,CHI,Emanuel Miller,7:55,2,0,0,3,.333,0,0
20251203,CHI,Lachlan Olbrich,6:48,0,1,1,1,.000,0,0
20251203,CHI,Trentyn Flowers,1:12,0,0,1,0,,0,0
20251203,SAC,Keegan Murray,37:24,5,11,1,11,.182,1,3
20251203,SAC,Russell Westbrook,28:01,12,4,9,13,.385,1,4
20251203,SAC,DeMar DeRozan,22:33,12,2,0,12,.500,1,2
20251203,SAC,Zach LaVine,18:41,2,1,1,5,.200,1,1
20251203,SAC,Drew Eubanks,9:59,2,1,0,3,.333,0,0
20251203,SAC,Maxime Raynaud,32:18,25,6,3,15,.667,1,1
20251203,SAC,Malik Monk,29:43,25,3,5,19,.526,2,0
20251203,SAC,Nique Clifford,22:47,2,0,2,7,.143,1,0
20251203,SAC,Keon Ellis,19:59,0,0,0,4,.000,0,0
20251203,SAC,Precious Achiuwa,18:35,10,4,0,8,.500,2,1
20251203,HOU,Amen Thompson,36:34,20,12,7,16,.500,2,5
20251203,HOU,Jabari Smith Jr.,34:40,14,8,1,12,.417,0,1
20251203,HOU,Kevin Durant,31:49,24,3,8,16,.563,0,0
20251203,HOU,Alperen Şengün,29:47,28,10,3,20,.550,4,3
20251203,HOU,Josh Okogie,26:36,3,6,1,3,.333,2,2
20251203,HOU,Reed Sheppard,27:46,5,6,1,7,.286,1,1
20251203,HOU,Steven Adams,17:50,11,8,0,6,.833,0,3
20251203,HOU,Aaron Holiday,17:00,7,2,1,5,.600,0,1
20251203,HOU,Clint Capela,9:28,4,6,1,3,.667,1,0
20251203,HOU,Jae'Sean Tate,4:02,2,1,1,1,1.000,0,0
20251203,HOU,Jeff Green,2:14,3,0,0,1,1.000,0,0
20251203,HOU,JD Davison,2:14,0,0,0,1,.000,0,0
20251203,DET,Cade Cunningham,35:12,17,7,7,15,.333,1,2
20251203,DET,Tobias Harris,29:01,20,5,0,14,.500,0,0
20251203,DET,Jalen Duren,25:55,8,6,3,7,.571,1,1
20251203,DET,Ausar Thompson,25:40,10,6,5,7,.429,2,2
20251203,DET,Daniss Jenkins,24:08,7,1,2,8,.250,0,2
20251203,DET,Caris LeVert,23:03,4,2,4,10,.100,0,1
20251203,DET,Jaden Ivey,18:59,15,6,1,10,.500,0,2
20251203,DET,Isaiah Stewart,17:31,5,4,0,3,.667,1,0
20251203,DET,Ron Holland,17:15,5,2,0,10,.200,1,1
20251203,DET,Javonte Green,15:57,9,1,2,6,.500,2,1
20251203,DET,Paul Reed,7:19,9,4,1,5,.800,0,2
20251203,MIL,A.J. Green,39:46,19,2,0,12,.500,1,0
20251203,MIL,Ryan Rollins,38:48,22,4,8,16,.563,2,3
20251203,MIL,Kevin Porter Jr.,35:10,26,2,7,18,.444,2,7
20251203,MIL,Myles Turner,19:40,9,3,1,5,.400,0,0
20251203,MIL,Giannis Antetokounmpo,3:00,2,1,1,0,,0,0
20251203,MIL,Bobby Portis,30:17,13,9,5,13,.385,0,0
20251203,MIL,Jericho Sims,30:08,15,14,1,7,1.000,0,1
20251203,MIL,Gary Trent Jr.,22:02,3,1,2,4,.250,0,1
20251203,MIL,Kyle Kuzma,21:10,4,4,3,7,.286,1,3
20251203,MIA,Andrew Wiggins,33:22,11,6,5,18,.222,1,1
20251203,MIA,Tyler Herro,33:07,20,4,0,17,.471,2,2
20251203,MIA,Davion Mitchell,30:20,4,1,9,7,.286,0,0
20251203,MIA,Bam Adebayo,28:24,21,7,1,19,.526,1,1
20251203,MIA,Pelle Larsson,22:48,4,0,3,5,.200,0,0
20251203,MIA,Kel'el Ware,25:14,22,10,2,11,.727,1,3
20251203,MIA,Jaime Jaquez Jr.,21:55,10,4,3,10,.300,4,2
20251203,MIA,Simone Fontecchio,21:03,8,3,2,8,.250,1,1
20251203,MIA,Dru Smith,17:40,8,4,4,4,.500,1,0
20251203,MIA,Nikola Jović,6:07,0,2,0,2,.000,0,0
20251203,DAL,Naji Marshall,35:41,18,5,4,12,.667,2,0
20251203,DAL,Ryan Nembhard,33:56,15,5,13,10,.600,1,1
20251203,DAL,Max Christie,32:23,10,2,2,6,.500,0,1
20251203,DAL,Cooper Flagg,31:08,22,6,2,13,.692,1,3
20251203,DAL,Anthony Davis,28:10,17,17,4,17,.412,1,4
20251203,DAL,Klay Thompson,26:17,17,3,1,17,.353,0,0
20251203,DAL,D'Angelo Russell,15:16,10,3,2,7,.571,0,0
20251203,DAL,Daniel Gafford,14:04,2,5,0,1,.000,1,2
20251203,DAL,Brandon Williams,13:50,7,2,2,7,.429,0,2
20251203,DAL,Dwight Powell,5:46,0,1,0,0,,0,0
20251203,DAL,Caleb Martin,3:29,0,1,1,1,.000,0,0
20251204,GSW,Moses Moody,23:11,14,2,2,10,.500,1,1
20251204,GSW,Will Richard,20:22,5,0,2,2,1.000,2,2
20251204,GSW,Brandin Podziemski,19:44,6,6,0,8,.250,1,3
20251204,GSW,Al Horford,17:52,3,6,4,8,.125,1,0
20251204,GSW,Draymond Green,9:23,3,3,0,3,.333,0,1
20251204,GSW,Buddy Hield,25:31,14,8,2,12,.500,2,0
20251204,GSW,Quinten Post,25:28,10,3,4,8,.500,0,0
20251204,GSW,Pat Spencer,24:00,16,4,4,8,.625,1,2
20251204,GSW,De'Anthony Melton,21:03,14,1,3,11,.455,2,1
20251204,GSW,Jonathan Kuminga,20:06,9,6,2,12,.333,0,3
20251204,GSW,Seth Curry,14:11,0,2,1,2,.000,1,0
20251204,GSW,Gui Santos,11:39,4,1,1,4,.500,0,0
20251204,GSW,Trayce Jackson-Davis,4:08,0,1,1,1,.000,1,0
20251204,GSW,Gary Payton II,3:22,0,0,1,0,,0,0
20251204,PHI,Tyrese Maxey,39:40,35,3,2,27,.481,2,3
20251204,PHI,Quentin Grimes,38:03,12,5,6,13,.385,1,1
20251204,PHI,Dominick Barlow,35:26,6,14,3,6,.500,1,1
20251204,PHI,Joel Embiid,25:13,12,6,3,13,.385,0,3
20251204,PHI,VJ Edgecombe,23:50,10,6,5,8,.500,3,5
20251204,PHI,Justin Edwards,21:48,8,3,1,6,.500,1,1
20251204,PHI,Jared McCain,21:05,7,1,3,6,.500,0,3
20251204,PHI,Andre Drummond,16:35,0,2,0,1,.000,0,0
20251204,PHI,Jabari Walker,12:21,7,5,0,3,.667,0,2
20251204,PHI,Adem Bona,5:59,2,2,0,2,.500,0,0
20251204,BOS,Payton Pritchard,32:08,20,6,8,21,.381,1,1
20251204,BOS,Jordan Walsh,29:42,22,7,3,8,1.000,2,0
20251204,BOS,Derrick White,28:46,30,7,9,21,.571,1,2
20251204,BOS,Neemias Queta,21:03,17,4,2,9,.778,1,1
20251204,BOS,Sam Hauser,20:31,6,2,3,6,.333,1,0
20251204,BOS,Anfernee Simons,25:27,16,2,3,13,.308,2,0
20251204,BOS,Baylor Scheierman,25:01,5,6,3,3,.667,3,1
20251204,BOS,Josh Minott,22:02,11,4,2,7,.571,1,1
20251204,BOS,Hugo González,17:40,14,5,0,7,.857,0,1
20251204,BOS,Luka Garza,8:14,5,2,1,1,1.000,1,1
20251204,BOS,Ron Harper Jr.,4:43,0,0,1,3,.000,1,0
20251204,BOS,Xavier Tillman Sr.,4:43,0,1,0,0,,0,1
20251204,WAS,CJ McCollum,30:33,22,2,3,15,.467,1,4
20251204,WAS,Kyshawn George,28:24,15,3,1,7,.714,2,4
20251204,WAS,Marvin Bagley III,25:39,5,6,0,8,.250,0,1
20251204,WAS,Khris Middleton,25:11,16,3,4,12,.583,0,2
20251204,WAS,Jamir Watkins,18:27,2,2,3,1,1.000,0,0
20251204,WAS,Bub Carrington,27:33,7,3,2,9,.222,0,1
20251204,WAS,Will Riley,26:35,7,4,2,6,.333,0,3
20251204,WAS,Cam Whitmore,18:05,4,0,2,11,.182,1,0
20251204,WAS,Justin Champagnie,15:09,9,7,1,6,.500,1,1
20251204,WAS,Tristan Vukcevic,11:27,10,4,1,5,.600,0,0
20251204,WAS,Malaki Branham,8:14,2,2,2,3,.000,0,0
20251204,WAS,Anthony Gill,4:43,2,1,0,1,1.000,0,2
20251204,UTA,Lauri Markkanen,34:33,30,8,1,18,.611,0,1
20251204,UTA,Keyonte George,31:26,29,5,10,20,.400,0,1
20251204,UTA,Kyle Filipowski,31:03,15,8,5,8,.750,2,1
20251204,UTA,Svi Mykhailiuk,25:14,10,3,3,6,.667,0,1
20251204,UTA,Ace Bailey,25:10,5,2,0,6,.333,0,0
20251204,UTA,Walter Clayton,24:00,13,3,3,7,.571,0,2
20251204,UTA,Brice Sensabaugh,21:50,8,3,3,7,.286,1,2
20251204,UTA,Kyle Anderson,16:57,8,5,3,5,.600,4,1
20251204,UTA,Isaiah Collier,14:39,3,1,3,3,.333,0,2
20251204,UTA,Cody Williams,8:10,0,0,0,0,,0,1
20251204,UTA,Taylor Hendricks,6:58,2,1,0,3,.333,0,0
20251204,BRK,Noah Clowney,34:13,29,4,3,15,.533,0,3
20251204,BRK,Nic Claxton,29:25,12,9,4,12,.500,0,1
20251204,BRK,Tyrese Martin,22:20,0,7,2,6,.000,0,3
20251204,BRK,Egor Dёmin,20:23,3,1,2,4,.250,0,0
20251204,BRK,Terance Mann,18:07,3,4,2,2,.000,0,0
20251204,BRK,Danny Wolf,28:01,17,9,3,12,.417,0,2
20251204,BRK,Ziaire Williams,27:53,23,0,1,14,.500,1,1
20251204,BRK,Ben Saraf,23:54,12,2,2,7,.571,3,5
20251204,BRK,Day'Ron Sharpe,18:35,10,7,2,7,.571,1,2
20251204,BRK,Jalen Wilson,15:38,1,1,0,3,.000,1,0
20251204,BRK,Tyson Etienne,1:31,0,0,1,0,,0,0
20251204,LAL,Austin Reaves,40:48,44,5,10,21,.619,0,5
20251204,LAL,LeBron James,35:58,8,6,11,17,.235,0,0
20251204,LAL,Rui Hachimura,34:58,12,3,0,9,.444,1,1
20251204,LAL,Deandre Ayton,31:39,17,8,0,11,.727,0,2
20251204,LAL,Gabe Vincent,24:19,5,2,4,8,.250,1,1
20251204,LAL,Jake LaRavia,28:13,14,7,0,8,.625,2,2
20251204,LAL,Jaxson Hayes,16:21,4,4,0,5,.400,0,0
20251204,LAL,Nick Smith Jr.,14:17,12,2,0,7,.571,2,0
20251204,LAL,Adou Thiero,10:08,4,1,1,1,1.000,1,0
20251204,LAL,Dalton Knecht,3:19,3,0,0,1,1.000,0,0
20251204,TOR,Sandro Mamukelashvili,36:38,13,8,5,13,.308,2,2
20251204,TOR,Brandon Ingram,36:20,20,7,7,23,.435,0,3
20251204,TOR,Scottie Barnes,36:08,23,11,9,16,.500,1,1
20251204,TOR,Immanuel Quickley,32:01,13,1,5,9,.556,2,5
20251204,TOR,Ja'Kobe Walter,24:47,17,3,2,10,.600,1,0
20251204,TOR,Jamal Shead,21:22,4,2,6,1,.000,2,1
20251204,TOR,Gradey Dick,16:10,8,1,0,4,.500,0,1
20251204,TOR,Jamison Battle,15:45,10,3,1,5,.800,0,0
20251204,TOR,Collin Murray-Boyles,15:41,12,2,3,7,.714,1,2
20251204,TOR,Jonathan Mogbo,5:08,0,3,1,1,.000,0,0
20251204,MIN,Julius Randle,36:30,28,9,3,18,.500,0,4
20251204,MIN,Jaden McDaniels,34:48,14,7,5,14,.429,2,2
20251204,MIN,Donte DiVincenzo,32:05,15,4,3,10,.500,0,1
20251204,MIN,Anthony Edwards,31:22,11,6,4,6,.500,1,8
20251204,MIN,Rudy Gobert,23:57,15,12,3,8,.625,0,1
20251204,MIN,Naz Reid,32:40,19,7,6,13,.462,1,0
20251204,MIN,Mike Conley,16:48,2,1,3,7,.143,0,1
20251204,MIN,Jaylen Clark,14:28,12,2,0,9,.444,1,0
20251204,MIN,Terrence Shannon Jr.,9:11,7,1,0,4,.500,0,2
20251204,MIN,Rob Dillingham,8:11,2,0,3,3,.333,0,0
20251204,NOP,Bryce McGowens,33:54,15,3,5,12,.417,1,0
20251204,NOP,Trey Murphy III,33:46,21,7,8,17,.412,2,2
20251204,NOP,Jeremiah Fears,33:33,20,7,6,17,.471,1,3
20251204,NOP,Saddiq Bey,33:11,20,6,1,17,.471,3,0
20251204,NOP,Derik Queen,29:08,12,4,5,9,.444,1,1
20251204,NOP,Jose Alvarado,22:05,13,3,1,8,.625,2,2
20251204,NOP,Karlo Matković,18:30,8,6,1,5,.800,0,1
20251204,NOP,Jordan Hawkins,16:10,7,3,1,6,.333,0,1
20251204,NOP,Micah Peavy,15:11,0,4,1,2,.000,1,2
20251204,NOP,Trey Alexander,4:33,0,0,0,2,.000,0,0
20251205,LAL,Austin Reaves,33:19,36,3,8,18,.500,0,4
20251205,LAL,Gabe Vincent,29:38,18,1,1,10,.500,0,0
20251205,LAL,Rui Hachimura,29:16,13,7,0,11,.455,0,2
20251205,LAL,Deandre Ayton,27:32,6,10,0,9,.333,1,2
20251205,LAL,Jake LaRavia,20:49,6,1,1,6,.333,3,1
20251205,LAL,Nick Smith Jr.,23:30,13,2,0,10,.500,2,1
20251205,LAL,Adou Thiero,19:30,0,3,0,2,.000,0,2
20251205,LAL,Maxi Kleber,15:30,0,1,0,1,.000,0,0
20251205,LAL,Dalton Knecht,13:50,5,1,1,5,.200,0,0
20251205,LAL,Jaxson Hayes,13:50,3,4,0,2,.500,1,0
20251205,LAL,Bronny James,6:38,5,0,1,3,.667,1,2
20251205,LAL,Drew Timme,6:38,0,2,3,0,,0,0
20251205,BOS,Jaylen Brown,33:41,30,8,8,22,.455,1,3
20251205,BOS,Payton Pritchard,30:09,15,2,6,13,.462,1,2
20251205,BOS,Derrick White,29:37,19,5,6,14,.500,0,3
20251205,BOS,Jordan Walsh,26:17,17,4,1,7,.857,1,1
20251205,BOS,Neemias Queta,26:02,10,6,2,8,.625,2,0
20251205,BOS,Sam Hauser,24:21,12,3,0,8,.500,2,0
20251205,BOS,Josh Minott,22:56,6,3,3,3,.667,0,0
20251205,BOS,Anfernee Simons,15:52,8,4,2,4,.500,0,0
20251205,BOS,Baylor Scheierman,15:07,3,1,2,2,.500,2,1
20251205,BOS,Hugo González,8:00,4,2,0,2,1.000,0,4
20251205,BOS,Xavier Tillman Sr.,3:18,2,0,0,1,1.000,0,0
20251205,BOS,Luka Garza,2:20,0,0,1,0,,0,0
20251205,BOS,Amari Williams,2:20,0,0,0,0,,0,0
20251205,MIA,Bam Adebayo,39:31,24,15,3,15,.600,2,5
20251205,MIA,Andrew Wiggins,33:32,13,5,1,10,.500,1,0
20251205,MIA,Norman Powell,32:17,28,3,4,18,.500,0,3
20251205,MIA,Davion Mitchell,27:32,10,2,7,8,.625,0,0
20251205,MIA,Kel'el Ware,22:04,4,8,1,3,.333,0,2
20251205,MIA,Jaime Jaquez Jr.,33:06,16,3,2,14,.571,1,3
20251205,MIA,Pelle Larsson,18:49,0,1,1,4,.000,0,0
20251205,MIA,Dru Smith,17:26,5,4,2,3,.333,0,1
20251205,MIA,Simone Fontecchio,15:43,5,3,2,5,.400,0,1
20251205,ORL,Franz Wagner,34:04,32,5,3,22,.545,1,2
20251205,ORL,Desmond Bane,32:59,5,0,3,16,.125,0,2
20251205,ORL,Jalen Suggs,28:26,22,3,5,19,.474,1,1
20251205,ORL,Wendell Carter Jr.,27:31,7,7,1,5,.600,0,0
20251205,ORL,Paolo Banchero,20:12,9,6,2,8,.375,0,1
20251205,ORL,Anthony Black,31:30,13,8,6,9,.222,2,2
20251205,ORL,Tristan Da Silva,24:59,3,5,0,4,.250,1,2
20251205,ORL,Goga Bitadze,20:29,8,8,1,4,.750,0,0
20251205,ORL,Tyus Jones,15:59,7,0,2,5,.600,0,0
20251205,ORL,Jase Richardson,3:51,0,0,1,0,,0,0
20251205,DEN,Jamal Murray,38:11,23,5,12,16,.500,2,4
20251205,DEN,Nikola Jokić,35:36,40,9,8,26,.500,1,2
20251205,DEN,Cameron Johnson,34:44,16,4,2,14,.429,1,2
20251205,DEN,Peyton Watson,28:15,9,6,2,11,.364,1,0
20251205,DEN,Spencer Jones,23:30,6,4,2,2,1.000,1,0
20251205,DEN,Bruce Brown,32:17,13,3,0,4,1.000,3,2
20251205,DEN,Tim Hardaway Jr.,27:19,17,6,0,11,.455,0,1
20251205,DEN,Jonas Valančiūnas,12:01,8,4,2,4,1.000,0,1
20251205,DEN,Zeke Nnaji,8:08,2,1,0,1,1.000,0,0
20251205,ATL,Jalen Johnson,37:36,21,18,16,20,.450,2,3
20251205,ATL,Nickeil Alexander-Walker,33:48,30,5,1,17,.588,0,1
20251205,ATL,Dyson Daniels,33:39,15,3,8,14,.500,2,3
20251205,ATL,Onyeka Okongwu,27:31,13,6,2,8,.500,1,1
20251205,ATL,Zaccharie Risacher,20:49,9,3,0,7,.571,0,0
20251205,ATL,Vít Krejčí,27:56,15,2,2,8,.625,1,1
20251205,ATL,Kristaps Porziņģis,20:29,25,2,1,13,.692,1,1
20251205,ATL,Luke Kennard,17:31,2,1,1,2,.000,1,1
20251205,ATL,Mouhamed Gueye,10:25,3,3,0,4,.250,0,1
20251205,ATL,Keaton Wallace,10:17,0,2,4,2,.000,0,0
20251205,SAS,Julian Champagnie,34:38,11,4,1,8,.500,3,0
20251205,SAS,De'Aaron Fox,32:47,25,5,9,19,.474,1,4
20251205,SAS,Devin Vassell,29:56,28,3,3,16,.500,0,2
20251205,SAS,Harrison Barnes,28:39,7,4,3,7,.429,1,1
20251205,SAS,Bismack Biyombo,10:24,4,0,1,2,1.000,0,1
20251205,SAS,Jeremy Sochan,24:52,10,5,1,9,.556,1,1
20251205,SAS,Keldon Johnson,24:46,14,7,0,10,.500,1,2
20251205,SAS,Dylan Harper,23:15,3,4,6,11,.091,0,2
20251205,SAS,David Jones García,9:55,9,0,4,5,.600,1,0
20251205,SAS,Carter Bryant,9:04,2,3,0,4,.250,0,0
20251205,SAS,Lindy Waters III,5:57,3,2,0,2,.500,1,1
20251205,SAS,Kelly Olynyk,5:48,1,1,0,0,,0,0
20251205,CLE,Jaylon Tyson,32:52,24,6,2,15,.733,0,2
20251205,CLE,Evan Mobley,32:18,17,10,5,12,.583,0,2
20251205,CLE,Donovan Mitchell,31:45,28,2,8,17,.529,3,5
20251205,CLE,De'Andre Hunter,20:33,11,3,0,9,.556,1,1
20251205,CLE,Nae'Qwan Tomlin,18:21,13,2,2,10,.500,0,0
20251205,CLE,Dean Wade,29:12,12,8,5,6,.667,1,0
20251205,CLE,Craig Porter Jr.,23:54,11,7,1,6,.667,2,0
20251205,CLE,Lonzo Ball,22:27,2,6,5,2,.500,3,2
20251205,CLE,Thomas Bryant,15:42,8,3,2,4,.500,0,1
20251205,CLE,Luke Travers,10:30,2,1,2,3,.333,0,1
20251205,CLE,Chris Livingston,2:26,2,0,0,2,.500,0,0
20251205,POR,Deni Avdija,38:21,35,9,7,16,.563,1,4
20251205,POR,Jerami Grant,33:42,29,6,4,19,.421,1,2
20251205,POR,Robert Williams,30:16,8,14,1,8,.500,0,2
20251205,POR,Toumani Camara,24:22,1,2,4,4,.000,1,0
20251205,POR,Sidy Cissoko,22:20,8,1,2,6,.500,1,1
20251205,POR,Shaedon Sharpe,34:56,28,5,3,25,.400,1,2
20251205,POR,Kris Murray,27:39,0,6,1,2,.000,1,2
20251205,POR,Duop Reath,13:28,7,3,0,2,1.000,0,2
20251205,POR,Caleb Love,11:55,0,2,0,3,.000,0,1
20251205,POR,Rayan Rupert,3:01,0,0,0,0,,0,1
20251205,DET,Cade Cunningham,36:22,29,4,9,15,.467,3,1
20251205,DET,Duncan Robinson,33:48,14,7,0,7,.571,2,1
20251205,DET,Tobias Harris,31:08,10,4,4,10,.300,0,1
20251205,DET,Jalen Duren,27:01,18,8,0,11,.545,0,6
20251205,DET,Ausar Thompson,24:55,15,4,2,12,.500,1,1
20251205,DET,Isaiah Stewart,21:35,9,1,1,7,.429,0,1
20251205,DET,Ron Holland,20:25,17,3,0,11,.545,1,1
20251205,DET,Caris LeVert,16:22,4,2,3,2,1.000,0,1
20251205,DET,Daniss Jenkins,14:22,4,1,3,4,.250,1,0
20251205,DET,Jaden Ivey,9:44,2,3,2,1,.000,0,0
20251205,DET,Javonte Green,4:18,0,0,0,2,.000,0,0
20251205,UTA,Ace Bailey,33:57,13,5,1,13,.385,1,3
20251205,UTA,Keyonte George,27:50,18,0,4,12,.417,0,2
20251205,UTA,Lauri Markkanen,26:27,18,9,2,13,.385,0,0
20251205,UTA,Jusuf Nurkić,19:29,4,6,0,5,.400,2,3
20251205,UTA,Svi Mykhailiuk,18:34,3,3,0,8,.125,0,1
20251205,UTA,Kyle Filipowski,30:02,10,8,3,7,.286,2,1
20251205,UTA,Isaiah Collier,23:44,13,0,7,5,.800,0,0
20251205,UTA,Walter Clayton,19:05,11,1,4,9,.444,0,1
20251205,UTA,Kevin Love,16:31,7,2,1,5,.400,1,0
20251205,UTA,Brice Sensabaugh,12:21,8,2,1,6,.500,1,1
20251205,UTA,Kyle Anderson,12:00,7,1,0,4,.500,1,0
20251205,NYK,Jalen Brunson,30:51,33,2,4,17,.529,0,0
20251205,NYK,Josh Hart,27:47,8,6,6,6,.500,1,2
20251205,NYK,OG Anunoby,22:43,11,0,1,8,.500,0,2
20251205,NYK,Karl-Anthony Towns,22:17,18,9,4,11,.455,1,1
20251205,NYK,Mikal Bridges,19:53,10,5,3,7,.714,1,1
20251205,NYK,Jordan Clarkson,31:01,16,4,5,13,.385,2,2
20251205,NYK,Miles McBride,21:43,22,3,2,11,.636,0,0
20251205,NYK,Mitchell Robinson,16:00,4,7,1,2,1.000,2,1
20251205,NYK,Tyler Kolek,14:16,7,2,1,6,.500,1,2
20251205,NYK,Mohamed Diawara,12:22,2,2,3,2,.500,1,0
20251205,NYK,Ariel Hukporti,12:00,4,4,0,2,1.000,0,0
20251205,NYK,Guerschon Yabusele,9:07,11,2,0,6,.833,0,1
20251205,CHO,Miles Bridges,32:03,15,9,5,11,.455,1,2
20251205,CHO,Kon Knueppel,31:59,21,3,7,12,.583,1,4
20251205,CHO,Brandon Miller,29:38,12,3,2,14,.357,1,4
20251205,CHO,Ryan Kalkbrenner,25:53,12,6,1,6,.833,1,0
20251205,CHO,LaMelo Ball,11:52,11,2,3,9,.444,1,2
20251205,CHO,KJ Simpson,28:02,8,3,4,6,.333,5,7
20251205,CHO,Tidjane Salaün,22:02,21,3,1,8,.750,1,0
20251205,CHO,Liam McNeeley,18:09,2,6,0,3,.333,0,2
20251205,CHO,Moussa Diabaté,15:53,3,4,1,2,.500,0,1
20251205,CHO,Sion James,14:23,3,3,1,0,,2,1
20251205,CHO,Mason Plumlee,6:13,1,4,0,0,,1,1
20251205,CHO,Antonio Reeves,3:53,2,1,1,3,.333,0,0
20251205,TOR,Scottie Barnes,31:26,13,3,5,15,.400,1,4
20251205,TOR,Immanuel Quickley,30:47,31,3,4,22,.500,1,1
20251205,TOR,Brandon Ingram,28:38,7,9,2,13,.231,0,4
20251205,TOR,Ja'Kobe Walter,24:45,2,4,2,7,.000,3,1
20251205,TOR,Jakob Poeltl,22:34,5,7,1,5,.400,2,3
20251205,TOR,Jamal Shead,21:24,9,5,1,12,.333,2,2
20251205,TOR,Gradey Dick,20:38,4,1,1,7,.286,1,0
20251205,TOR,Collin Murray-Boyles,19:12,7,2,1,4,.750,0,4
20251205,TOR,Sandro Mamukelashvili,15:48,3,3,1,4,.250,0,0
20251205,TOR,Jamison Battle,14:10,3,3,1,1,1.000,0,0
20251205,TOR,Garrett Temple,6:45,0,1,0,1,.000,2,0
20251205,TOR,Jonathan Mogbo,3:53,2,0,0,1,1.000,0,0
20251205,IND,Bennedict Mathurin,38:07,28,5,3,16,.563,2,2
20251205,IND,Andrew Nembhard,32:50,15,2,7,14,.500,3,3
20251205,IND,Pascal Siakam,31:23,36,10,1,24,.542,2,3
20251205,IND,Jay Huff,28:27,11,4,5,5,.800,2,0
20251205,IND,Garrison Mathews,14:56,3,3,0,4,.250,1,1
20251205,IND,Ethan Thompson,34:18,11,2,3,6,.667,1,0
20251205,IND,Isaiah Jackson,18:19,7,3,0,4,.750,1,2
20251205,IND,Johnny Furphy,16:14,2,1,1,4,.250,0,0
20251205,IND,T.J. McConnell,13:56,2,3,4,3,.333,1,1
20251205,IND,Jarace Walker,9:02,3,1,0,3,.333,0,1
20251205,IND,Tony Bradley,1:14,2,1,0,1,1.000,0,0
20251205,IND,Taelon Peter,1:14,0,0,0,0,,0,0
20251205,CHI,Matas Buzelis,34:43,19,12,2,8,.625,1,6
20251205,CHI,Josh Giddey,32:59,9,7,6,9,.222,1,5
20251205,CHI,Coby White,26:26,22,3,6,14,.429,0,2
20251205,CHI,Nikola Vučević,26:12,8,4,2,7,.429,0,0
20251205,CHI,Julian Phillips,22:39,5,4,1,4,.500,1,0
20251205,CHI,Patrick Williams,26:16,9,3,0,9,.333,0,1
20251205,CHI,Jevon Carter,22:11,14,3,1,11,.455,1,0
20251205,CHI,Zach Collins,20:34,8,6,1,5,.600,0,0
20251205,CHI,Dalen Terry,19:31,7,3,0,7,.429,3,4
20251205,CHI,Emanuel Miller,7:15,4,1,2,3,.667,0,0
20251205,CHI,Lachlan Olbrich,1:14,0,0,0,0,,0,0
20251205,PHO,Dillon Brooks,31:06,23,4,4,24,.417,0,2
20251205,PHO,Collin Gillespie,28:58,13,2,3,13,.385,0,1
20251205,PHO,Grayson Allen,26:09,9,2,0,12,.250,1,3
20251205,PHO,Royce O'Neale,19:20,0,2,2,4,.000,1,1
20251205,PHO,Mark Williams,17:02,10,3,0,6,.667,2,2
20251205,PHO,Oso Ighodaro,22:46,3,3,1,1,1.000,1,3
20251205,PHO,Jordan Goodwin,21:57,9,5,2,13,.308,0,1
20251205,PHO,Ryan Dunn,18:17,4,4,0,3,.333,3,0
20251205,PHO,Jamaree Bouyea,18:13,18,2,1,11,.636,1,0
20251205,PHO,Nigel Hayes-Davis,14:38,2,2,0,4,.250,1,0
20251205,PHO,Rasheer Fleming,8:12,3,2,0,5,.200,2,0
20251205,PHO,Nick Richards,8:12,2,0,1,2,.500,0,0
20251205,PHO,Khaman Maluach,5:10,2,3,0,2,.500,0,0
20251205,HOU,Kevin Durant,32:22,28,4,8,17,.647,2,5
20251205,HOU,Amen Thompson,31:50,31,4,1,17,.706,0,3
20251205,HOU,Steven Adams,29:52,4,8,3,4,.500,2,1
20251205,HOU,Jabari Smith Jr.,27:33,16,2,2,8,.625,0,2
20251205,HOU,Josh Okogie,16:24,6,4,1,3,1.000,1,2
20251205,HOU,Aaron Holiday,29:04,10,1,2,3,1.000,2,2
20251205,HOU,Reed Sheppard,20:54,10,5,6,11,.364,2,2
20251205,HOU,Jae'Sean Tate,19:09,8,2,1,6,.500,0,2
20251205,HOU,Clint Capela,18:08,4,7,1,3,.667,0,2
20251205,HOU,Jeff Green,8:12,0,1,0,1,.000,0,0
20251205,HOU,JD Davison,6:32,0,2,0,3,.000,0,0
20251205,LAC,James Harden,35:50,18,2,7,13,.462,0,4
20251205,LAC,Ivica Zubac,34:47,10,6,1,6,.667,1,2
20251205,LAC,Kawhi Leonard,34:42,24,8,4,23,.435,1,1
20251205,LAC,John Collins,24:42,16,2,2,14,.429,1,3
20251205,LAC,Kris Dunn,20:44,0,3,3,1,.000,2,1
20251205,LAC,Nicolas Batum,30:52,6,3,4,7,.286,1,2
20251205,LAC,Kobe Sanders,27:16,8,7,0,6,.500,2,2
20251205,LAC,Kobe Brown,21:12,13,4,1,7,.429,3,1
20251205,LAC,Cam Christie,9:55,3,2,0,3,.333,0,0
20251205,MEM,Jaren Jackson Jr.,30:36,13,3,0,9,.556,2,1
20251205,MEM,Zach Edey,29:25,10,8,1,8,.500,0,2
20251205,MEM,Cedric Coward,28:29,23,14,5,18,.556,1,1
20251205,MEM,Jaylen Wells,27:17,17,3,0,11,.636,1,2
20251205,MEM,Vince Williams Jr.,19:12,3,1,4,5,.200,0,3
20251205,MEM,Cam Spencer,28:51,17,5,7,11,.636,1,2
20251205,MEM,Santi Aldama,24:37,7,6,4,9,.333,1,3
20251205,MEM,Kentavious Caldwell-Pope,19:28,5,0,5,1,1.000,1,0
20251205,MEM,Jock Landale,16:32,7,1,1,5,.600,1,1
20251205,MEM,John Konchar,15:33,5,1,1,1,1.000,1,0
20251205,PHI,Tyrese Maxey,36:49,12,4,4,14,.357,4,2
20251205,PHI,Paul George,29:58,20,5,5,15,.467,1,0
20251205,PHI,VJ Edgecombe,24:26,12,4,1,8,.500,0,0
20251205,PHI,Andre Drummond,23:25,5,6,2,4,.500,2,2
20251205,PHI,Dominick Barlow,21:10,6,4,2,6,.167,1,2
20251205,PHI,Quentin Grimes,28:49,22,4,5,9,.778,0,5
20251205,PHI,Adem Bona,23:41,10,6,0,7,.571,1,1
20251205,PHI,Jared McCain,22:46,8,6,4,10,.300,2,0
20251205,PHI,Jabari Walker,18:19,18,2,1,10,.500,1,0
20251205,PHI,Kyle Lowry,9:48,3,1,1,3,.333,0,0
20251205,PHI,Justin Edwards,0:50,0,0,0,0,,0,0
20251205,MIL,Kevin Porter Jr.,36:43,20,7,9,13,.385,2,4
20251205,MIL,Ryan Rollins,34:44,16,6,7,13,.462,4,2
20251205,MIL,Jericho Sims,29:50,2,9,0,1,1.000,0,2
20251205,MIL,Myles Turner,23:11,19,2,2,9,.444,0,0
20251205,MIL,A.J. Green,15:12,0,0,2,4,.000,0,1
20251205,MIL,Kyle Kuzma,28:46,14,5,1,12,.583,1,2
20251205,MIL,Gary Trent Jr.,23:30,6,1,3,5,.400,0,0
20251205,MIL,Bobby Portis,23:01,22,4,0,16,.563,1,3
20251205,MIL,Gary Harris,20:53,0,3,1,1,.000,0,2
20251205,MIL,Thanasis Antetokounmpo,0:50,2,0,0,1,1.000,0,0
20251205,MIL,Cole Anthony,0:50,0,0,1,0,,0,0
20251205,MIL,Amir Coffey,0:50,0,0,0,0,,0,0
20251205,MIL,Andre Jackson Jr.,0:50,0,0,0,1,.000,0,0
20251205,MIL,Pete Nance,0:50,0,0,0,0,,0,0
20251205,DAL,Cooper Flagg,29:29,16,2,2,11,.455,0,4
20251205,DAL,Naji Marshall,26:41,18,1,2,11,.727,1,0
20251205,DAL,Ryan Nembhard,24:17,10,3,4,8,.500,0,1
20251205,DAL,Anthony Davis,24:17,2,8,6,9,.111,0,2
20251205,DAL,Max Christie,22:29,12,3,0,6,.833,1,0
20251205,DAL,Brandon Williams,23:43,9,3,7,9,.333,0,1
20251205,DAL,Jaden Hardy,20:24,23,2,2,13,.615,0,1
20251205,DAL,Klay Thompson,17:49,3,5,0,7,.143,0,0
20251205,DAL,Dwight Powell,15:59,3,2,2,1,1.000,0,1
20251205,DAL,D'Angelo Russell,15:35,12,3,3,7,.571,0,1
20251205,DAL,Caleb Martin,11:33,3,0,0,3,.333,0,0
20251205,DAL,Moussa Cisse,7:44,0,3,0,1,.000,0,0
20251205,OKC,Shai Gilgeous-Alexander,28:34,33,5,6,12,.833,0,2
20251205,OKC,Jalen Williams,24:07,15,8,5,11,.455,1,1
20251205,OKC,Chet Holmgren,23:20,15,8,1,11,.545,0,0
20251205,OKC,Cason Wallace,22:56,11,4,1,7,.571,1,0
20251205,OKC,Jaylin Williams,18:51,4,3,3,4,.250,1,0
20251205,OKC,Ajay Mitchell,22:52,9,0,2,7,.429,1,3
20251205,OKC,Branden Carlson,21:49,9,6,3,6,.667,0,0
20251205,OKC,Ousmane Dieng,21:31,7,1,1,5,.400,0,0
20251205,OKC,Kenrich Williams,19:56,10,1,3,7,.571,0,0
20251205,OKC,Aaron Wiggins,19:41,11,2,3,8,.625,0,0
20251205,OKC,Chris Youngblood,8:39,3,4,0,2,.500,0,0
20251205,OKC,Brooks Barnhizer,7:44,5,1,2,4,.500,1,0
20251206,NOP,Trey Murphy III,34:54,23,5,5,17,.588,2,4
20251206,NOP,Saddiq Bey,33:17,18,5,2,14,.429,0,0
20251206,NOP,Jeremiah Fears,33:09,14,2,5,16,.250,1,1
20251206,NOP,Derik Queen,25:45,6,9,5,5,.400,1,3
20251206,NOP,Bryce McGowens,24:27,16,2,2,8,.625,0,1
20251206,NOP,Jose Alvarado,30:00,9,2,6,6,.667,4,4
20251206,NOP,Yves Missi,17:37,4,6,2,4,.500,0,1
20251206,NOP,Micah Peavy,16:11,2,1,2,5,.200,1,0
20251206,NOP,Jordan Hawkins,14:04,6,2,1,5,.400,0,0
20251206,NOP,Karlo Matković,10:37,3,2,0,2,.500,0,1
20251206,BRK,Michael Porter Jr.,33:21,35,9,3,23,.609,2,2
20251206,BRK,Noah Clowney,29:41,10,6,0,11,.364,0,2
20251206,BRK,Nic Claxton,29:11,14,11,10,9,.556,0,2
20251206,BRK,Terance Mann,25:59,10,5,4,7,.571,0,0
20251206,BRK,Egor Dёmin,25:03,8,4,7,5,.600,0,3
20251206,BRK,Drake Powell,20:34,3,1,3,4,.250,0,1
20251206,BRK,Ben Saraf,20:14,7,1,4,8,.375,0,1
20251206,BRK,Day'Ron Sharpe,18:49,16,3,3,8,.875,1,2
20251206,BRK,Danny Wolf,18:49,7,4,2,7,.429,1,3
20251206,BRK,Ziaire Williams,14:34,9,1,0,7,.429,2,0
20251206,BRK,Jalen Wilson,3:45,0,0,0,0,,0,0
20251206,ATL,Jalen Johnson,39:07,30,12,12,18,.556,2,3
20251206,ATL,Onyeka Okongwu,35:59,21,9,6,17,.588,2,3
20251206,ATL,Dyson Daniels,35:54,12,6,3,16,.250,0,2
20251206,ATL,Nickeil Alexander-Walker,32:02,17,4,4,15,.467,3,3
20251206,ATL,Zaccharie Risacher,18:45,7,5,3,6,.500,1,0
20251206,ATL,Vít Krejčí,30:40,14,2,2,9,.556,3,0
20251206,ATL,Luke Kennard,22:49,15,3,2,7,.857,2,1
20251206,ATL,Asa Newell,12:16,11,3,3,6,.833,0,0
20251206,ATL,Mouhamed Gueye,8:38,4,1,0,2,1.000,0,0
20251206,ATL,Keaton Wallace,3:50,0,0,1,2,.000,0,0
20251206,WAS,Bub Carrington,36:58,14,2,9,6,.667,1,1
20251206,WAS,Kyshawn George,36:10,15,6,7,11,.545,3,5
20251206,WAS,CJ McCollum,35:53,28,0,3,17,.529,0,6
20251206,WAS,Justin Champagnie,32:10,16,5,3,9,.667,1,0
20251206,WAS,Marvin Bagley III,19:14,6,3,2,5,.600,1,1
20251206,WAS,Tristan Vukcevic,27:16,18,5,4,14,.500,0,1
20251206,WAS,Will Riley,19:00,15,1,0,12,.500,0,3
20251206,WAS,Jamir Watkins,15:50,2,3,0,2,.000,0,0
20251206,WAS,Malaki Branham,14:29,2,1,1,3,.000,0,3
20251206,WAS,Anthony Gill,1:30,0,0,0,0,,0,0
20251206,WAS,AJ Johnson,1:30,0,0,0,1,.000,0,0
20251206,GSW,Quinten Post,31:55,12,9,3,14,.357,0,2
20251206,GSW,Pat Spencer,29:28,19,4,7,12,.583,1,1
20251206,GSW,Buddy Hield,26:26,13,7,3,9,.444,0,1
20251206,GSW,Jonathan Kuminga,21:30,4,7,3,10,.100,0,1
20251206,GSW,Will Richard,20:36,4,3,0,4,.250,1,1
20251206,GSW,Gary Payton II,26:40,6,3,1,9,.333,3,3
20251206,GSW,Gui Santos,26:30,14,3,3,8,.375,0,2
20251206,GSW,Brandin Podziemski,21:07,10,3,2,9,.444,1,1
20251206,GSW,Moses Moody,19:43,9,2,2,5,.400,1,1
20251206,GSW,Trayce Jackson-Davis,16:05,8,5,1,6,.500,1,0
20251206,CLE,Donovan Mitchell,37:10,29,4,3,26,.423,0,2
20251206,CLE,Evan Mobley,35:08,18,10,1,19,.421,1,1
20251206,CLE,Jaylon Tyson,34:05,11,11,3,12,.417,0,1
20251206,CLE,De'Andre Hunter,33:17,6,3,3,9,.222,1,2
20251206,CLE,Darius Garland,31:59,17,5,4,15,.400,2,3
20251206,CLE,Dean Wade,19:22,3,4,0,5,.200,1,0
20251206,CLE,Nae'Qwan Tomlin,16:05,6,12,1,10,.300,2,3
20251206,CLE,Craig Porter Jr.,15:12,0,4,0,4,.000,0,0
20251206,CLE,Thomas Bryant,12:24,2,6,0,4,.000,0,0
20251206,CLE,Luke Travers,5:18,2,2,0,3,.333,0,0
20251206,MIL,Kevin Porter Jr.,36:27,32,4,6,16,.688,4,1
20251206,MIL,Jericho Sims,30:35,2,3,1,1,1.000,1,1
20251206,MIL,Kyle Kuzma,28:42,15,4,1,12,.417,1,3
20251206,MIL,Myles Turner,25:08,12,1,0,8,.500,1,1
20251206,MIL,Ryan Rollins,22:52,10,6,6,14,.286,0,2
20251206,MIL,Gary Trent Jr.,28:30,11,1,1,11,.364,1,0
20251206,MIL,Bobby Portis,20:28,7,7,4,11,.182,1,1
20251206,MIL,Gary Harris,13:38,2,1,1,2,.500,0,1
20251206,MIL,Andre Jackson Jr.,11:32,4,3,2,1,1.000,1,1
20251206,MIL,Amir Coffey,7:50,4,1,0,0,,0,0
20251206,MIL,Thanasis Antetokounmpo,4:46,7,2,0,3,.667,1,1
20251206,MIL,Cole Anthony,4:46,3,2,2,2,.500,0,0
20251206,MIL,Pete Nance,4:46,3,1,0,3,.333,0,0
20251206,DET,Jalen Duren,32:37,16,16,1,8,.750,0,1
20251206,DET,Cade Cunningham,31:40,23,6,12,18,.444,0,3
20251206,DET,Ausar Thompson,27:23,13,6,8,7,.857,1,1
20251206,DET,Isaiah Stewart,25:31,19,2,0,8,.750,0,1
20251206,DET,Duncan Robinson,23:49,7,2,1,7,.286,0,1
20251206,DET,Caris LeVert,21:31,11,2,1,5,.600,0,2
20251206,DET,Ron Holland,18:15,4,4,1,8,.000,1,0
20251206,DET,Javonte Green,16:53,13,0,0,9,.556,2,2
20251206,DET,Jaden Ivey,15:37,10,5,2,4,.750,0,2
20251206,DET,Paul Reed,15:23,6,10,3,8,.375,0,1
20251206,DET,Marcus Sasser,4:13,0,0,2,1,.000,0,0
20251206,DET,Daniss Jenkins,3:34,2,0,0,1,1.000,0,1
20251206,DET,Chaz Lanier,3:34,0,0,0,2,.000,1,0
20251206,SAC,DeMar DeRozan,39:49,13,6,6,11,.545,2,0
20251206,SAC,Zach LaVine,39:25,42,5,1,24,.500,1,0
20251206,SAC,Keegan Murray,32:24,16,4,1,11,.545,2,1
20251206,SAC,Russell Westbrook,31:46,12,1,10,11,.455,4,6
20251206,SAC,Maxime Raynaud,25:04,12,10,1,11,.545,0,0
20251206,SAC,Nique Clifford,18:01,15,6,0,8,.875,1,2
20251206,SAC,Malik Monk,17:27,3,0,4,7,.143,0,1
20251206,SAC,Precious Achiuwa,16:19,7,10,1,5,.600,0,0
20251206,SAC,Drew Eubanks,10:46,4,2,0,2,1.000,0,0
20251206,SAC,Keon Ellis,8:59,3,1,0,3,.333,1,0
20251206,MIA,Kel'el Ware,29:39,5,6,0,4,.500,2,1
20251206,MIA,Norman Powell,26:34,18,2,1,14,.429,0,0
20251206,MIA,Andrew Wiggins,26:07,13,4,4,10,.600,0,3
20251206,MIA,Bam Adebayo,24:35,9,7,3,9,.444,0,0
20251206,MIA,Dru Smith,19:08,4,1,2,6,.167,1,1
20251206,MIA,Jaime Jaquez Jr.,35:28,27,6,6,15,.600,0,2
20251206,MIA,Nikola Jović,30:49,12,2,6,10,.400,1,5
20251206,MIA,Simone Fontecchio,25:36,20,7,0,14,.571,0,0
20251206,MIA,Keshad Johnson,14:25,3,5,0,2,.500,0,0
20251206,MIA,Jahmir Young,7:39,0,1,1,1,.000,1,1
20251206,LAC,James Harden,38:57,34,5,6,18,.556,4,4
20251206,LAC,Ivica Zubac,38:25,15,13,2,14,.500,0,3
20251206,LAC,Kris Dunn,36:17,8,6,4,11,.273,3,1
20251206,LAC,Kawhi Leonard,31:22,20,3,2,17,.471,0,0
20251206,LAC,John Collins,29:40,12,2,0,7,.714,1,0
20251206,LAC,Bogdan Bogdanović,22:51,9,1,2,7,.571,0,0
20251206,LAC,Nicolas Batum,17:25,3,4,0,3,.333,0,0
20251206,LAC,Kobe Sanders,15:31,2,1,0,3,.333,0,1
20251206,LAC,Brook Lopez,9:32,3,0,0,5,.200,0,1
20251206,MIN,Anthony Edwards,37:12,15,6,4,11,.273,1,5
20251206,MIN,Jaden McDaniels,37:05,27,1,2,13,.769,2,2
20251206,MIN,Rudy Gobert,32:42,4,7,2,1,1.000,0,2
20251206,MIN,Julius Randle,32:40,24,3,6,15,.400,0,2
20251206,MIN,Donte DiVincenzo,24:41,5,4,4,6,.333,1,0
20251206,MIN,Naz Reid,27:53,19,9,3,11,.636,0,2
20251206,MIN,Mike Conley,18:00,5,2,0,2,.500,1,0
20251206,MIN,Jaylen Clark,16:15,8,3,0,5,.600,1,0
20251206,MIN,Rob Dillingham,8:37,0,0,2,1,.000,0,0
20251206,MIN,Terrence Shannon Jr.,4:52,2,0,0,3,.333,0,0
20251206,MIN,Joe Ingles,0:03,0,0,0,0,,0,0
20251206,HOU,Jabari Smith Jr.,40:54,22,8,3,19,.526,1,1
20251206,HOU,Amen Thompson,33:04,7,6,6,11,.182,3,6
20251206,HOU,Kevin Durant,31:16,27,1,3,20,.550,0,1
20251206,HOU,Clint Capela,29:57,8,8,1,7,.571,0,2
20251206,HOU,Josh Okogie,23:20,7,6,0,3,.667,2,2
20251206,HOU,Aaron Holiday,26:47,19,2,0,12,.583,1,2
20251206,HOU,Reed Sheppard,20:14,12,2,3,8,.625,0,3
20251206,HOU,Jae'Sean Tate,17:16,5,3,3,4,.500,1,1
20251206,HOU,JD Davison,8:40,0,1,2,1,.000,0,0
20251206,HOU,Jeff Green,6:26,2,0,1,1,1.000,0,0
20251206,HOU,Isaiah Crawford,2:06,0,0,0,1,.000,0,0
20251206,DAL,P.J. Washington,36:27,14,7,1,13,.462,5,2
20251206,DAL,Cooper Flagg,35:41,19,5,3,15,.467,2,0
20251206,DAL,Anthony Davis,30:16,29,8,2,19,.737,2,0
20251206,DAL,Naji Marshall,28:11,15,2,2,8,.750,1,1
20251206,DAL,Ryan Nembhard,23:15,11,1,7,7,.714,1,2
20251206,DAL,Brandon Williams,23:06,20,1,5,12,.667,2,0
20251206,DAL,Max Christie,22:42,6,2,0,2,.500,0,2
20251206,DAL,Dwight Powell,17:44,4,3,0,1,1.000,0,2
20251206,DAL,D'Angelo Russell,12:55,4,1,2,3,.333,0,3
20251206,DAL,Jaden Hardy,6:39,0,0,0,2,.000,0,0
20251206,DAL,Moussa Cisse,1:32,0,1,0,0,,0,0
20251206,DAL,Caleb Martin,1:32,0,0,0,0,,0,0
20251207,ORL,Desmond Bane,33:37,16,6,4,15,.467,1,0
20251207,ORL,Wendell Carter Jr.,33:27,8,7,3,8,.250,0,0
20251207,ORL,Jalen Suggs,31:47,17,3,4,16,.375,2,2
20251207,ORL,Paolo Banchero,24:28,16,1,2,11,.364,0,1
20251207,ORL,Franz Wagner,7:17,7,3,1,4,.750,1,0
20251207,ORL,Anthony Black,30:29,14,11,4,16,.375,0,4
20251207,ORL,Tyus Jones,20:32,6,1,2,5,.400,1,1
20251207,ORL,Tristan Da Silva,17:48,0,5,1,7,.000,1,1
20251207,ORL,Goga Bitadze,12:29,2,3,0,1,1.000,0,0
20251207,ORL,Jonathan Isaac,10:47,4,2,0,1,1.000,0,1
20251207,ORL,Noah Penda,5:52,2,4,2,2,.500,0,1
20251207,ORL,Jase Richardson,5:44,8,1,0,6,.500,1,0
20251207,ORL,Jett Howard,5:43,0,1,0,2,.000,0,0
20251207,NYK,Jalen Brunson,37:40,30,2,9,23,.435,0,2
20251207,NYK,Mikal Bridges,34:14,12,6,7,17,.353,1,2
20251207,NYK,Josh Hart,33:35,17,12,1,13,.538,2,0
20251207,NYK,OG Anunoby,27:39,21,7,0,14,.571,3,0
20251207,NYK,Mitchell Robinson,24:35,6,13,2,4,.750,1,1
20251207,NYK,Ariel Hukporti,22:41,6,7,2,2,.500,1,1
20251207,NYK,Miles McBride,21:16,4,1,2,7,.143,0,1
20251207,NYK,Jordan Clarkson,17:02,0,2,0,5,.000,0,2
20251207,NYK,Guerschon Yabusele,10:39,8,2,0,3,.667,0,1
20251207,NYK,Tyler Kolek,8:07,2,0,1,2,.500,0,1
20251207,NYK,Mohamed Diawara,1:16,0,0,0,1,.000,0,0
20251207,NYK,Tosan Evbuomwan,1:16,0,0,0,0,,0,0
20251207,BOS,Jaylen Brown,38:52,30,8,5,19,.474,1,3
20251207,BOS,Payton Pritchard,37:52,15,4,6,12,.500,1,0
20251207,BOS,Derrick White,37:17,27,4,5,21,.476,0,5
20251207,BOS,Neemias Queta,33:40,11,11,4,7,.571,1,2
20251207,BOS,Jordan Walsh,25:58,9,6,0,8,.500,3,0
20251207,BOS,Sam Hauser,26:13,9,3,0,7,.429,1,0
20251207,BOS,Anfernee Simons,20:39,12,3,2,14,.357,0,0
20251207,BOS,Josh Minott,10:47,3,0,2,1,1.000,0,1
20251207,BOS,Baylor Scheierman,6:16,0,1,0,1,.000,1,0
20251207,BOS,Hugo González,2:26,5,1,0,2,1.000,0,0
20251207,TOR,Scottie Barnes,37:16,18,11,8,12,.500,1,2
20251207,TOR,Brandon Ingram,35:13,30,4,3,20,.550,0,4
20251207,TOR,Immanuel Quickley,31:19,11,1,5,9,.444,1,1
20251207,TOR,Jakob Poeltl,24:49,10,4,0,9,.444,0,0
20251207,TOR,Ja'Kobe Walter,11:53,0,0,1,2,.000,0,1
20251207,TOR,Sandro Mamukelashvili,23:16,14,6,0,10,.600,0,1
20251207,TOR,Jamal Shead,22:25,9,4,3,10,.400,2,2
20251207,TOR,Ochai Agbaji,22:14,11,3,0,7,.571,0,0
20251207,TOR,A.J. Lawson,13:27,10,5,0,8,.500,0,0
20251207,TOR,Gradey Dick,7:28,0,2,1,0,,0,0
20251207,TOR,Collin Murray-Boyles,6:15,0,2,1,0,,0,1
20251207,TOR,Alijah Martin,4:25,0,0,0,1,.000,1,0
20251207,DEN,Cameron Johnson,38:38,8,4,3,7,.286,0,0
20251207,DEN,Jamal Murray,35:28,34,3,5,25,.560,1,0
20251207,DEN,Nikola Jokić,34:50,28,9,11,16,.688,1,4
20251207,DEN,Peyton Watson,30:25,10,8,1,9,.444,0,4
20251207,DEN,Spencer Jones,24:37,8,2,1,5,.600,2,1
20251207,DEN,Tim Hardaway Jr.,26:55,14,1,2,6,.500,2,0
20251207,DEN,Bruce Brown,19:54,0,0,0,3,.000,0,0
20251207,DEN,Jalen Pickett,16:03,5,4,3,3,.667,1,0
20251207,DEN,Jonas Valančiūnas,13:10,8,4,3,9,.444,1,1
20251207,CHO,Miles Bridges,36:54,24,9,8,19,.526,1,3
20251207,CHO,Kon Knueppel,33:28,14,4,4,13,.385,1,2
20251207,CHO,Brandon Miller,29:32,17,5,5,19,.263,1,5
20251207,CHO,KJ Simpson,29:18,16,5,1,14,.429,1,0
20251207,CHO,Ryan Kalkbrenner,24:31,6,6,0,4,.750,0,1
20251207,CHO,Sion James,25:52,7,2,1,6,.333,1,1
20251207,CHO,Mason Plumlee,21:55,4,6,2,2,.500,1,1
20251207,CHO,Liam McNeeley,19:33,13,4,2,5,.800,1,0
20251207,CHO,Tidjane Salaün,15:51,5,6,1,3,.667,0,0
20251207,CHO,Antonio Reeves,3:07,0,0,0,0,,0,0
20251207,POR,Toumani Camara,32:44,13,6,1,13,.385,3,3
20251207,POR,Jerami Grant,32:08,21,7,3,16,.313,0,2
20251207,POR,Deni Avdija,30:43,17,7,7,14,.500,3,5
20251207,POR,Sidy Cissoko,23:41,6,4,0,6,.333,0,4
20251207,POR,Yang Hansen,19:13,4,5,2,5,.400,0,2
20251207,POR,Shaedon Sharpe,26:41,17,2,2,11,.455,1,6
20251207,POR,Kris Murray,21:51,2,3,1,1,1.000,1,0
20251207,POR,Caleb Love,20:07,4,2,3,7,.286,0,2
20251207,POR,Duop Reath,19:03,12,2,1,6,.667,0,1
20251207,POR,Rayan Rupert,10:34,0,1,0,3,.000,0,0
20251207,POR,Javonte Cooke,3:15,0,1,1,1,.000,0,0
20251207,MEM,Jaylen Wells,25:40,16,5,3,8,.500,2,0
20251207,MEM,Cedric Coward,24:39,11,6,3,12,.417,0,3
20251207,MEM,Jaren Jackson Jr.,23:50,6,3,4,10,.300,3,1
20251207,MEM,Zach Edey,21:56,12,10,3,11,.455,0,6
20251207,MEM,Vince Williams Jr.,16:13,5,2,0,6,.333,0,3
20251207,MEM,Cam Spencer,31:47,12,3,6,9,.444,4,4
20251207,MEM,Santi Aldama,28:08,22,7,1,11,.636,2,0
20251207,MEM,Kentavious Caldwell-Pope,23:21,16,2,5,8,.625,2,2
20251207,MEM,Jock Landale,21:01,15,8,2,7,.571,2,3
20251207,MEM,John Konchar,17:19,2,3,1,4,.250,3,0
20251207,MEM,Olivier-Maxence Prosper,3:03,2,2,0,2,.000,0,0
20251207,MEM,Jahmai Mashack,3:03,0,0,0,1,.000,0,0
20251207,GSW,Jimmy Butler,28:48,19,8,6,10,.500,2,2
20251207,GSW,Pat Spencer,27:10,12,5,6,10,.600,1,4
20251207,GSW,Quinten Post,26:00,19,4,1,14,.500,1,0
20251207,GSW,Will Richard,24:11,9,4,0,5,.600,1,0
20251207,GSW,Buddy Hield,22:26,9,7,1,10,.400,1,1
20251207,GSW,Brandin Podziemski,28:55,21,8,7,13,.538,2,3
20251207,GSW,Trayce Jackson-Davis,22:01,4,3,2,2,1.000,0,0
20251207,GSW,Gui Santos,19:34,6,7,2,8,.375,1,2
20251207,GSW,Moses Moody,19:14,11,4,1,6,.500,0,0
20251207,GSW,De'Anthony Melton,17:25,13,1,1,9,.444,2,3
20251207,GSW,Gary Payton II,4:17,0,0,0,1,.000,0,0
20251207,CHI,Josh Giddey,34:57,18,3,5,15,.400,1,4
20251207,CHI,Ayo Dosunmu,27:20,4,4,5,6,.167,0,1
20251207,CHI,Coby White,24:37,12,1,1,10,.300,0,4
20251207,CHI,Matas Buzelis,24:32,16,3,1,12,.583,3,2
20251207,CHI,Nikola Vučević,24:20,9,6,3,13,.308,1,2
20251207,CHI,Jevon Carter,21:42,13,1,2,8,.500,3,1
20251207,CHI,Patrick Williams,20:11,3,6,2,6,.167,2,0
20251207,CHI,Zach Collins,18:50,3,4,1,7,.143,0,0
20251207,CHI,Dalen Terry,17:38,4,3,3,3,.667,2,0
20251207,CHI,Julian Phillips,12:22,5,2,1,3,.333,0,0
20251207,CHI,Lachlan Olbrich,4:50,0,3,0,1,.000,0,0
20251207,CHI,Trentyn Flowers,4:21,4,1,0,3,.667,0,1
20251207,CHI,Emanuel Miller,4:21,0,1,0,2,.000,0,0
20251207,LAL,Austin Reaves,39:08,11,4,4,16,.188,1,2
20251207,LAL,Luka Dončić,38:57,31,15,11,24,.375,0,5
20251207,LAL,Rui Hachimura,36:06,17,6,1,12,.583,0,0
20251207,LAL,LeBron James,34:12,29,7,6,17,.706,1,2
20251207,LAL,Deandre Ayton,31:25,14,12,2,7,1.000,1,0
20251207,LAL,Gabe Vincent,19:07,3,1,0,3,.333,0,0
20251207,LAL,Jake LaRavia,17:02,4,2,0,4,.250,0,1
20251207,LAL,Jaxson Hayes,16:31,3,5,0,1,1.000,0,0
20251207,LAL,Adou Thiero,4:24,0,0,0,0,,0,0
20251207,LAL,Jarred Vanderbilt,3:08,0,0,1,1,.000,0,0
20251207,PHI,Tyrese Maxey,38:48,28,7,9,24,.458,2,4
20251207,PHI,VJ Edgecombe,37:49,15,5,3,13,.385,0,1
20251207,PHI,Paul George,32:09,12,6,3,8,.375,1,1
20251207,PHI,Joel Embiid,30:16,16,7,2,21,.190,1,0
20251207,PHI,Dominick Barlow,23:51,7,4,0,7,.286,1,0
20251207,PHI,Quentin Grimes,29:15,7,8,3,7,.286,0,0
20251207,PHI,Andre Drummond,17:44,11,12,0,11,.455,0,0
20251207,PHI,Jabari Walker,17:13,4,4,0,4,.250,0,0
20251207,PHI,Jared McCain,12:55,8,1,1,7,.429,0,0
20251207,OKC,Ajay Mitchell,28:45,7,2,4,5,.400,0,1
20251207,OKC,Cason Wallace,25:24,6,2,4,5,.400,5,1
20251207,OKC,Jalen Williams,25:02,25,3,8,19,.579,2,0
20251207,OKC,Jaylin Williams,23:47,5,6,4,7,.286,1,2
20251207,OKC,Chet Holmgren,22:35,25,9,1,15,.800,1,3
20251207,OKC,Ousmane Dieng,25:52,14,2,3,7,.714,0,0
20251207,OKC,Kenrich Williams,24:23,11,7,6,7,.571,0,2
20251207,OKC,Branden Carlson,24:13,13,6,0,9,.556,0,1
20251207,OKC,Aaron Wiggins,20:06,19,3,1,9,.667,0,2
20251207,OKC,Brooks Barnhizer,11:30,3,1,0,2,.500,0,1
20251207,OKC,Chris Youngblood,8:23,3,3,1,3,.333,0,0
20251207,UTA,Kyle Filipowski,36:13,21,10,2,14,.714,3,1
20251207,UTA,Svi Mykhailiuk,33:21,6,1,1,3,.667,2,3
20251207,UTA,Ace Bailey,32:12,13,1,4,14,.357,1,3
20251207,UTA,Keyonte George,27:49,8,6,3,12,.250,0,6
20251207,UTA,Jusuf Nurkić,19:49,7,8,2,9,.333,0,1
20251207,UTA,Walter Clayton,29:17,20,2,9,12,.667,0,2
20251207,UTA,Taylor Hendricks,24:44,20,5,1,10,.600,0,0
20251207,UTA,Kevin Love,15:59,0,2,2,3,.000,0,1
20251207,UTA,Cody Williams,8:23,4,2,0,4,.500,0,0
20251207,UTA,Brice Sensabaugh,6:06,2,0,0,3,.333,0,0
20251207,UTA,Isaiah Collier,6:06,0,0,1,1,.000,0,0
20251208,SAC,Russell Westbrook,40:18,24,12,14,16,.625,2,3
20251208,SAC,Zach LaVine,38:00,16,2,3,13,.462,1,5
20251208,SAC,Keegan Murray,37:27,8,11,2,11,.273,0,2
20251208,SAC,DeMar DeRozan,36:04,20,5,3,16,.500,1,1
20251208,SAC,Maxime Raynaud,23:14,13,8,3,8,.625,0,3
20251208,SAC,Precious Achiuwa,20:58,11,5,2,9,.556,2,0
20251208,SAC,Keon Ellis,15:08,3,1,0,3,.333,0,0
20251208,SAC,Nique Clifford,14:08,7,2,0,6,.500,0,2
20251208,SAC,Malik Monk,9:10,0,4,1,5,.000,0,2
20251208,SAC,Drew Eubanks,5:33,3,1,0,1,.000,0,1
20251208,IND,Bennedict Mathurin,35:07,25,6,2,14,.500,1,1
20251208,IND,Pascal Siakam,34:35,23,5,4,21,.476,2,2
20251208,IND,Andrew Nembhard,32:44,28,4,12,18,.556,2,3
20251208,IND,Jay Huff,31:26,8,7,2,5,.200,2,1
20251208,IND,Ethan Thompson,27:46,6,5,0,4,.500,2,0
20251208,IND,Jarace Walker,18:26,12,3,1,5,.600,0,2
20251208,IND,Garrison Mathews,17:18,7,1,1,7,.286,0,0
20251208,IND,Isaiah Jackson,16:34,0,7,0,2,.000,3,2
20251208,IND,T.J. McConnell,15:37,4,1,3,9,.222,0,1
20251208,IND,Johnny Furphy,10:27,3,2,0,2,.500,2,1
20251208,PHO,Collin Gillespie,33:09,19,6,4,15,.400,0,1
20251208,PHO,Royce O'Neale,32:54,11,8,5,6,.667,2,2
20251208,PHO,Grayson Allen,32:43,12,3,4,16,.313,2,2
20251208,PHO,Dillon Brooks,30:45,18,2,2,20,.350,0,2
20251208,PHO,Mark Williams,28:35,22,7,3,9,.778,2,0
20251208,PHO,Jordan Goodwin,25:54,9,3,1,8,.500,1,1
20251208,PHO,Ryan Dunn,24:19,2,8,4,8,.125,0,0
20251208,PHO,Oso Ighodaro,19:16,10,5,2,6,.833,1,1
20251208,PHO,Jamaree Bouyea,12:25,5,1,1,2,1.000,0,0
20251208,MIN,Jaden McDaniels,39:53,4,6,3,7,.143,0,1
20251208,MIN,Anthony Edwards,38:03,40,9,2,21,.714,1,1
20251208,MIN,Julius Randle,37:17,21,3,8,11,.636,0,3
20251208,MIN,Donte DiVincenzo,27:22,2,4,4,7,.143,1,3
20251208,MIN,Rudy Gobert,20:59,15,8,1,9,.778,1,0
20251208,MIN,Naz Reid,30:07,6,9,0,12,.167,1,1
20251208,MIN,Bones Hyland,15:47,14,1,3,8,.625,1,3
20251208,MIN,Mike Conley,15:18,0,2,4,5,.000,0,1
20251208,MIN,Jaylen Clark,11:31,3,2,1,2,.500,0,0
20251208,MIN,Terrence Shannon Jr.,3:38,0,2,0,1,.000,0,0
20251208,MIN,Joe Ingles,0:06,0,0,0,0,,0,0
20251208,SAS,Harrison Barnes,35:07,24,2,1,15,.600,0,2
20251208,SAS,De'Aaron Fox,30:26,14,4,7,11,.364,1,4
20251208,SAS,Devin Vassell,27:14,5,3,3,5,.200,0,0
20251208,SAS,Luke Kornet,25:39,6,8,1,6,.500,0,1
20251208,SAS,Stephon Castle,23:03,18,5,5,15,.333,0,3
20251208,SAS,Julian Champagnie,28:53,17,6,3,9,.556,2,0
20251208,SAS,Dylan Harper,25:51,22,3,6,16,.625,0,2
20251208,SAS,Keldon Johnson,16:43,12,6,2,8,.625,0,0
20251208,SAS,Kelly Olynyk,14:56,11,2,1,7,.571,2,0
20251208,SAS,Carter Bryant,8:24,4,1,0,4,.500,0,0
20251208,SAS,Jeremy Sochan,3:44,2,3,0,2,.500,0,1
20251208,NOP,Trey Murphy III,37:48,32,3,4,21,.619,2,1
20251208,NOP,Saddiq Bey,36:14,17,6,2,11,.636,0,0
20251208,NOP,Derik Queen,33:07,33,10,10,15,.733,0,4
20251208,NOP,Herbert Jones,25:40,17,6,4,10,.600,4,0
20251208,NOP,Jeremiah Fears,20:42,5,3,4,8,.250,1,2
20251208,NOP,Jose Alvarado,31:11,10,3,6,7,.571,1,1
20251208,NOP,Bryce McGowens,23:31,8,1,2,5,.600,0,0
20251208,NOP,Micah Peavy,13:14,4,1,0,7,.286,0,0
20251208,NOP,Yves Missi,7:38,2,0,1,1,1.000,0,0
20251208,NOP,Karlo Matković,7:16,4,0,2,2,1.000,0,0
20251208,NOP,Jordan Hawkins,3:39,0,0,0,1,.000,0,1
20251209,MIA,Davion Mitchell,37:12,11,2,9,8,.500,1,2
20251209,MIA,Bam Adebayo,35:33,19,8,2,14,.500,1,0
20251209,MIA,Andrew Wiggins,35:25,19,2,2,14,.571,1,1
20251209,MIA,Tyler Herro,34:27,20,7,3,17,.412,0,1
20251209,MIA,Norman Powell,34:00,21,7,2,19,.421,3,1
20251209,MIA,Jaime Jaquez Jr.,24:26,10,3,3,12,.417,0,1
20251209,MIA,Kel'el Ware,12:27,4,6,0,1,1.000,0,0
20251209,MIA,Pelle Larsson,10:31,2,2,1,2,.500,0,1
20251209,MIA,Dru Smith,8:06,2,2,1,1,1.000,2,0
20251209,MIA,Simone Fontecchio,7:53,0,0,2,5,.000,0,1
20251209,ORL,Desmond Bane,38:02,37,6,5,24,.583,1,1
20251209,ORL,Anthony Black,34:03,10,3,7,15,.333,1,2
20251209,ORL,Paolo Banchero,32:00,18,7,4,13,.385,0,3
20251209,ORL,Jalen Suggs,31:00,20,3,4,13,.538,2,4
20251209,ORL,Wendell Carter Jr.,30:54,14,10,3,8,.750,1,0
20251209,ORL,Tristan Da Silva,27:42,11,7,2,9,.444,0,3
20251209,ORL,Goga Bitadze,17:06,7,6,1,4,.750,0,2
20251209,ORL,Tyus Jones,17:00,0,2,4,1,.000,0,1
20251209,ORL,Jonathan Isaac,12:13,0,3,0,0,,0,0
20251209,NYK,Jalen Brunson,39:12,35,3,4,19,.684,0,3
20251209,NYK,Josh Hart,36:14,21,6,4,11,.727,2,3
20251209,NYK,Mikal Bridges,36:05,15,5,4,14,.429,2,0
20251209,NYK,OG Anunoby,35:59,13,6,1,11,.364,2,3
20251209,NYK,Karl-Anthony Towns,30:48,14,16,1,11,.364,1,1
20251209,NYK,Jordan Clarkson,26:22,12,3,0,10,.500,0,1
20251209,NYK,Mitchell Robinson,15:59,2,5,4,0,,1,2
20251209,NYK,Tyler Kolek,7:31,2,1,1,1,1.000,1,0
20251209,NYK,Guerschon Yabusele,6:58,0,2,0,1,.000,0,0
20251209,NYK,Kevin McCullar Jr.,1:13,3,1,0,1,1.000,0,0
20251209,NYK,Mohamed Diawara,1:13,0,0,0,1,.000,0,0
20251209,NYK,Tosan Evbuomwan,1:13,0,0,0,0,,0,0
20251209,NYK,Ariel Hukporti,1:13,0,0,0,0,,0,0
20251209,TOR,Brandon Ingram,38:37,31,6,6,18,.611,2,3
20251209,TOR,Scottie Barnes,37:27,13,5,4,18,.333,2,2
20251209,TOR,Jamal Shead,33:33,18,3,8,15,.400,1,1
20251209,TOR,Ochai Agbaji,25:38,3,4,1,4,.250,1,0
20251209,TOR,Jakob Poeltl,24:49,10,9,3,7,.714,2,2
20251209,TOR,Collin Murray-Boyles,21:31,6,5,3,6,.500,0,1
20251209,TOR,Ja'Kobe Walter,18:20,13,1,0,8,.625,0,0
20251209,TOR,Sandro Mamukelashvili,15:00,2,2,1,4,.250,1,1
20251209,TOR,Chucky Hepburn,8:23,0,0,2,3,.000,0,1
20251209,TOR,Gradey Dick,7:35,0,1,0,3,.000,0,2
20251209,TOR,A.J. Lawson,2:53,2,0,0,2,.000,0,0
20251209,TOR,Jonathan Mogbo,2:05,3,1,0,1,1.000,0,0
20251209,TOR,Alijah Martin,2:05,0,0,0,0,,0,0
20251209,TOR,Garrett Temple,2:05,0,0,0,1,.000,0,0
20251210,PHO,Royce O'Neale,26:27,4,4,1,7,.286,2,5
20251210,PHO,Dillon Brooks,26:17,16,2,1,16,.250,0,0
20251210,PHO,Collin Gillespie,25:34,2,4,3,5,.200,3,4
20251210,PHO,Grayson Allen,21:53,10,1,4,9,.333,1,1
20251210,PHO,Mark Williams,19:02,9,5,1,5,.400,1,0
20251210,PHO,Jamaree Bouyea,28:12,14,2,6,9,.667,1,2
20251210,PHO,Oso Ighodaro,19:04,6,5,3,7,.429,0,1
20251210,PHO,Jordan Goodwin,18:53,15,3,1,12,.500,2,2
20251210,PHO,Ryan Dunn,16:15,4,2,2,4,.500,1,3
20251210,PHO,Nigel Hayes-Davis,12:00,0,1,0,2,.000,0,0
20251210,PHO,Rasheer Fleming,9:35,7,0,0,5,.600,1,0
20251210,PHO,Khaman Maluach,9:35,2,3,1,3,.333,0,0
20251210,PHO,Nick Richards,7:13,0,5,1,0,,0,2
20251210,OKC,Shai Gilgeous-Alexander,26:50,28,2,8,15,.733,2,4
20251210,OKC,Chet Holmgren,24:38,24,8,2,13,.692,0,0
20251210,OKC,Jalen Williams,22:49,15,5,5,8,.625,1,3
20251210,OKC,Luguentz Dort,21:40,12,4,1,8,.500,0,0
20251210,OKC,Cason Wallace,18:38,9,4,2,5,.800,4,0
20251210,OKC,Aaron Wiggins,21:47,6,3,1,7,.286,2,2
20251210,OKC,Jaylin Williams,21:24,2,6,6,3,.333,1,0
20251210,OKC,Ajay Mitchell,18:43,9,2,4,5,.600,1,1
20251210,OKC,Kenrich Williams,17:10,5,2,1,7,.286,0,2
20251210,OKC,Alex Caruso,12:46,3,1,1,3,.333,3,2
20251210,OKC,Branden Carlson,12:00,11,2,0,5,1.000,0,0
20251210,OKC,Ousmane Dieng,12:00,11,3,0,6,.667,0,0
20251210,OKC,Chris Youngblood,9:35,3,1,1,3,.333,0,0
20251210,SAS,Luke Kornet,33:01,10,8,1,3,.333,0,0
20251210,SAS,Harrison Barnes,32:33,16,3,1,12,.417,1,1
20251210,SAS,De'Aaron Fox,31:29,20,4,3,17,.471,2,1
20251210,SAS,Devin Vassell,30:45,8,4,5,10,.200,3,1
20251210,SAS,Stephon Castle,26:34,30,10,6,14,.714,0,4
20251210,SAS,Julian Champagnie,28:44,16,7,2,8,.750,1,1
20251210,SAS,Keldon Johnson,22:11,17,8,0,9,.556,1,0
20251210,SAS,Dylan Harper,20:13,13,3,3,12,.500,1,2
20251210,SAS,Kelly Olynyk,12:12,2,2,4,1,.000,0,0
20251210,SAS,Jordan McLaughlin,1:09,0,0,0,0,,0,0
20251210,SAS,Lindy Waters III,1:09,0,1,0,0,,0,0
20251210,LAL,Luka Dončić,40:56,35,5,8,24,.458,1,3
20251210,LAL,Austin Reaves,39:49,15,8,7,16,.375,0,3
20251210,LAL,LeBron James,36:26,19,15,8,14,.500,0,3
20251210,LAL,Rui Hachimura,30:50,8,1,1,4,.750,0,0
20251210,LAL,Deandre Ayton,25:39,11,8,1,9,.556,1,0
20251210,LAL,Marcus Smart,28:13,26,3,1,16,.563,0,1
20251210,LAL,Gabe Vincent,14:19,0,0,0,1,.000,0,0
20251210,LAL,Jaxson Hayes,11:36,2,3,0,1,1.000,0,0
20251210,LAL,Jake LaRavia,8:45,0,0,1,1,.000,1,1
20251210,LAL,Dalton Knecht,1:09,3,0,0,1,1.000,0,0
20251210,LAL,Bronny James,1:09,0,0,0,0,,0,0
20251210,LAL,Adou Thiero,1:09,0,0,0,0,,1,0
20251211,LAC,Kawhi Leonard,40:48,24,9,4,22,.409,5,1
20251211,LAC,James Harden,40:22,22,3,7,18,.389,3,4
20251211,LAC,Ivica Zubac,34:32,33,7,1,14,.929,1,1
20251211,LAC,Kris Dunn,25:51,9,1,6,7,.429,2,3
20251211,LAC,John Collins,23:32,9,0,2,7,.429,2,2
20251211,LAC,Nicolas Batum,27:49,6,3,2,5,.400,0,2
20251211,LAC,Bogdan Bogdanović,24:22,10,5,2,4,.500,1,0
20251211,LAC,Brook Lopez,13:28,0,0,0,1,.000,1,0
20251211,LAC,Kobe Sanders,9:16,0,0,1,0,,0,2
20251211,HOU,Amen Thompson,41:27,20,9,8,12,.667,1,1
20251211,HOU,Jabari Smith Jr.,36:55,18,10,4,14,.429,1,4
20251211,HOU,Kevin Durant,36:43,16,1,3,14,.357,0,5
20251211,HOU,Alperen Şengün,36:02,22,15,5,22,.409,4,5
20251211,HOU,Josh Okogie,21:02,8,3,2,6,.500,1,0
20251211,HOU,Reed Sheppard,26:01,10,4,2,9,.444,0,1
20251211,HOU,Steven Adams,17:55,4,6,2,4,.500,2,1
20251211,HOU,Aaron Holiday,17:25,13,1,0,9,.444,0,1
20251211,HOU,Clint Capela,6:30,4,2,0,3,.667,0,0
20251211,BOS,Jordan Walsh,32:02,20,8,0,10,.800,3,1
20251211,BOS,Payton Pritchard,30:41,11,5,7,14,.286,0,0
20251211,BOS,Derrick White,29:18,11,2,3,12,.250,0,4
20251211,BOS,Jaylen Brown,28:47,30,3,3,17,.588,0,4
20251211,BOS,Neemias Queta,25:24,9,10,0,6,.500,0,1
20251211,BOS,Anfernee Simons,26:06,7,0,2,9,.222,1,0
20251211,BOS,Josh Minott,22:09,7,1,1,4,.500,2,1
20251211,BOS,Sam Hauser,21:49,0,7,1,10,.000,0,2
20251211,BOS,Hugo González,15:28,6,3,1,5,.400,1,0
20251211,BOS,Baylor Scheierman,8:16,0,0,0,1,.000,0,0
20251211,MIL,Kevin Porter Jr.,31:56,18,10,13,10,.600,1,3
20251211,MIL,Kyle Kuzma,30:48,31,6,0,17,.765,0,3
20251211,MIL,Myles Turner,28:22,4,3,0,6,.167,0,1
20251211,MIL,Gary Trent Jr.,27:47,13,2,1,9,.556,0,0
20251211,MIL,Ryan Rollins,25:42,10,2,7,10,.400,2,3
20251211,MIL,Gary Harris,32:34,0,2,2,3,.000,0,1
20251211,MIL,Bobby Portis,26:20,27,10,0,13,.846,1,0
20251211,MIL,Cole Anthony,18:54,9,3,5,6,.667,1,2
20251211,MIL,Jericho Sims,10:05,2,1,0,2,.500,0,2
20251211,MIL,Pete Nance,1:53,2,1,0,2,.500,0,0
20251211,MIL,Thanasis Antetokounmpo,1:53,0,0,0,1,.000,0,0
20251211,MIL,Amir Coffey,1:53,0,0,0,0,,0,0
20251211,MIL,Andre Jackson Jr.,1:53,0,0,0,0,,0,0
20251211,POR,Deni Avdija,31:57,16,6,6,15,.333,1,2
20251211,POR,Jerami Grant,30:49,16,5,1,19,.316,0,3
20251211,POR,Kris Murray,28:33,7,9,1,6,.333,2,2
20251211,POR,Toumani Camara,27:49,15,4,5,10,.500,1,1
20251211,POR,Shaedon Sharpe,27:15,21,3,3,14,.571,0,2
20251211,POR,Sidy Cissoko,31:59,20,4,2,12,.667,0,0
20251211,POR,Rayan Rupert,23:40,14,6,3,11,.545,1,1
20251211,POR,Caleb Love,21:44,9,1,4,9,.444,0,2
20251211,POR,Duop Reath,12:30,2,2,1,5,.200,0,1
20251211,POR,Javonte Cooke,3:44,0,1,1,1,.000,0,1
20251211,NOP,Derik Queen,34:40,17,5,7,12,.667,2,0
20251211,NOP,Trey Murphy III,31:04,24,6,4,14,.714,3,1
20251211,NOP,Saddiq Bey,29:26,15,8,5,14,.357,0,1
20251211,NOP,Jeremiah Fears,25:07,19,7,4,14,.643,1,3
20251211,NOP,Herbert Jones,14:27,4,5,0,8,.250,0,0
20251211,NOP,Bryce McGowens,29:52,23,7,2,11,.727,2,0
20251211,NOP,Jordan Poole,25:48,22,1,3,19,.421,1,1
20251211,NOP,Jose Alvarado,22:52,4,5,9,8,.250,0,2
20251211,NOP,Yves Missi,13:21,5,8,0,4,.500,1,0
20251211,NOP,Micah Peavy,10:30,5,3,1,3,.667,0,0
20251211,NOP,Jordan Hawkins,1:27,3,0,0,3,.333,0,0
20251211,NOP,Karlo Matković,1:27,2,2,1,2,.500,0,0
20251211,DEN,Cameron Johnson,32:34,16,3,1,13,.462,1,1
20251211,DEN,Nikola Jokić,29:03,36,12,8,16,.875,2,1
20251211,DEN,Jamal Murray,25:42,11,3,9,13,.308,2,1
20251211,DEN,Peyton Watson,22:49,21,2,1,10,.700,0,2
20251211,DEN,Spencer Jones,21:46,2,3,1,1,1.000,0,0
20251211,DEN,Bruce Brown,26:14,8,5,7,5,.400,1,3
20251211,DEN,Jalen Pickett,24:58,6,5,4,6,.333,2,2
20251211,DEN,Tim Hardaway Jr.,24:42,11,5,2,11,.455,0,0
20251211,DEN,Jonas Valančiūnas,18:57,15,6,2,7,1.000,0,2
20251211,DEN,Hunter Tyson,7:04,8,0,0,4,.750,0,0
20251211,DEN,Zeke Nnaji,6:11,2,2,0,2,.500,1,0
20251211,SAC,Maxime Raynaud,36:36,15,9,1,13,.538,1,1
20251211,SAC,Nique Clifford,28:24,2,4,0,8,.125,0,4
20251211,SAC,Keegan Murray,27:31,15,6,1,13,.538,2,1
20251211,SAC,Russell Westbrook,26:40,17,3,5,11,.455,0,2
20251211,SAC,DeMar DeRozan,21:11,11,3,1,7,.571,1,0
20251211,SAC,Keon Ellis,31:22,8,2,4,9,.333,4,1
20251211,SAC,Malik Monk,30:07,18,4,5,11,.455,1,5
20251211,SAC,Devin Carter,21:06,15,1,4,10,.500,0,2
20251211,SAC,Precious Achiuwa,9:55,4,6,0,4,.500,0,0
20251211,SAC,Drew Eubanks,3:51,0,0,0,0,,0,0
20251211,SAC,Doug McDermott,3:17,0,0,0,1,.000,0,0
20251212,CHI,Josh Giddey,34:13,26,7,11,17,.588,1,3
20251212,CHI,Coby White,29:39,20,5,2,15,.400,0,2
20251212,CHI,Isaac Okoro,26:10,15,3,1,11,.636,0,0
20251212,CHI,Matas Buzelis,23:42,10,0,1,8,.625,0,0
20251212,CHI,Nikola Vučević,21:38,13,3,4,8,.750,0,1
20251212,CHI,Patrick Williams,26:10,16,5,1,8,.750,1,2
20251212,CHI,Tre Jones,24:58,6,2,5,9,.333,0,1
20251212,CHI,Zach Collins,19:55,16,8,2,7,.857,0,1
20251212,CHI,Jalen Smith,16:48,5,10,1,9,.222,1,0
20251212,CHI,Dalen Terry,13:33,2,1,1,2,.500,0,1
20251212,CHI,Julian Phillips,3:14,0,0,0,0,,0,0
20251212,CHO,Kon Knueppel,36:03,33,5,9,21,.571,0,2
20251212,CHO,Brandon Miller,34:12,18,5,4,22,.364,1,3
20251212,CHO,Miles Bridges,33:56,32,2,7,20,.650,0,0
20251212,CHO,Ryan Kalkbrenner,31:07,10,6,2,6,.833,0,1
20251212,CHO,KJ Simpson,25:18,10,5,3,9,.444,1,1
20251212,CHO,Sion James,25:52,14,4,1,9,.556,0,1
20251212,CHO,Josh Green,17:23,2,0,1,2,.500,1,0
20251212,CHO,Tidjane Salaün,17:19,5,2,3,5,.400,2,0
20251212,CHO,Moussa Diabaté,12:40,2,3,0,2,.500,0,0
20251212,CHO,Drew Peterson,6:10,0,0,0,1,.000,0,0
20251212,ATL,Jalen Johnson,33:34,19,11,12,19,.368,2,6
20251212,ATL,Dyson Daniels,33:34,18,10,5,10,.600,1,3
20251212,ATL,Nickeil Alexander-Walker,30:32,22,2,0,14,.429,0,2
20251212,ATL,Onyeka Okongwu,27:57,14,3,3,10,.400,2,5
20251212,ATL,Zaccharie Risacher,27:24,10,3,2,8,.625,2,2
20251212,ATL,Vít Krejčí,28:33,8,2,2,7,.429,2,2
20251212,ATL,Mouhamed Gueye,17:07,8,2,0,5,.400,0,0
20251212,ATL,Asa Newell,16:35,10,3,1,5,.800,0,0
20251212,ATL,Luke Kennard,15:17,0,0,3,2,.000,0,0
20251212,ATL,Keaton Wallace,9:28,6,1,0,5,.400,0,0
20251212,DET,Jalen Duren,24:16,14,7,2,10,.600,1,0
20251212,DET,Cade Cunningham,22:30,15,1,6,10,.500,2,1
20251212,DET,Duncan Robinson,21:10,15,4,2,10,.500,0,1
20251212,DET,Ausar Thompson,21:07,12,6,1,9,.556,2,3
20251212,DET,Tobias Harris,21:05,9,3,1,9,.444,3,1
20251212,DET,Ron Holland,24:33,12,5,3,3,1.000,1,2
20251212,DET,Caris LeVert,23:03,10,1,8,6,.500,2,1
20251212,DET,Isaiah Stewart,21:09,17,5,5,9,.778,0,0
20251212,DET,Javonte Green,20:06,9,1,0,7,.429,3,0
20251212,DET,Jaden Ivey,18:42,10,2,4,8,.625,2,1
20251212,DET,Daniss Jenkins,13:12,8,2,1,4,.500,0,1
20251212,DET,Paul Reed,4:57,4,3,0,3,.667,0,1
20251212,DET,Marcus Sasser,4:10,7,0,1,3,1.000,0,0
20251212,IND,Andrew Nembhard,35:12,18,5,7,15,.400,1,2
20251212,IND,Pascal Siakam,33:48,20,5,2,18,.444,1,1
20251212,IND,Ethan Thompson,32:46,12,2,3,10,.400,0,0
20251212,IND,Bennedict Mathurin,29:47,7,5,2,8,.250,0,1
20251212,IND,Jay Huff,27:32,13,4,2,12,.333,0,0
20251212,IND,Garrison Mathews,23:22,8,4,2,6,.333,0,0
20251212,IND,Jarace Walker,18:12,3,7,1,4,.250,1,2
20251212,IND,T.J. McConnell,17:12,15,2,5,11,.636,2,0
20251212,IND,Isaiah Jackson,11:47,7,9,1,8,.375,0,1
20251212,IND,Tony Bradley,8:41,2,2,1,2,.500,1,0
20251212,IND,Johnny Furphy,1:41,0,1,0,2,.000,0,0
20251212,PHI,VJ Edgecombe,39:28,22,4,5,10,.600,2,0
20251212,PHI,Quentin Grimes,38:56,10,9,4,9,.333,1,1
20251212,PHI,Dominick Barlow,34:18,10,8,1,8,.500,0,0
20251212,PHI,Paul George,33:07,23,6,5,17,.471,1,4
20251212,PHI,Joel Embiid,31:56,39,9,3,23,.522,1,3
20251212,PHI,Justin Edwards,18:37,0,2,3,5,.000,0,0
20251212,PHI,Andre Drummond,16:04,0,9,1,1,.000,0,1
20251212,PHI,Jared McCain,13:52,5,1,0,6,.333,1,1
20251212,PHI,Jabari Walker,13:42,6,2,0,0,,0,2
20251212,CLE,Evan Mobley,36:14,23,13,6,17,.412,0,0
20251212,CLE,Darius Garland,35:19,18,3,6,17,.353,2,2
20251212,CLE,Donovan Mitchell,35:14,48,4,4,31,.548,2,3
20251212,CLE,Jaylon Tyson,30:54,13,6,3,5,.600,0,0
20251212,CLE,De'Andre Hunter,27:07,15,4,0,14,.286,0,0
20251212,CLE,Lonzo Ball,24:04,5,3,2,6,.167,3,0
20251212,CLE,Dean Wade,22:40,2,5,2,2,.000,2,0
20251212,CLE,Craig Porter Jr.,10:48,4,5,4,2,1.000,2,1
20251212,CLE,Nae'Qwan Tomlin,10:05,0,3,1,2,.000,0,0
20251212,CLE,Thomas Bryant,7:35,2,2,0,1,1.000,0,1
20251212,WAS,Bub Carrington,41:28,27,6,8,20,.500,1,3
20251212,WAS,CJ McCollum,36:39,27,4,6,20,.450,1,1
20251212,WAS,Marvin Bagley III,33:17,15,13,4,10,.600,0,2
20251212,WAS,Kyshawn George,26:20,15,2,3,10,.500,1,2
20251212,WAS,Justin Champagnie,17:54,3,7,1,4,.250,1,0
20251212,WAS,Jamir Watkins,29:29,15,8,1,7,.857,0,2
20251212,WAS,Will Riley,23:26,7,3,4,2,.500,1,2
20251212,WAS,Tre Johnson,16:44,3,1,1,6,.167,1,1
20251212,WAS,Tristan Vukcevic,14:43,14,5,1,7,.429,0,3
20251212,UTA,Lauri Markkanen,35:36,26,9,2,22,.409,1,5
20251212,UTA,Keyonte George,33:48,39,6,8,20,.600,2,3
20251212,UTA,Ace Bailey,31:27,8,4,0,12,.333,0,1
20251212,UTA,Jusuf Nurkić,27:30,13,17,7,9,.667,1,1
20251212,UTA,Svi Mykhailiuk,23:41,6,3,3,5,.400,0,1
20251212,UTA,Isaiah Collier,23:58,5,2,8,6,.333,0,2
20251212,UTA,Kevin Love,20:24,20,8,1,15,.533,1,0
20251212,UTA,Kyle Filipowski,18:38,2,4,1,5,.200,0,0
20251212,UTA,Brice Sensabaugh,17:28,11,3,2,8,.500,1,0
20251212,UTA,Walter Clayton,7:30,0,2,1,2,.000,0,0
20251212,MEM,Santi Aldama,35:46,22,7,2,15,.533,1,0
20251212,MEM,Jaylen Wells,32:32,19,5,1,13,.462,1,2
20251212,MEM,Cedric Coward,29:23,17,12,6,11,.636,0,1
20251212,MEM,Jaren Jackson Jr.,26:35,12,5,3,13,.462,0,1
20251212,MEM,Ja Morant,25:14,21,4,10,20,.350,0,4
20251212,MEM,Jock Landale,27:18,8,9,1,7,.429,0,0
20251212,MEM,Cam Spencer,25:18,20,2,4,6,1.000,0,0
20251212,MEM,Kentavious Caldwell-Pope,22:29,7,2,5,10,.300,2,1
20251212,MEM,Vince Williams Jr.,15:25,0,3,0,4,.000,0,1
20251212,BRK,Nic Claxton,34:34,14,10,4,12,.417,1,0
20251212,BRK,Michael Porter Jr.,34:29,34,4,3,20,.600,0,4
20251212,BRK,Noah Clowney,32:56,11,4,4,13,.385,2,4
20251212,BRK,Terance Mann,27:14,12,4,7,8,.500,2,2
20251212,BRK,Egor Dёmin,18:10,3,1,1,7,.143,2,2
20251212,BRK,Danny Wolf,26:52,17,7,1,10,.600,1,2
20251212,BRK,Ziaire Williams,25:20,3,3,1,4,.250,0,0
20251212,BRK,Tyrese Martin,15:30,11,3,1,7,.571,0,1
20251212,BRK,Day'Ron Sharpe,13:26,6,6,3,3,.333,0,1
20251212,BRK,Nolan Traoré,8:48,0,1,0,2,.000,0,0
20251212,BRK,Drake Powell,2:41,0,0,1,0,,0,1
20251212,DAL,Cooper Flagg,34:27,22,5,8,16,.625,1,0
20251212,DAL,Anthony Davis,32:41,24,14,3,21,.476,3,3
20251212,DAL,Naji Marshall,32:10,17,1,4,9,.667,1,1
20251212,DAL,P.J. Washington,24:32,13,4,2,10,.400,1,3
20251212,DAL,Ryan Nembhard,20:48,0,2,5,4,.000,0,3
20251212,DAL,Max Christie,33:07,15,6,3,13,.385,2,1
20251212,DAL,Brandon Williams,26:28,9,3,5,7,.571,1,2
20251212,DAL,Klay Thompson,20:29,12,2,2,9,.444,0,1
20251212,DAL,Dwight Powell,15:19,7,3,1,5,.600,1,0
20251212,MIN,Donte DiVincenzo,35:14,21,6,4,15,.467,0,0
20251212,MIN,Rudy Gobert,35:11,24,14,1,13,.846,2,0
20251212,MIN,Jaden McDaniels,34:46,17,5,5,15,.533,1,3
20251212,MIN,Julius Randle,34:05,27,9,6,14,.500,0,3
20251212,MIN,Bones Hyland,4:39,3,0,2,1,1.000,0,0
20251212,MIN,Terrence Shannon Jr.,30:29,9,4,3,7,.429,2,2
20251212,MIN,Naz Reid,30:21,18,4,7,14,.500,1,0
20251212,MIN,Jaylen Clark,18:41,2,1,2,3,.333,2,0
20251212,MIN,Rob Dillingham,16:34,6,1,0,7,.429,0,2
20251212,GSW,Jimmy Butler,36:52,15,8,5,11,.545,1,1
20251212,GSW,Quinten Post,33:11,16,6,3,15,.333,0,1
20251212,GSW,Stephen Curry,32:13,39,5,5,28,.500,0,2
20251212,GSW,Pat Spencer,28:16,12,5,4,13,.385,2,2
20251212,GSW,Buddy Hield,18:57,6,2,2,4,.500,0,2
20251212,GSW,Brandin Podziemski,22:51,2,2,4,4,.250,0,2
20251212,GSW,Moses Moody,22:37,11,4,2,10,.500,3,0
20251212,GSW,De'Anthony Melton,20:12,9,2,1,6,.333,1,1
20251212,GSW,Trayce Jackson-Davis,14:41,8,7,1,4,.750,0,0
20251212,GSW,Gui Santos,6:28,2,1,0,1,1.000,0,1
20251212,GSW,Gary Payton II,3:42,0,0,0,0,,0,1
20251213,NYK,Mikal Bridges,42:32,16,3,3,13,.538,0,1
20251213,NYK,OG Anunoby,40:12,24,6,4,13,.615,3,4
20251213,NYK,Jalen Brunson,38:39,40,4,8,27,.593,1,2
20251213,NYK,Karl-Anthony Towns,37:12,29,8,2,11,.818,1,0
20251213,NYK,Josh Hart,31:21,12,6,6,12,.500,3,3
20251213,NYK,Mitchell Robinson,17:26,5,9,0,2,1.000,0,0
20251213,NYK,Tyler Kolek,15:44,4,3,4,3,.667,1,1
20251213,NYK,Jordan Clarkson,12:56,2,0,1,3,.333,0,1
20251213,NYK,Guerschon Yabusele,3:58,0,2,0,0,,0,0
20251213,ORL,Desmond Bane,37:28,18,6,7,17,.412,1,3
20251213,ORL,Anthony Black,36:33,12,8,4,15,.333,1,4
20251213,ORL,Wendell Carter Jr.,35:23,14,6,2,6,.667,4,0
20251213,ORL,Paolo Banchero,35:20,25,8,3,22,.455,1,5
20251213,ORL,Jalen Suggs,29:28,26,2,7,16,.625,0,2
20251213,ORL,Jett Howard,14:36,8,2,1,5,.600,1,0
20251213,ORL,Goga Bitadze,12:37,0,3,1,0,,1,0
20251213,ORL,Tristan Da Silva,11:59,0,1,0,5,.000,0,0
20251213,ORL,Jonathan Isaac,9:31,5,4,0,5,.400,0,0
20251213,ORL,Tyus Jones,9:30,3,0,1,2,.500,0,0
20251213,ORL,Jase Richardson,7:35,9,1,2,4,.750,0,0
20251213,SAS,De'Aaron Fox,36:35,22,2,4,15,.533,2,1
20251213,SAS,Stephon Castle,33:41,22,6,2,16,.563,0,6
20251213,SAS,Devin Vassell,32:14,23,5,4,13,.462,1,1
20251213,SAS,Harrison Barnes,27:03,6,4,5,10,.200,2,1
20251213,SAS,Luke Kornet,24:22,2,8,1,3,.333,1,0
20251213,SAS,Julian Champagnie,26:34,3,8,2,5,.200,0,1
20251213,SAS,Dylan Harper,24:54,8,4,1,13,.231,1,3
20251213,SAS,Victor Wembanyama,20:39,22,9,2,11,.545,1,5
20251213,SAS,Keldon Johnson,13:58,3,6,0,4,.250,1,1
20251213,OKC,Shai Gilgeous-Alexander,36:34,29,4,5,23,.522,0,5
20251213,OKC,Jalen Williams,32:42,17,7,4,16,.313,4,2
20251213,OKC,Chet Holmgren,30:28,17,7,0,8,.375,0,1
20251213,OKC,Luguentz Dort,21:38,3,3,2,7,.143,0,0
20251213,OKC,Isaiah Hartenstein,20:14,10,9,1,9,.556,1,3
20251213,OKC,Cason Wallace,26:52,7,3,1,7,.429,2,1
20251213,OKC,Ajay Mitchell,24:19,9,6,4,4,.500,2,1
20251213,OKC,Alex Caruso,24:04,11,8,3,9,.556,3,0
20251213,OKC,Aaron Wiggins,11:58,0,1,0,4,.000,0,1
20251213,OKC,Jaylin Williams,11:11,6,3,0,5,.400,1,0
20251214,WAS,Bub Carrington,36:19,11,3,5,11,.364,1,1
20251214,WAS,Kyshawn George,35:53,9,8,9,11,.273,1,3
20251214,WAS,CJ McCollum,34:07,18,6,2,18,.444,0,1
20251214,WAS,Justin Champagnie,33:01,13,14,0,13,.462,2,0
20251214,WAS,Marvin Bagley III,31:58,23,14,1,14,.643,1,2
20251214,WAS,Will Riley,22:31,12,1,0,7,.571,0,1
20251214,WAS,Tristan Vukcevic,16:02,6,3,0,7,.286,0,2
20251214,WAS,Tre Johnson,15:39,14,2,2,7,.571,0,0
20251214,WAS,Jamir Watkins,14:30,2,5,0,1,1.000,0,1
20251214,IND,Bennedict Mathurin,31:39,15,4,2,9,.333,0,1
20251214,IND,Andrew Nembhard,30:00,7,2,6,14,.214,0,0
20251214,IND,Pascal Siakam,28:40,11,4,4,12,.333,1,1
20251214,IND,Jay Huff,24:51,13,4,0,9,.556,0,0
20251214,IND,Ethan Thompson,23:54,2,0,2,4,.000,0,0
20251214,IND,Isaiah Jackson,23:09,11,12,0,8,.625,0,1
20251214,IND,Jarace Walker,22:12,12,3,0,13,.385,0,1
20251214,IND,Garrison Mathews,18:37,8,1,2,5,.400,1,0
20251214,IND,T.J. McConnell,15:28,4,4,4,4,.500,0,4
20251214,IND,Johnny Furphy,13:29,5,4,0,3,.667,0,0
20251214,IND,Quenton Jackson,8:01,1,3,0,3,.000,0,0
20251214,CHO,Kon Knueppel,43:50,29,4,3,19,.579,1,2
20251214,CHO,Miles Bridges,39:26,20,10,6,19,.368,1,2
20251214,CHO,Brandon Miller,38:56,25,13,6,23,.348,1,4
20251214,CHO,Sion James,37:09,9,7,3,9,.333,0,1
20251214,CHO,Ryan Kalkbrenner,20:30,7,3,0,4,.750,1,2
20251214,CHO,Moussa Diabaté,21:51,5,6,0,3,.667,1,1
20251214,CHO,KJ Simpson,19:04,6,0,4,9,.222,2,3
20251214,CHO,Josh Green,14:57,8,2,0,6,.500,1,0
20251214,CHO,Tidjane Salaün,13:57,6,2,2,3,.667,0,1
20251214,CHO,Mason Plumlee,10:27,4,4,4,2,1.000,1,0
20251214,CHO,Drew Peterson,4:53,0,2,0,1,.000,0,0
20251214,CLE,Darius Garland,39:25,26,2,9,19,.421,1,4
20251214,CLE,Donovan Mitchell,37:55,17,2,7,24,.250,2,2
20251214,CLE,Dean Wade,31:33,14,8,2,9,.556,1,0
20251214,CLE,De'Andre Hunter,26:32,4,4,0,7,.143,0,1
20251214,CLE,Jarrett Allen,22:54,9,3,1,8,.375,0,1
20251214,CLE,Jaylon Tyson,35:29,16,13,1,13,.462,1,1
20251214,CLE,Lonzo Ball,31:54,8,5,4,8,.375,5,2
20251214,CLE,Thomas Bryant,14:13,10,6,1,4,.750,0,1
20251214,CLE,Nae'Qwan Tomlin,14:10,7,3,0,3,1.000,0,0
20251214,CLE,Tyrese Proctor,6:32,0,0,2,0,,0,0
20251214,CLE,Craig Porter Jr.,4:23,0,0,0,0,,0,2
20251214,PHI,Quentin Grimes,38:38,14,2,7,14,.286,2,2
20251214,PHI,VJ Edgecombe,38:36,26,6,2,21,.429,0,2
20251214,PHI,Paul George,33:22,35,4,3,21,.524,0,2
20251214,PHI,Joel Embiid,30:12,22,14,1,20,.400,1,3
20251214,PHI,Dominick Barlow,27:11,11,7,1,6,.667,2,1
20251214,PHI,Andre Drummond,19:49,5,10,3,6,.333,1,0
20251214,PHI,Jared McCain,17:45,0,3,5,5,.000,2,0
20251214,PHI,Jabari Walker,17:23,4,5,1,2,.000,1,0
20251214,PHI,Justin Edwards,8:51,0,2,1,5,.000,1,0
20251214,PHI,Kyle Lowry,8:15,0,1,1,1,.000,0,1
20251214,ATL,Dyson Daniels,38:42,27,10,4,19,.684,1,3
20251214,ATL,Onyeka Okongwu,36:26,20,15,4,17,.353,1,4
20251214,ATL,Jalen Johnson,35:04,12,10,12,17,.294,1,2
20251214,ATL,Nickeil Alexander-Walker,34:05,12,7,6,18,.167,1,2
20251214,ATL,Zaccharie Risacher,21:22,15,1,1,9,.556,2,0
20251214,ATL,Vít Krejčí,25:52,19,4,1,9,.667,1,1
20251214,ATL,Luke Kennard,20:57,5,4,2,2,.500,0,0
20251214,ATL,Asa Newell,13:52,9,4,2,6,.667,0,1
20251214,ATL,Mouhamed Gueye,10:38,1,1,0,1,.000,1,2
20251214,ATL,Keaton Wallace,3:02,0,1,1,1,.000,0,1
20251214,MIL,Kevin Porter Jr.,29:43,5,3,7,13,.154,4,6
20251214,MIL,Gary Trent Jr.,28:55,20,2,0,14,.500,2,2
20251214,MIL,Kyle Kuzma,27:40,13,7,3,11,.545,0,2
20251214,MIL,Myles Turner,23:57,9,3,1,4,.500,0,1
20251214,MIL,Ryan Rollins,22:28,11,2,5,11,.455,0,2
20251214,MIL,Jericho Sims,30:25,7,7,1,4,.750,0,1
20251214,MIL,Cole Anthony,20:11,2,4,1,4,.000,1,4
20251214,MIL,Bobby Portis,16:28,10,3,1,7,.571,1,0
20251214,MIL,Andre Jackson Jr.,15:01,2,2,1,6,.167,0,0
20251214,MIL,Amir Coffey,9:24,0,0,0,1,.000,0,1
20251214,MIL,Pete Nance,9:24,0,3,0,3,.000,0,1
20251214,MIL,Gary Harris,6:24,3,1,0,1,1.000,0,0
20251214,BRK,Michael Porter Jr.,26:24,12,6,5,11,.364,0,3
20251214,BRK,Egor Dёmin,25:34,17,3,3,8,.750,2,2
20251214,BRK,Nic Claxton,25:34,10,3,3,8,.625,0,2
20251214,BRK,Noah Clowney,21:50,16,3,2,9,.444,0,2
20251214,BRK,Terance Mann,20:33,12,5,3,6,.667,2,0
20251214,BRK,Danny Wolf,23:37,8,4,2,12,.250,1,0
20251214,BRK,Drake Powell,23:20,13,4,3,7,.571,1,3
20251214,BRK,Ziaire Williams,21:33,10,3,2,6,.667,1,1
20251214,BRK,Tyrese Martin,18:03,14,1,2,8,.625,2,0
20251214,BRK,Day'Ron Sharpe,16:52,10,8,5,6,.667,4,0
20251214,BRK,Nolan Traoré,9:24,0,2,3,1,.000,0,0
20251214,BRK,Jalen Wilson,7:16,5,1,0,3,.667,1,0
20251214,NOP,Trey Murphy III,33:44,20,10,2,14,.571,0,1
20251214,NOP,Jeremiah Fears,28:05,20,2,3,13,.538,2,3
20251214,NOP,Derik Queen,24:46,4,8,5,4,.500,0,5
20251214,NOP,Saddiq Bey,24:40,10,6,1,12,.333,2,0
20251214,NOP,Herbert Jones,19:47,10,2,1,8,.375,0,1
20251214,NOP,Jordan Poole,27:16,16,2,4,15,.400,2,1
20251214,NOP,Zion Williamson,26:37,18,6,3,14,.500,0,1
20251214,NOP,Jose Alvarado,17:39,3,2,2,3,.333,1,0
20251214,NOP,Bryce McGowens,14:16,5,3,0,2,.500,0,0
20251214,NOP,Karlo Matković,12:00,4,4,0,5,.400,0,0
20251214,NOP,Yves Missi,11:10,4,8,0,3,.667,0,2
20251214,CHI,Nikola Vučević,30:47,12,8,4,16,.313,0,0
20251214,CHI,Coby White,28:28,20,5,5,18,.444,2,2
20251214,CHI,Josh Giddey,24:04,11,7,5,10,.400,0,4
20251214,CHI,Matas Buzelis,23:35,9,6,3,5,.600,1,0
20251214,CHI,Isaac Okoro,23:31,5,3,1,10,.200,0,0
20251214,CHI,Kevin Huerter,24:16,16,3,0,12,.500,4,3
20251214,CHI,Tre Jones,24:16,6,2,5,7,.286,2,0
20251214,CHI,Patrick Williams,23:38,8,4,2,5,.400,0,0
20251214,CHI,Dalen Terry,13:27,9,3,0,5,.800,0,1
20251214,CHI,Jalen Smith,12:20,6,0,1,3,.667,1,2
20251214,CHI,Zach Collins,11:38,2,2,0,1,.000,0,1
20251214,SAC,DeMar DeRozan,39:07,17,4,3,15,.533,1,0
20251214,SAC,Keegan Murray,38:58,10,8,1,11,.273,0,4
20251214,SAC,Russell Westbrook,28:09,8,7,10,13,.308,3,4
20251214,SAC,Maxime Raynaud,26:26,8,6,0,6,.500,0,2
20251214,SAC,Zach LaVine,15:40,10,1,1,8,.500,0,2
20251214,SAC,Malik Monk,26:45,16,3,3,9,.333,0,0
20251214,SAC,Precious Achiuwa,26:32,17,6,0,7,1.000,0,0
20251214,SAC,Dennis Schröder,25:04,17,1,3,11,.455,0,2
20251214,SAC,Nique Clifford,13:19,0,0,0,1,.000,1,1
20251214,MIN,Jaden McDaniels,37:57,21,4,2,19,.368,2,2
20251214,MIN,Julius Randle,36:25,24,10,3,21,.429,3,1
20251214,MIN,Bones Hyland,35:41,18,3,5,10,.600,0,2
20251214,MIN,Donte DiVincenzo,33:40,18,6,6,18,.389,4,1
20251214,MIN,Rudy Gobert,20:04,7,12,3,4,.750,0,1
20251214,MIN,Naz Reid,34:35,20,11,3,12,.583,2,2
20251214,MIN,Jaylen Clark,16:30,2,1,0,3,.333,0,2
20251214,MIN,Terrence Shannon Jr.,13:14,2,0,0,3,.333,0,0
20251214,MIN,Rob Dillingham,11:54,5,1,3,4,.500,1,0
20251214,LAL,Luka Dončić,38:12,29,3,6,25,.280,1,6
20251214,LAL,LeBron James,36:14,26,3,4,17,.471,2,8
20251214,LAL,Marcus Smart,31:36,8,4,6,7,.286,1,2
20251214,LAL,Rui Hachimura,30:58,3,7,1,5,.200,2,0
20251214,LAL,Deandre Ayton,30:09,20,13,0,11,.909,2,3
20251214,LAL,Jake LaRavia,21:12,6,8,1,9,.222,2,0
20251214,LAL,Gabe Vincent,18:59,5,0,0,5,.400,1,0
20251214,LAL,Jaxson Hayes,17:39,12,9,2,4,1.000,0,2
20251214,LAL,Jarred Vanderbilt,15:01,7,7,0,5,.400,2,0
20251214,PHO,Collin Gillespie,36:40,10,3,6,9,.444,1,1
20251214,PHO,Grayson Allen,35:03,13,2,7,11,.364,3,2
20251214,PHO,Devin Booker,31:22,27,6,7,17,.412,1,1
20251214,PHO,Mark Williams,28:53,20,6,1,10,.900,0,1
20251214,PHO,Dillon Brooks,24:32,18,1,0,9,.667,1,3
20251214,PHO,Royce O'Neale,23:57,12,5,1,7,.571,1,2
20251214,PHO,Jordan Goodwin,18:10,5,3,2,7,.286,2,2
20251214,PHO,Ryan Dunn,16:57,5,4,2,6,.333,1,2
20251214,PHO,Oso Ighodaro,15:53,2,5,3,4,.250,1,4
20251214,PHO,Jamaree Bouyea,6:01,2,1,0,2,.500,0,0
20251214,PHO,Nick Richards,2:32,0,1,0,0,,0,1
20251214,GSW,Stephen Curry,35:26,48,3,2,26,.615,3,3
20251214,GSW,Jimmy Butler,34:57,16,7,4,11,.273,3,3
20251214,GSW,Draymond Green,29:54,14,8,7,8,.625,3,8
20251214,GSW,Moses Moody,23:26,12,2,2,9,.556,1,0
20251214,GSW,Quinten Post,19:27,11,1,4,9,.444,1,0
20251214,GSW,Brandin Podziemski,32:34,12,7,6,7,.571,1,1
20251214,GSW,De'Anthony Melton,18:54,0,1,1,5,.000,2,1
20251214,GSW,Buddy Hield,16:24,10,1,1,7,.571,0,1
20251214,GSW,Trayce Jackson-Davis,15:59,5,4,3,2,1.000,0,1
20251214,GSW,Pat Spencer,6:45,2,0,2,3,.333,0,0
20251214,GSW,Gui Santos,6:16,1,2,2,0,,0,0
20251214,POR,Jerami Grant,34:25,35,3,2,22,.545,0,4
20251214,POR,Shaedon Sharpe,32:43,35,3,4,18,.667,4,3
20251214,POR,Deni Avdija,32:32,26,7,8,16,.375,1,4
20251214,POR,Toumani Camara,25:27,7,3,3,8,.375,2,1
20251214,POR,Donovan Clingan,21:57,3,10,3,3,.333,1,1
20251214,POR,Sidy Cissoko,28:20,6,3,1,6,.333,1,0
20251214,POR,Kris Murray,27:11,5,3,2,5,.400,0,0
20251214,POR,Robert Williams,19:09,11,11,3,4,1.000,1,3
20251214,POR,Caleb Love,12:00,8,0,4,6,.500,1,1
20251214,POR,Rayan Rupert,6:16,0,0,0,1,.000,0,0
20251215,DET,Cade Cunningham,36:19,32,4,10,21,.524,1,3
20251215,DET,Tobias Harris,31:49,13,7,3,11,.364,0,0
20251215,DET,Jalen Duren,29:05,6,3,0,6,.500,2,1
20251215,DET,Duncan Robinson,25:52,7,1,2,4,.500,0,1
20251215,DET,Ausar Thompson,22:46,7,6,0,6,.500,0,2
20251215,DET,Isaiah Stewart,22:18,7,7,0,6,.500,0,0
20251215,DET,Jaden Ivey,20:59,10,3,3,11,.364,2,2
20251215,DET,Caris LeVert,19:04,13,1,2,10,.500,1,1
20251215,DET,Ron Holland,14:29,9,5,0,8,.375,0,0
20251215,DET,Javonte Green,14:10,8,1,1,4,.750,3,0
20251215,DET,Daniss Jenkins,3:11,0,1,0,2,.000,0,0
20251215,BOS,Jaylen Brown,40:29,34,8,7,25,.520,1,4
20251215,BOS,Derrick White,37:52,31,6,1,18,.556,1,4
20251215,BOS,Payton Pritchard,35:19,12,4,5,14,.357,0,1
20251215,BOS,Neemias Queta,34:27,6,7,1,5,.600,2,0
20251215,BOS,Jordan Walsh,17:41,8,6,0,3,.667,2,2
20251215,BOS,Anfernee Simons,25:19,9,0,1,9,.333,0,0
20251215,BOS,Hugo González,16:28,5,5,0,3,.667,0,1
20251215,BOS,Baylor Scheierman,14:54,0,0,1,2,.000,0,0
20251215,BOS,Josh Minott,13:12,0,1,0,2,.000,1,0
20251215,BOS,Sam Hauser,4:20,0,0,0,1,.000,0,0
20251215,TOR,Brandon Ingram,37:48,28,5,5,19,.474,0,4
20251215,TOR,Immanuel Quickley,34:26,15,4,4,12,.500,1,3
20251215,TOR,Scottie Barnes,32:26,17,10,6,16,.500,2,4
20251215,TOR,Jakob Poeltl,29:21,8,8,2,6,.667,0,4
20251215,TOR,Ochai Agbaji,21:42,5,4,2,4,.500,1,0
20251215,TOR,Jamal Shead,23:19,8,3,10,9,.333,0,1
20251215,TOR,Sandro Mamukelashvili,18:33,11,7,0,9,.444,2,1
20251215,TOR,Gradey Dick,15:09,10,2,0,9,.444,2,1
20251215,TOR,Collin Murray-Boyles,14:34,4,2,2,2,1.000,1,1
20251215,TOR,Ja'Kobe Walter,12:42,0,0,2,2,.000,0,0
20251215,MIA,Norman Powell,34:03,20,3,4,15,.333,0,3
20251215,MIA,Bam Adebayo,33:01,20,10,2,13,.538,1,2
20251215,MIA,Andrew Wiggins,32:22,10,2,2,12,.333,2,1
20251215,MIA,Davion Mitchell,31:57,12,4,4,11,.455,2,2
20251215,MIA,Simone Fontecchio,26:02,3,4,2,5,.200,0,2
20251215,MIA,Jaime Jaquez Jr.,29:45,10,4,4,9,.556,3,5
20251215,MIA,Dru Smith,20:06,11,3,2,8,.500,2,0
20251215,MIA,Kel'el Ware,19:20,6,13,0,7,.429,0,3
20251215,MIA,Keshad Johnson,13:13,4,2,0,3,.333,2,0
20251215,MIA,Nikola Jović,0:12,0,0,0,0,,0,0
20251215,DAL,Cooper Flagg,41:46,42,7,6,27,.481,1,4
20251215,DAL,P.J. Washington,39:12,25,14,0,20,.500,0,2
20251215,DAL,Ryan Nembhard,38:05,14,3,11,12,.500,1,4
20251215,DAL,Naji Marshall,36:16,15,3,1,12,.583,1,0
20251215,DAL,Daniel Gafford,12:53,2,2,2,1,1.000,1,1
20251215,DAL,Max Christie,28:15,8,5,3,5,.400,0,0
20251215,DAL,Dwight Powell,23:37,7,9,0,4,.500,0,0
20251215,DAL,Klay Thompson,20:56,12,2,0,10,.400,1,0
20251215,DAL,Moussa Cisse,13:28,6,7,0,4,.500,1,1
20251215,DAL,Jaden Hardy,10:32,2,2,1,3,.333,0,2
20251215,UTA,Keyonte George,40:51,37,5,6,20,.550,0,2
20251215,UTA,Lauri Markkanen,39:47,33,16,5,23,.478,4,1
20251215,UTA,Kyle Filipowski,37:33,25,9,1,13,.692,0,2
20251215,UTA,Ace Bailey,24:19,7,2,3,9,.333,0,1
20251215,UTA,Brice Sensabaugh,21:38,4,2,3,3,.667,0,1
20251215,UTA,Isaiah Collier,31:15,10,3,8,8,.500,2,0
20251215,UTA,Cody Williams,22:18,11,1,2,9,.556,0,0
20251215,UTA,Taylor Hendricks,18:24,11,4,1,5,.800,0,1
20251215,UTA,Kyle Anderson,15:27,0,1,2,4,.000,1,2
20251215,UTA,Walter Clayton,13:28,2,4,2,3,.333,1,3
20251215,HOU,Kevin Durant,44:04,25,5,7,14,.571,1,5
20251215,HOU,Amen Thompson,43:31,14,12,6,13,.385,0,1
20251215,HOU,Jabari Smith Jr.,43:25,16,10,4,11,.545,0,2
20251215,HOU,Alperen Şengün,42:29,33,10,10,27,.519,2,4
20251215,HOU,Josh Okogie,27:40,16,4,0,9,.778,2,3
20251215,HOU,Reed Sheppard,31:35,14,3,1,17,.294,2,0
20251215,HOU,Steven Adams,15:30,3,0,0,1,1.000,0,1
20251215,HOU,Aaron Holiday,10:14,3,0,1,1,1.000,0,0
20251215,HOU,Clint Capela,6:32,1,2,0,0,,0,0
20251215,DEN,Jamal Murray,43:09,35,3,5,17,.529,0,3
20251215,DEN,Cameron Johnson,43:03,13,3,2,9,.556,0,0
20251215,DEN,Nikola Jokić,42:24,39,15,10,27,.481,2,4
20251215,DEN,Spencer Jones,40:54,11,3,0,8,.500,2,0
20251215,DEN,Peyton Watson,5:51,5,0,0,4,.500,1,0
20251215,DEN,Tim Hardaway Jr.,39:58,13,1,2,10,.400,2,0
20251215,DEN,Bruce Brown,27:02,2,9,4,3,.333,3,1
20251215,DEN,Jonas Valančiūnas,13:43,8,3,1,5,.800,0,2
20251215,DEN,Zeke Nnaji,8:56,2,1,0,2,.500,0,0
20251215,MEM,Jaren Jackson Jr.,32:45,31,4,4,18,.722,2,2
20251215,MEM,Santi Aldama,30:48,3,2,2,5,.200,1,1
20251215,MEM,Jaylen Wells,29:40,16,5,3,10,.500,1,1
20251215,MEM,Cedric Coward,23:13,12,2,2,9,.556,0,4
20251215,MEM,Ja Morant,20:58,12,3,4,12,.333,1,1
20251215,MEM,Cam Spencer,30:01,27,3,6,13,.692,1,1
20251215,MEM,Jock Landale,27:29,8,4,3,5,.600,1,0
20251215,MEM,Kentavious Caldwell-Pope,23:22,4,7,6,5,.400,2,0
20251215,MEM,Vince Williams Jr.,18:20,8,1,3,7,.429,1,0
20251215,MEM,Jahmai Mashack,1:42,0,0,0,1,.000,0,1
20251215,MEM,Olivier-Maxence Prosper,1:42,0,1,0,1,.000,0,0
20251215,LAC,Kawhi Leonard,36:39,21,4,3,18,.500,1,2
20251215,LAC,Ivica Zubac,33:08,6,13,2,6,.500,0,4
20251215,LAC,James Harden,31:17,13,3,6,10,.400,3,3
20251215,LAC,Kris Dunn,26:42,17,1,5,10,.600,0,1
20251215,LAC,John Collins,26:08,10,2,1,10,.500,0,2
20251215,LAC,Kobe Brown,25:22,9,4,1,10,.200,0,0
20251215,LAC,Jordan Miller,21:52,10,6,3,6,.500,0,2
20251215,LAC,Bogdan Bogdanović,18:54,7,3,3,6,.333,0,1
20251215,LAC,Kobe Sanders,12:38,5,2,0,3,.667,0,2
20251215,LAC,Cam Christie,3:40,3,0,2,1,1.000,0,0
20251215,LAC,Yanic Konan Niederhäuser,3:40,2,1,0,0,,0,1
20251216,SAS,Stephon Castle,34:54,15,7,12,15,.333,0,2
20251216,SAS,Devin Vassell,33:17,12,5,3,14,.286,0,0
20251216,SAS,De'Aaron Fox,31:40,16,2,9,13,.385,1,5
20251216,SAS,Harrison Barnes,23:28,11,3,2,9,.444,1,0
20251216,SAS,Luke Kornet,22:45,14,6,1,9,.778,0,0
20251216,SAS,Dylan Harper,28:23,21,7,0,14,.500,0,0
20251216,SAS,Julian Champagnie,25:02,3,2,1,5,.200,1,0
20251216,SAS,Victor Wembanyama,24:54,18,6,1,17,.412,1,1
20251216,SAS,Keldon Johnson,15:37,3,4,0,3,.333,0,0
20251216,NYK,Jalen Brunson,41:03,25,4,8,27,.407,0,4
20251216,NYK,OG Anunoby,40:01,28,9,3,17,.588,0,0
20251216,NYK,Mikal Bridges,32:38,11,5,5,12,.333,0,1
20251216,NYK,Karl-Anthony Towns,29:40,16,11,1,12,.500,2,2
20251216,NYK,Josh Hart,29:16,11,8,3,7,.714,2,1
20251216,NYK,Jordan Clarkson,26:40,15,2,0,15,.400,1,0
20251216,NYK,Tyler Kolek,20:27,14,5,5,9,.556,0,1
20251216,NYK,Mitchell Robinson,18:22,4,15,2,6,.333,1,1
20251216,NYK,Ariel Hukporti,1:52,0,0,0,0,,1,0
20251217,CLE,Donovan Mitchell,32:32,32,1,5,23,.478,0,3
20251217,CLE,Jaylon Tyson,32:29,21,2,3,10,.800,1,3
20251217,CLE,Darius Garland,30:11,15,5,6,16,.375,0,2
20251217,CLE,Jarrett Allen,27:36,14,6,3,9,.778,1,2
20251217,CLE,Dean Wade,21:51,2,2,1,3,.333,0,0
20251217,CLE,De'Andre Hunter,27:46,12,5,1,9,.444,0,2
20251217,CLE,Thomas Bryant,18:05,7,6,0,6,.333,0,3
20251217,CLE,Craig Porter Jr.,17:49,4,2,4,2,1.000,3,1
20251217,CLE,Lonzo Ball,17:25,2,7,1,5,.200,1,3
20251217,CLE,Nae'Qwan Tomlin,7:45,2,1,1,2,.000,0,0
20251217,CLE,Tyrese Proctor,6:31,0,3,1,2,.000,0,1
20251217,CHI,Josh Giddey,33:30,23,11,11,18,.444,2,3
20251217,CHI,Isaac Okoro,30:54,12,2,1,7,.857,1,0
20251217,CHI,Coby White,30:22,25,5,3,13,.615,2,3
20251217,CHI,Nikola Vučević,28:57,20,9,4,14,.643,2,1
20251217,CHI,Matas Buzelis,22:15,9,1,1,7,.429,0,1
20251217,CHI,Kevin Huerter,25:55,11,3,1,9,.444,0,2
20251217,CHI,Tre Jones,24:17,11,1,11,7,.714,3,1
20251217,CHI,Zach Collins,16:20,10,4,2,8,.500,2,2
20251217,CHI,Jalen Smith,15:54,4,7,1,3,.667,0,1
20251217,CHI,Patrick Williams,10:32,2,0,0,3,.333,0,1
20251217,CHI,Dalen Terry,1:04,0,0,0,0,,0,0
20251217,MEM,Santi Aldama,34:19,8,11,3,8,.500,0,3
20251217,MEM,Jaren Jackson Jr.,33:27,28,12,3,18,.556,1,4
20251217,MEM,Jaylen Wells,31:21,17,4,2,13,.385,4,1
20251217,MEM,Cedric Coward,27:15,13,5,3,12,.417,1,3
20251217,MEM,Brandon Clarke,16:34,6,3,1,7,.286,1,0
20251217,MEM,Jock Landale,29:55,20,10,3,15,.533,2,0
20251217,MEM,Vince Williams Jr.,25:07,5,5,4,6,.167,0,2
20251217,MEM,Kentavious Caldwell-Pope,23:13,12,1,3,12,.333,1,3
20251217,MEM,Olivier-Maxence Prosper,15:17,7,2,1,4,.750,0,2
20251217,MEM,Jahmai Mashack,3:32,0,1,0,1,.000,0,0
20251217,MIN,Donte DiVincenzo,37:17,19,11,4,16,.375,3,1
20251217,MIN,Jaden McDaniels,36:44,13,7,6,11,.364,1,1
20251217,MIN,Rudy Gobert,35:28,16,16,4,8,.750,1,4
20251217,MIN,Julius Randle,35:18,21,5,3,21,.429,3,4
20251217,MIN,Bones Hyland,34:08,12,3,5,11,.273,1,2
20251217,MIN,Naz Reid,30:03,16,7,2,16,.375,1,2
20251217,MIN,Rob Dillingham,11:07,5,1,2,5,.400,0,3
20251217,MIN,Terrence Shannon Jr.,10:57,6,1,0,6,.333,0,0
20251217,MIN,Jaylen Clark,8:58,2,1,0,4,.250,1,1
20251218,ATL,Jalen Johnson,39:29,43,11,9,27,.593,1,4
20251218,ATL,Onyeka Okongwu,36:09,12,4,1,10,.500,3,1
20251218,ATL,Dyson Daniels,31:34,14,3,6,12,.500,1,2
20251218,ATL,Zaccharie Risacher,20:28,5,3,1,7,.286,0,1
20251218,ATL,Trae Young,20:09,8,1,10,8,.375,1,3
20251218,ATL,Nickeil Alexander-Walker,34:06,28,8,2,18,.611,0,3
20251218,ATL,Vít Krejčí,23:18,5,3,0,3,.333,0,0
20251218,ATL,Luke Kennard,13:54,4,1,1,2,.500,0,1
20251218,ATL,Asa Newell,10:27,3,1,1,2,.500,0,0
20251218,ATL,Mouhamed Gueye,10:26,4,0,0,3,.667,0,0
20251218,CHO,Brandon Miller,35:17,26,5,8,15,.600,3,1
20251218,CHO,Kon Knueppel,34:59,28,5,7,17,.588,3,4
20251218,CHO,Miles Bridges,32:06,16,3,2,13,.462,1,0
20251218,CHO,LaMelo Ball,29:12,28,4,13,16,.625,1,6
20251218,CHO,Ryan Kalkbrenner,27:20,8,4,2,5,.600,1,1
20251218,CHO,Sion James,20:25,5,2,1,6,.333,1,0
20251218,CHO,Moussa Diabaté,17:34,5,6,2,4,.500,0,0
20251218,CHO,Tidjane Salaün,15:53,10,4,1,6,.667,0,0
20251218,CHO,KJ Simpson,13:00,4,0,2,7,.286,1,2
20251218,CHO,Josh Green,11:07,3,3,1,2,.500,0,0
20251218,CHO,Mason Plumlee,3:07,0,1,0,0,,0,0
20251218,NYK,Mikal Bridges,37:16,22,8,5,19,.474,0,1
20251218,NYK,Jalen Brunson,34:22,25,7,7,23,.435,3,3
20251218,NYK,OG Anunoby,33:42,16,6,1,13,.385,2,3
20251218,NYK,Ariel Hukporti,26:56,4,5,3,3,.333,1,0
20251218,NYK,Mohamed Diawara,18:52,5,3,1,5,.400,1,2
20251218,NYK,Jordan Clarkson,29:22,18,3,1,12,.500,1,1
20251218,NYK,Tyler Kolek,26:12,16,6,11,10,.700,1,2
20251218,NYK,Trey Jemison,18:26,5,5,1,2,1.000,0,2
20251218,NYK,Guerschon Yabusele,11:19,3,3,0,5,.200,0,2
20251218,NYK,Pacôme Dadiet,3:33,0,0,1,0,,1,0
20251218,NYK,Kevin McCullar Jr.,0:01,0,0,0,0,,0,0
20251218,IND,Bennedict Mathurin,38:28,16,8,2,18,.389,2,2
20251218,IND,Pascal Siakam,37:33,26,6,5,22,.409,3,2
20251218,IND,Andrew Nembhard,37:25,31,1,4,19,.632,1,2
20251218,IND,Quenton Jackson,27:09,10,4,2,7,.429,1,1
20251218,IND,Jay Huff,18:06,6,10,1,7,.286,0,3
20251218,IND,Isaiah Jackson,26:18,4,10,2,3,.667,0,0
20251218,IND,T.J. McConnell,17:54,8,5,5,6,.667,1,2
20251218,IND,Jarace Walker,16:17,6,3,1,4,.500,0,2
20251218,IND,Garrison Mathews,7:54,4,1,0,4,.500,0,0
20251218,IND,Johnny Furphy,5:45,0,1,0,1,.000,0,0
20251218,IND,Tony Bradley,3:36,2,3,0,2,.000,0,0
20251218,IND,Ethan Thompson,3:36,0,0,0,0,,0,0
20251218,MIA,Andrew Wiggins,32:54,10,4,2,11,.273,2,2
20251218,MIA,Norman Powell,32:39,24,6,2,14,.571,3,3
20251218,MIA,Bam Adebayo,31:04,8,17,1,13,.308,1,3
20251218,MIA,Kel'el Ware,30:17,22,12,1,11,.727,0,0
20251218,MIA,Davion Mitchell,29:57,10,0,7,11,.455,1,2
20251218,MIA,Jaime Jaquez Jr.,29:00,19,5,1,13,.692,0,3
20251218,MIA,Dru Smith,24:21,3,3,6,8,.125,2,0
20251218,MIA,Simone Fontecchio,22:10,7,4,2,7,.286,0,0
20251218,MIA,Kasparas Jakučionis,7:38,3,0,1,1,1.000,0,1
20251218,BRK,Nic Claxton,34:47,16,12,8,9,.889,2,2
20251218,BRK,Michael Porter Jr.,33:44,28,6,3,24,.417,0,1
20251218,BRK,Terance Mann,30:32,4,3,2,4,.500,1,1
20251218,BRK,Egor Dёmin,27:53,14,2,1,18,.278,0,1
20251218,BRK,Noah Clowney,26:12,8,6,3,13,.154,1,2
20251218,BRK,Danny Wolf,19:35,9,5,2,11,.364,2,3
20251218,BRK,Tyrese Martin,18:56,2,2,3,8,.125,0,1
20251218,BRK,Ziaire Williams,18:42,2,2,0,2,.500,1,0
20251218,BRK,Day'Ron Sharpe,13:13,4,6,2,4,.500,0,1
20251218,BRK,Jalen Wilson,12:30,8,2,0,5,.600,0,0
20251218,BRK,Drake Powell,3:56,0,3,0,0,,0,0
20251218,TOR,Sandro Mamukelashvili,36:25,18,7,2,12,.667,1,0
20251218,TOR,Scottie Barnes,35:58,24,11,2,14,.714,2,5
20251218,TOR,Brandon Ingram,35:16,29,8,3,18,.500,2,4
20251218,TOR,Immanuel Quickley,28:46,9,6,10,11,.273,1,2
20251218,TOR,Ochai Agbaji,20:28,10,2,1,7,.571,1,0
20251218,TOR,Jamal Shead,23:27,8,2,11,9,.333,0,3
20251218,TOR,Ja'Kobe Walter,19:01,3,2,1,3,.333,1,0
20251218,TOR,Gradey Dick,18:22,6,1,0,5,.400,0,1
20251218,TOR,Collin Murray-Boyles,17:23,4,4,0,3,.667,1,0
20251218,TOR,Jamison Battle,4:54,0,2,1,2,.000,0,1
20251218,MIL,Kevin Porter Jr.,40:09,22,4,13,18,.389,1,7
20251218,MIL,Myles Turner,30:57,21,6,2,14,.429,0,0
20251218,MIL,Gary Trent Jr.,30:26,3,0,2,8,.125,2,0
20251218,MIL,Jericho Sims,25:34,6,7,1,4,.750,0,4
20251218,MIL,A.J. Green,24:25,5,2,1,5,.400,1,1
20251218,MIL,Bobby Portis,39:29,24,12,0,16,.563,2,1
20251218,MIL,Ryan Rollins,28:13,17,4,5,15,.467,3,3
20251218,MIL,Gary Harris,20:47,7,3,1,4,.750,1,0
20251218,HOU,Jabari Smith Jr.,44:08,12,12,2,18,.278,0,4
20251218,HOU,Kevin Durant,42:41,32,7,2,15,.800,1,6
20251218,HOU,Amen Thompson,40:36,23,6,4,14,.786,1,4
20251218,HOU,Alperen Şengün,35:42,28,11,8,26,.423,2,2
20251218,HOU,Josh Okogie,30:10,10,4,3,7,.429,0,0
20251218,HOU,Steven Adams,27:49,6,10,3,10,.200,1,1
20251218,HOU,Reed Sheppard,26:57,11,4,7,12,.333,1,0
20251218,HOU,Aaron Holiday,10:18,3,1,1,3,.333,0,0
20251218,HOU,Clint Capela,6:40,3,3,0,2,.500,0,1
20251218,NOP,Trey Murphy III,38:29,27,3,2,13,.692,1,0
20251218,NOP,Herbert Jones,38:13,18,3,3,14,.500,8,1
20251218,NOP,Derik Queen,35:21,16,12,3,16,.438,0,3
20251218,NOP,Saddiq Bey,34:19,29,9,1,18,.611,2,1
20251218,NOP,Jeremiah Fears,20:12,9,3,4,8,.500,0,1
20251218,NOP,Jose Alvarado,30:22,7,3,6,5,.400,1,0
20251218,NOP,Jordan Poole,24:32,15,1,2,13,.385,3,2
20251218,NOP,Zion Williamson,21:26,9,3,5,9,.333,0,2
20251218,NOP,Karlo Matković,11:07,3,2,1,1,1.000,0,1
20251218,NOP,Yves Missi,6:24,0,2,0,0,,0,1
20251218,NOP,Bryce McGowens,4:35,0,0,0,0,,0,0
20251218,LAC,Kawhi Leonard,32:09,22,8,6,17,.529,1,3
20251218,LAC,Ivica Zubac,31:41,11,11,3,7,.429,0,2
20251218,LAC,Kris Dunn,31:22,14,5,4,8,.625,0,6
20251218,LAC,John Collins,28:26,20,4,2,13,.538,1,2
20251218,LAC,Bogdan Bogdanović,24:26,14,2,1,12,.500,0,2
20251218,LAC,Kobe Sanders,29:39,5,4,4,5,.400,2,6
20251218,LAC,Jordan Miller,20:23,3,6,3,5,.200,0,4
20251218,LAC,Nicolas Batum,19:49,6,2,0,5,.400,2,1
20251218,LAC,Brook Lopez,15:14,6,5,2,4,.500,0,1
20251218,LAC,RayJ Dennis,3:32,0,2,0,0,,0,1
20251218,LAC,Kobe Brown,3:19,0,0,0,0,,0,0
20251218,OKC,Chet Holmgren,30:31,22,7,2,13,.615,1,1
20251218,OKC,Cason Wallace,29:11,5,1,4,8,.125,5,0
20251218,OKC,Jalen Williams,28:43,20,1,5,14,.571,2,1
20251218,OKC,Shai Gilgeous-Alexander,28:41,32,7,6,24,.542,2,1
20251218,OKC,Luguentz Dort,18:04,0,1,1,6,.000,0,1
20251218,OKC,Ajay Mitchell,28:35,16,7,5,15,.467,2,1
20251218,OKC,Aaron Wiggins,22:37,5,4,0,7,.286,0,0
20251218,OKC,Isaiah Joe,22:14,14,4,2,7,.714,2,2
20251218,OKC,Branden Carlson,15:59,4,4,0,3,.667,0,1
20251218,OKC,Alex Caruso,15:25,4,2,3,4,.500,4,0
20251218,WAS,Kyshawn George,36:05,11,6,7,13,.385,2,1
20251218,WAS,Bub Carrington,33:09,15,5,3,12,.500,1,2
20251218,WAS,CJ McCollum,29:06,11,4,3,12,.417,2,2
20251218,WAS,Alex Sarr,24:04,18,4,3,18,.444,0,0
20251218,WAS,Bilal Coulibaly,22:34,3,4,2,7,.143,1,3
20251218,WAS,Tre Johnson,24:06,8,6,2,9,.222,1,1
20251218,WAS,Marvin Bagley III,18:36,13,4,5,6,.833,0,2
20251218,WAS,Justin Champagnie,17:52,5,9,0,4,.500,0,1
20251218,WAS,Will Riley,17:22,2,1,3,5,.200,2,0
20251218,WAS,Jamir Watkins,8:16,2,0,0,3,.333,1,0
20251218,WAS,Tristan Vukcevic,4:54,6,2,0,3,.667,0,0
20251218,WAS,AJ Johnson,3:30,0,1,1,2,.000,0,0
20251218,WAS,Anthony Gill,0:26,0,0,0,0,,0,0
20251218,SAS,Devin Vassell,26:21,18,6,3,12,.583,1,1
20251218,SAS,Stephon Castle,25:08,17,2,7,11,.636,0,3
20251218,SAS,De'Aaron Fox,24:59,6,3,3,8,.125,3,2
20251218,SAS,Luke Kornet,23:11,10,5,2,6,.667,1,0
20251218,SAS,Harrison Barnes,18:14,2,1,2,6,.000,0,0
20251218,SAS,Julian Champagnie,25:51,12,7,2,9,.444,0,1
20251218,SAS,Dylan Harper,22:36,24,5,3,13,.692,0,1
20251218,SAS,Keldon Johnson,21:02,9,8,1,8,.500,0,1
20251218,SAS,Victor Wembanyama,17:18,15,8,4,11,.545,0,2
20251218,SAS,Jeremy Sochan,15:38,0,2,1,1,.000,1,0
20251218,SAS,Carter Bryant,8:41,5,4,0,2,1.000,0,2
20251218,SAS,Jordan McLaughlin,4:01,1,1,1,0,,0,1
20251218,SAS,Bismack Biyombo,3:30,0,1,0,1,.000,0,0
20251218,SAS,Lindy Waters III,3:30,0,0,0,2,.000,0,0
20251218,DET,Cade Cunningham,44:32,29,10,9,30,.400,0,4
20251218,DET,Jalen Duren,34:24,17,13,1,20,.400,2,1
20251218,DET,Tobias Harris,18:11,0,4,3,5,.000,0,0
20251218,DET,Duncan Robinson,13:02,2,2,0,7,.143,0,0
20251218,DET,Ausar Thompson,8:54,8,2,2,7,.429,1,0
20251218,DET,Isaiah Stewart,31:24,14,8,1,10,.500,1,2
20251218,DET,Caris LeVert,27:07,6,3,3,8,.375,1,0
20251218,DET,Daniss Jenkins,20:25,11,4,1,8,.500,1,2
20251218,DET,Ron Holland,19:54,12,7,0,11,.455,0,0
20251218,DET,Javonte Green,18:22,3,6,2,5,.200,3,1
20251218,DET,Jaden Ivey,14:29,8,0,1,6,.500,1,0
20251218,DET,Marcus Sasser,7:53,0,2,3,2,.000,0,0
20251218,DET,Paul Reed,6:23,4,1,0,3,.667,1,0
20251218,DAL,Cooper Flagg,39:55,23,10,4,20,.400,1,0
20251218,DAL,Anthony Davis,37:22,15,14,2,18,.389,0,2
20251218,DAL,P.J. Washington,36:40,13,7,3,10,.600,1,2
20251218,DAL,Naji Marshall,33:17,16,3,1,9,.556,0,0
20251218,DAL,Ryan Nembhard,21:42,6,2,7,5,.600,0,2
20251218,DAL,Brandon Williams,31:16,14,5,2,8,.375,0,3
20251218,DAL,Klay Thompson,19:19,5,1,2,8,.250,0,2
20251218,DAL,Max Christie,19:12,11,2,0,4,.500,1,0
20251218,DAL,Daniel Gafford,15:38,9,6,1,5,.600,0,5
20251218,DAL,D'Angelo Russell,10:39,4,1,0,2,.500,1,1
20251218,ORL,Paolo Banchero,39:17,26,16,10,21,.429,1,2
20251218,ORL,Anthony Black,37:25,22,2,3,18,.444,2,3
20251218,ORL,Desmond Bane,36:24,6,2,8,11,.273,0,1
20251218,ORL,Wendell Carter Jr.,28:34,26,8,0,15,.733,1,0
20251218,ORL,Tyus Jones,19:09,5,0,4,2,.500,0,0
20251218,ORL,Jett Howard,28:51,12,6,2,6,.500,1,0
20251218,ORL,Goga Bitadze,19:26,6,4,1,7,.429,2,0
20251218,ORL,Jase Richardson,19:19,9,1,2,9,.444,1,2
20251218,ORL,Noah Penda,11:35,3,5,0,2,.500,1,1
20251218,DEN,Nikola Jokić,37:47,23,11,13,17,.588,2,6
20251218,DEN,Cameron Johnson,35:41,19,11,3,9,.667,0,0
20251218,DEN,Jamal Murray,35:40,32,2,3,22,.500,1,1
20251218,DEN,Bruce Brown,34:25,11,2,2,11,.455,0,2
20251218,DEN,Spencer Jones,18:54,8,1,1,7,.571,3,0
20251218,DEN,Tim Hardaway Jr.,26:58,12,4,0,8,.625,0,2
20251218,DEN,Jalen Pickett,23:54,9,3,7,7,.429,0,0
20251218,DEN,Jonas Valančiūnas,13:11,10,5,0,6,.667,1,2
20251218,DEN,Zeke Nnaji,7:35,0,1,2,0,,0,0
20251218,DEN,Julian Strawther,5:55,2,0,0,1,1.000,0,0
20251218,GSW,Jimmy Butler,33:56,31,3,3,17,.647,1,2
20251218,GSW,Stephen Curry,33:15,15,9,7,13,.231,1,2
20251218,GSW,Moses Moody,30:27,5,8,3,10,.200,1,1
20251218,GSW,Draymond Green,30:03,7,6,3,9,.333,2,5
20251218,GSW,Quinten Post,26:38,9,11,1,14,.214,1,1
20251218,GSW,Brandin Podziemski,27:46,18,2,2,11,.727,1,2
20251218,GSW,De'Anthony Melton,14:55,2,0,2,6,.167,2,2
20251218,GSW,Gui Santos,13:39,6,5,2,2,1.000,0,1
20251218,GSW,Buddy Hield,9:58,3,0,0,2,.500,0,2
20251218,GSW,Jonathan Kuminga,9:31,2,4,1,5,.200,0,1
20251218,GSW,Trayce Jackson-Davis,6:46,0,4,3,0,,0,0
20251218,GSW,Gary Payton II,3:07,0,2,0,0,,0,1
20251218,PHO,Collin Gillespie,33:44,16,6,5,12,.417,2,3
20251218,PHO,Dillon Brooks,33:02,24,7,2,23,.435,1,3
20251218,PHO,Devin Booker,32:57,25,2,2,19,.474,1,3
20251218,PHO,Royce O'Neale,31:19,9,5,3,9,.333,3,1
20251218,PHO,Mark Williams,19:01,6,4,1,3,.667,1,1
20251218,PHO,Jordan Goodwin,30:08,9,6,3,12,.250,2,0
20251218,PHO,Oso Ighodaro,28:24,2,13,0,3,.333,5,2
20251218,PHO,Ryan Dunn,17:10,4,2,2,3,.667,0,2
20251218,PHO,Jamaree Bouyea,14:15,4,4,1,4,.250,1,0
20251218,LAL,Luka Dončić,39:33,45,11,14,28,.500,5,1
20251218,LAL,Rui Hachimura,32:47,13,3,1,10,.600,0,0
20251218,LAL,LeBron James,32:37,28,7,10,17,.471,1,2
20251218,LAL,Marcus Smart,27:42,17,4,1,11,.545,1,1
20251218,LAL,Jaxson Hayes,22:11,16,3,0,7,1.000,0,1
20251218,LAL,Jake LaRavia,28:13,12,6,4,6,.667,0,1
20251218,LAL,Jarred Vanderbilt,25:10,7,11,1,7,.429,0,1
20251218,LAL,Maxi Kleber,19:00,5,2,1,2,.500,0,0
20251218,LAL,Nick Smith Jr.,5:19,0,0,0,2,.000,0,0
20251218,LAL,Dalton Knecht,4:29,0,0,0,1,.000,0,0
20251218,LAL,Adou Thiero,2:59,0,1,0,2,.000,0,0
20251218,UTA,Keyonte George,39:05,34,4,8,20,.450,0,2
20251218,UTA,Jusuf Nurkić,31:34,15,8,7,8,.625,1,5
20251218,UTA,Kyle Filipowski,27:13,6,13,0,7,.429,0,1
20251218,UTA,Ace Bailey,26:10,19,4,0,13,.538,1,1
20251218,UTA,Svi Mykhailiuk,16:59,11,1,0,3,1.000,1,1
20251218,UTA,Isaiah Collier,28:08,18,0,13,12,.500,0,3
20251218,UTA,Taylor Hendricks,22:45,4,3,1,1,1.000,1,0
20251218,UTA,Brice Sensabaugh,17:29,15,3,0,9,.556,0,0
20251218,UTA,Kevin Love,16:20,5,2,1,5,.200,0,0
20251218,UTA,Walter Clayton,14:19,8,1,1,5,.600,0,0
20251218,SAC,Keegan Murray,42:48,17,3,2,17,.471,2,2
20251218,SAC,Maxime Raynaud,36:52,29,11,2,20,.500,2,2
20251218,SAC,Russell Westbrook,35:25,20,3,10,11,.727,0,3
20251218,SAC,DeMar DeRozan,34:51,33,4,3,16,.625,2,2
20251218,SAC,Precious Achiuwa,14:00,2,5,2,5,.200,1,1
20251218,SAC,Keon Ellis,32:27,10,4,3,9,.333,6,3
20251218,SAC,Dennis Schröder,22:20,6,2,6,6,.333,0,2
20251218,SAC,Nique Clifford,19:57,8,2,0,6,.500,0,1
20251218,SAC,Dylan Cardwell,16:08,8,7,1,3,1.000,0,1
20251218,SAC,Dario Šarić,10:12,0,1,0,1,.000,0,1
20251218,POR,Deni Avdija,42:13,35,5,5,19,.632,1,5
20251218,POR,Jerami Grant,40:26,20,9,5,18,.389,0,3
20251218,POR,Shaedon Sharpe,35:06,26,4,4,22,.500,1,4
20251218,POR,Donovan Clingan,34:58,19,8,4,9,.667,0,1
20251218,POR,Toumani Camara,34:37,17,8,5,12,.500,0,2
20251218,POR,Sidy Cissoko,28:35,3,0,3,6,.167,2,2
20251218,POR,Kris Murray,17:19,7,3,1,6,.500,1,1
20251218,POR,Robert Williams,17:13,2,6,2,3,.333,0,1
20251218,POR,Caleb Love,8:39,5,1,1,7,.286,1,0
20251218,POR,Duop Reath,4:14,0,0,0,1,.000,0,0
20251218,POR,Rayan Rupert,1:40,0,0,0,0,,0,0
20251219,MIA,Jaime Jaquez Jr.,36:20,14,8,4,15,.333,0,4
20251219,MIA,Bam Adebayo,36:07,16,10,4,13,.462,1,3
20251219,MIA,Kasparas Jakučionis,35:36,17,6,4,13,.385,0,1
20251219,MIA,Norman Powell,34:27,18,4,3,21,.333,1,1
20251219,MIA,Kel'el Ware,27:34,24,14,2,12,.667,0,0
20251219,MIA,Simone Fontecchio,30:28,12,2,4,13,.308,0,1
20251219,MIA,Dru Smith,21:09,7,1,4,10,.200,3,3
20251219,MIA,Myron Gardner,16:31,5,2,1,4,.500,1,0
20251219,MIA,Keshad Johnson,0:54,3,0,0,1,1.000,0,0
20251219,MIA,Vladislav Goldin,0:54,0,0,1,0,,0,0
20251219,BOS,Derrick White,35:41,33,5,6,20,.550,0,1
20251219,BOS,Jaylen Brown,34:44,30,9,7,18,.500,1,5
20251219,BOS,Payton Pritchard,26:52,9,4,4,8,.250,2,0
20251219,BOS,Neemias Queta,25:00,10,3,3,6,.667,1,1
20251219,BOS,Jordan Walsh,21:33,6,7,1,6,.333,0,1
20251219,BOS,Hugo González,29:27,10,8,0,7,.571,2,2
20251219,BOS,Anfernee Simons,28:53,14,4,1,10,.600,0,1
20251219,BOS,Sam Hauser,25:14,15,4,3,6,.833,0,2
20251219,BOS,Josh Minott,6:52,2,1,0,1,1.000,2,1
20251219,BOS,Baylor Scheierman,5:44,0,1,0,0,,0,0
20251219,PHI,VJ Edgecombe,38:04,23,3,4,18,.556,2,1
20251219,PHI,Tyrese Maxey,37:49,30,2,9,24,.458,1,3
20251219,PHI,Paul George,33:05,7,6,4,10,.200,1,1
20251219,PHI,Andre Drummond,32:18,14,13,1,7,.571,0,1
20251219,PHI,Dominick Barlow,17:37,11,4,1,7,.714,0,0
20251219,PHI,Jared McCain,21:03,12,3,1,10,.400,0,1
20251219,PHI,Quentin Grimes,17:51,5,1,1,4,.250,1,2
20251219,PHI,Adem Bona,14:46,3,2,0,1,1.000,0,1
20251219,PHI,Jabari Walker,13:48,3,1,0,3,.000,0,0
20251219,PHI,Justin Edwards,13:39,8,1,0,4,.500,2,0
20251219,NYK,Mikal Bridges,37:04,21,7,5,16,.563,0,2
20251219,NYK,Jalen Brunson,36:50,22,6,9,22,.318,0,0
20251219,NYK,Karl-Anthony Towns,35:20,22,11,1,15,.467,0,3
20251219,NYK,Josh Hart,33:50,5,10,6,7,.286,1,3
20251219,NYK,OG Anunoby,31:52,2,3,1,9,.111,0,2
20251219,NYK,Mitchell Robinson,26:03,21,16,1,8,.875,1,1
20251219,NYK,Jordan Clarkson,15:50,9,2,0,6,.667,1,3
20251219,NYK,Tyler Kolek,15:27,2,2,2,3,.333,0,4
20251219,NYK,Guerschon Yabusele,4:29,3,0,1,1,1.000,0,0
20251219,NYK,Mohamed Diawara,3:16,0,0,0,1,.000,0,0
20251219,SAS,Devin Vassell,27:21,18,7,3,15,.467,2,1
20251219,SAS,Stephon Castle,23:55,17,2,7,10,.700,0,3
20251219,SAS,De'Aaron Fox,21:53,8,5,8,11,.364,1,2
20251219,SAS,Harrison Barnes,21:48,7,4,0,3,.667,1,0
20251219,SAS,Luke Kornet,17:37,8,9,0,5,.600,1,1
20251219,SAS,Victor Wembanyama,21:28,26,12,3,15,.667,1,2
20251219,SAS,Dylan Harper,18:26,6,3,4,6,.500,0,2
20251219,SAS,Julian Champagnie,18:19,6,4,3,7,.286,3,0
20251219,SAS,Lindy Waters III,16:55,8,1,0,5,.600,2,0
20251219,SAS,Keldon Johnson,16:08,13,3,2,8,.750,0,0
20251219,SAS,Jordan McLaughlin,10:02,4,3,0,3,.667,0,1
20251219,SAS,Jeremy Sochan,10:02,0,1,0,1,.000,0,0
20251219,SAS,Kelly Olynyk,8:03,4,1,0,4,.500,0,1
20251219,SAS,Carter Bryant,8:03,1,1,1,1,.000,0,1
20251219,ATL,Nickeil Alexander-Walker,32:34,23,2,4,18,.389,0,3
20251219,ATL,Jalen Johnson,31:07,17,11,6,11,.545,1,7
20251219,ATL,Onyeka Okongwu,30:56,7,8,5,11,.273,2,1
20251219,ATL,Zaccharie Risacher,30:25,11,6,3,11,.364,2,2
20251219,ATL,Dyson Daniels,25:51,11,6,3,14,.357,0,1
20251219,ATL,Luke Kennard,28:46,10,2,0,5,.800,1,1
20251219,ATL,Asa Newell,19:39,9,0,1,9,.444,0,1
20251219,ATL,Vít Krejčí,18:21,2,3,1,5,.200,0,0
20251219,ATL,Mouhamed Gueye,14:18,4,4,0,6,.333,0,0
20251219,ATL,Keaton Wallace,8:03,4,1,3,4,.500,1,0
20251219,CHI,Matas Buzelis,33:11,24,5,1,15,.600,2,0
20251219,CHI,Nikola Vučević,32:18,24,15,2,20,.550,1,1
20251219,CHI,Josh Giddey,29:59,17,6,7,15,.467,1,2
20251219,CHI,Coby White,29:46,13,6,9,13,.385,0,3
20251219,CHI,Isaac Okoro,19:30,3,2,0,3,.333,3,0
20251219,CHI,Tre Jones,22:06,16,1,6,7,.714,2,2
20251219,CHI,Kevin Huerter,20:15,14,5,3,12,.500,2,0
20251219,CHI,Zach Collins,18:58,13,3,2,5,.800,0,3
20251219,CHI,Jalen Smith,15:08,4,4,0,4,.500,0,1
20251219,CHI,Ayo Dosunmu,13:56,8,1,3,7,.429,1,0
20251219,CHI,Patrick Williams,4:53,0,0,1,1,.000,0,0
20251219,CLE,Darius Garland,33:12,35,2,8,27,.481,1,4
20251219,CLE,Jarrett Allen,29:45,14,12,5,9,.667,2,1
20251219,CLE,Dean Wade,27:53,2,5,1,4,.250,0,0
20251219,CLE,Tyrese Proctor,26:52,16,6,3,15,.400,1,1
20251219,CLE,Jaylon Tyson,25:45,9,5,1,10,.400,1,5
20251219,CLE,Lonzo Ball,28:06,8,3,8,4,.750,2,1
20251219,CLE,De'Andre Hunter,25:47,11,3,1,10,.300,0,1
20251219,CLE,Nae'Qwan Tomlin,20:55,15,3,2,14,.429,1,1
20251219,CLE,Thomas Bryant,16:06,11,4,2,6,.667,1,0
20251219,CLE,Luke Travers,5:39,4,3,0,2,1.000,1,1
20251219,OKC,Shai Gilgeous-Alexander,37:02,35,5,7,26,.462,2,3
20251219,OKC,Jalen Williams,31:31,17,7,2,16,.375,2,4
20251219,OKC,Luguentz Dort,28:46,11,4,2,12,.250,0,1
20251219,OKC,Isaiah Hartenstein,27:31,1,10,0,2,.000,0,2
20251219,OKC,Chet Holmgren,24:51,14,5,0,9,.444,0,0
20251219,OKC,Cason Wallace,26:48,2,2,0,3,.000,3,1
20251219,OKC,Ajay Mitchell,22:54,14,2,2,10,.500,0,0
20251219,OKC,Alex Caruso,22:30,7,12,1,7,.286,0,0
20251219,OKC,Isaiah Joe,12:55,6,4,2,5,.400,0,0
20251219,OKC,Kenrich Williams,5:12,0,1,0,2,.000,0,0
20251219,MIN,Anthony Edwards,40:46,26,12,3,20,.450,3,3
20251219,MIN,Jaden McDaniels,37:02,13,4,2,13,.308,0,2
20251219,MIN,Donte DiVincenzo,33:23,15,4,1,12,.417,0,1
20251219,MIN,Rudy Gobert,33:07,9,14,1,7,.429,0,2
20251219,MIN,Julius Randle,32:09,19,8,5,15,.200,0,2
20251219,MIN,Naz Reid,30:39,15,6,2,10,.500,3,1
20251219,MIN,Bones Hyland,15:41,13,3,3,7,.571,2,1
20251219,MIN,Rob Dillingham,12:01,0,6,3,4,.000,0,1
20251219,MIN,Terrence Shannon Jr.,5:12,2,0,0,0,,0,0
20251220,HOU,Kevin Durant,39:32,31,6,5,14,.571,0,3
20251220,HOU,Jabari Smith Jr.,38:29,22,10,2,14,.571,0,4
20251220,HOU,Amen Thompson,38:18,16,4,6,14,.500,2,3
20251220,HOU,Alperen Şengün,30:21,8,6,4,9,.444,1,5
20251220,HOU,Josh Okogie,28:38,9,3,1,5,.600,0,0
20251220,HOU,Reed Sheppard,30:00,28,2,6,15,.600,3,1
20251220,HOU,Steven Adams,25:14,1,12,0,4,.000,0,0
20251220,HOU,Aaron Holiday,7:57,0,4,0,2,.000,0,3
20251220,HOU,Jae'Sean Tate,1:30,0,0,0,0,,0,0
20251220,DEN,Jamal Murray,34:35,16,4,7,13,.308,2,2
20251220,DEN,Cameron Johnson,31:53,6,4,3,10,.200,1,0
20251220,DEN,Tim Hardaway Jr.,29:54,8,2,0,9,.333,1,2
20251220,DEN,Nikola Jokić,29:08,25,7,5,20,.450,0,5
20251220,DEN,Spencer Jones,27:50,9,4,2,8,.500,2,0
20251220,DEN,Bruce Brown,27:44,12,12,1,8,.625,2,0
20251220,DEN,Jalen Pickett,22:22,10,4,1,7,.571,0,1
20251220,DEN,Jonas Valančiūnas,15:43,10,1,1,10,.500,1,1
20251220,DEN,Zeke Nnaji,11:19,1,0,0,1,.000,0,0
20251220,DEN,Julian Strawther,4:46,2,0,1,2,.000,0,0
20251220,DEN,Hunter Tyson,4:46,2,1,0,4,.250,0,0
20251220,IND,Pascal Siakam,30:51,22,5,3,14,.429,1,3
20251220,IND,Andrew Nembhard,27:01,7,3,5,11,.182,0,1
20251220,IND,Bennedict Mathurin,26:45,4,4,2,9,.222,1,2
20251220,IND,Jay Huff,21:18,9,6,2,8,.375,0,0
20251220,IND,Quenton Jackson,17:02,2,2,1,3,.333,0,2
20251220,IND,Johnny Furphy,23:12,18,2,0,10,.700,0,1
20251220,IND,Jarace Walker,20:05,7,5,3,11,.182,1,0
20251220,IND,Ethan Thompson,18:57,7,2,2,7,.429,1,1
20251220,IND,T.J. McConnell,17:31,16,4,8,10,.800,2,2
20251220,IND,James Wiseman,14:44,6,3,0,5,.600,0,1
20251220,IND,Isaiah Jackson,11:58,4,5,1,4,.250,0,1
20251220,IND,Garrison Mathews,10:36,7,1,1,2,1.000,1,0
20251220,NOP,Trey Murphy III,32:59,17,6,4,8,.625,0,2
20251220,NOP,Saddiq Bey,27:52,18,5,3,14,.429,1,1
20251220,NOP,Derik Queen,27:10,17,10,4,8,1.000,1,2
20251220,NOP,Jeremiah Fears,22:30,5,3,1,6,.333,0,4
20251220,NOP,Herbert Jones,12:07,5,3,3,6,.333,1,0
20251220,NOP,Jordan Poole,31:35,16,2,6,10,.400,0,2
20251220,NOP,Zion Williamson,23:29,29,7,1,14,.643,1,2
20251220,NOP,Jose Alvarado,21:59,3,1,1,5,.200,1,2
20251220,NOP,Karlo Matković,19:53,6,9,2,5,.600,1,1
20251220,NOP,Micah Peavy,14:36,8,1,0,4,.750,0,0
20251220,NOP,Yves Missi,2:55,4,1,0,3,.667,0,0
20251220,NOP,Jordan Hawkins,2:55,0,1,0,2,.000,0,0
20251220,DAL,Cooper Flagg,36:31,24,4,3,16,.500,0,3
20251220,DAL,Naji Marshall,34:23,22,9,4,12,.750,2,5
20251220,DAL,Anthony Davis,33:57,24,15,2,20,.550,0,1
20251220,DAL,P.J. Washington,30:21,15,8,2,8,.750,0,0
20251220,DAL,Ryan Nembhard,26:14,7,0,5,7,.429,1,1
20251220,DAL,Brandon Williams,21:23,10,2,5,6,.667,0,4
20251220,DAL,Klay Thompson,17:32,10,1,1,11,.364,1,3
20251220,DAL,Max Christie,14:16,0,0,1,2,.000,0,0
20251220,DAL,Daniel Gafford,14:03,2,4,0,0,,0,1
20251220,DAL,D'Angelo Russell,11:20,0,1,1,1,.000,1,0
20251220,PHI,Tyrese Maxey,40:44,38,2,4,31,.484,1,0
20251220,PHI,VJ Edgecombe,34:44,26,6,4,21,.476,0,2
20251220,PHI,Dominick Barlow,30:20,21,4,2,13,.692,2,1
20251220,PHI,Quentin Grimes,24:36,6,2,7,9,.222,2,1
20251220,PHI,Andre Drummond,23:14,6,12,3,5,.400,0,0
20251220,PHI,Jared McCain,30:24,12,5,5,11,.273,3,2
20251220,PHI,Adem Bona,24:46,10,8,0,6,.333,1,1
20251220,PHI,Jabari Walker,17:40,2,8,0,5,.200,1,0
20251220,PHI,Justin Edwards,13:32,0,0,2,1,.000,1,1
20251220,BOS,Payton Pritchard,37:00,33,7,10,24,.542,0,1
20251220,BOS,Derrick White,35:55,15,5,7,20,.250,0,2
20251220,BOS,Sam Hauser,27:21,6,6,1,6,.333,0,1
20251220,BOS,Neemias Queta,22:08,14,5,0,7,1.000,1,1
20251220,BOS,Jordan Walsh,12:44,0,4,0,1,.000,0,1
20251220,BOS,Hugo González,27:49,10,10,0,9,.556,2,0
20251220,BOS,Anfernee Simons,26:00,15,3,1,15,.400,2,0
20251220,BOS,Luka Garza,25:43,12,10,2,9,.444,0,1
20251220,BOS,Josh Minott,17:25,5,4,0,2,.500,0,1
20251220,BOS,Baylor Scheierman,7:55,2,1,1,2,.500,2,1
20251220,TOR,Brandon Ingram,35:10,24,4,7,17,.588,0,3
20251220,TOR,Scottie Barnes,33:08,12,9,6,15,.333,0,4
20251220,TOR,Immanuel Quickley,31:33,3,4,7,12,.083,1,1
20251220,TOR,Sandro Mamukelashvili,29:47,24,5,1,13,.692,0,2
20251220,TOR,Ochai Agbaji,27:08,6,3,1,5,.200,0,0
20251220,TOR,Jamal Shead,23:38,6,3,2,5,.400,0,1
20251220,TOR,Collin Murray-Boyles,22:40,9,6,4,8,.500,0,1
20251220,TOR,Ja'Kobe Walter,15:11,7,0,0,6,.333,0,0
20251220,TOR,Gradey Dick,13:20,5,0,1,4,.500,1,0
20251220,TOR,Jamison Battle,6:27,0,2,1,1,.000,0,0
20251220,TOR,Garrett Temple,1:58,0,1,0,1,.000,0,0
20251220,CHO,Kon Knueppel,34:27,19,7,5,14,.357,0,4
20251220,CHO,Miles Bridges,30:23,19,2,2,15,.400,0,4
20251220,CHO,Brandon Miller,30:02,14,7,0,16,.250,1,5
20251220,CHO,Ryan Kalkbrenner,24:09,4,7,2,3,.667,0,0
20251220,CHO,LaMelo Ball,23:04,8,1,6,14,.214,2,4
20251220,CHO,Sion James,22:03,5,5,0,6,.333,1,1
20251220,CHO,Tre Mann,17:50,3,4,3,6,.167,2,2
20251220,CHO,Tidjane Salaün,17:37,8,3,0,8,.375,1,1
20251220,CHO,Moussa Diabaté,16:41,1,3,0,2,.000,1,0
20251220,CHO,Josh Green,14:09,5,3,2,5,.400,3,2
20251220,CHO,Mason Plumlee,7:10,0,1,1,0,,1,0
20251220,CHO,Pat Connaughton,2:25,0,0,0,0,,0,0
20251220,DET,Cade Cunningham,35:38,22,10,10,20,.450,2,2
20251220,DET,Tobias Harris,27:15,16,5,3,8,.625,1,1
20251220,DET,Ausar Thompson,25:58,14,4,2,8,.625,3,4
20251220,DET,Duncan Robinson,24:55,15,3,1,10,.500,1,0
20251220,DET,Jalen Duren,24:39,19,11,2,16,.563,1,1
20251220,DET,Isaiah Stewart,24:22,8,11,0,7,.286,1,5
20251220,DET,Ron Holland,23:08,9,9,1,11,.273,1,1
20251220,DET,Caris LeVert,17:34,2,2,0,2,.000,2,2
20251220,DET,Javonte Green,14:16,2,3,1,4,.250,3,0
20251220,DET,Jaden Ivey,13:16,5,1,2,6,.333,1,1
20251220,DET,Daniss Jenkins,4:09,0,1,0,1,.000,0,1
20251220,DET,Paul Reed,2:25,0,0,0,0,,0,1
20251220,DET,Marcus Sasser,2:25,0,1,1,0,,0,1
20251220,WAS,CJ McCollum,39:26,28,5,6,16,.563,0,0
20251220,WAS,Kyshawn George,39:14,28,7,7,16,.625,1,4
20251220,WAS,Bub Carrington,34:51,14,7,4,11,.364,0,2
20251220,WAS,Alex Sarr,26:00,18,11,2,16,.500,0,0
20251220,WAS,Khris Middleton,22:07,6,3,4,9,.111,2,1
20251220,WAS,Justin Champagnie,23:56,4,11,4,5,.200,1,1
20251220,WAS,Marvin Bagley III,21:56,16,6,3,13,.615,0,2
20251220,WAS,Tre Johnson,21:27,12,3,2,11,.455,1,3
20251220,WAS,Will Riley,10:50,4,1,0,2,.500,0,0
20251220,WAS,Malaki Branham,0:13,0,0,0,0,,0,0
20251220,MEM,Cam Spencer,37:06,19,4,11,18,.389,0,2
20251220,MEM,Jaylen Wells,32:01,4,5,1,10,.200,1,2
20251220,MEM,Jaren Jackson Jr.,31:59,22,8,3,18,.389,2,3
20251220,MEM,Cedric Coward,31:00,14,6,3,9,.556,1,2
20251220,MEM,Brandon Clarke,3:52,2,3,0,2,.500,1,0
20251220,MEM,Santi Aldama,35:44,37,10,2,23,.652,1,2
20251220,MEM,Kentavious Caldwell-Pope,27:57,11,2,5,7,.429,1,2
20251220,MEM,Jock Landale,23:50,5,8,1,10,.200,0,1
20251220,MEM,Olivier-Maxence Prosper,16:31,8,2,5,3,1.000,0,0
20251220,PHO,Collin Gillespie,34:46,16,5,4,14,.357,3,1
20251220,PHO,Devin Booker,33:51,38,1,5,27,.481,3,2
20251220,PHO,Dillon Brooks,31:54,22,5,3,11,.727,0,2
20251220,PHO,Royce O'Neale,29:44,5,3,2,7,.286,1,3
20251220,PHO,Mark Williams,18:08,4,5,1,3,.667,2,0
20251220,PHO,Oso Ighodaro,29:44,10,7,2,7,.714,0,1
20251220,PHO,Jordan Goodwin,25:31,9,1,1,8,.375,1,1
20251220,PHO,Ryan Dunn,20:22,7,5,3,6,.333,1,3
20251220,PHO,Jamaree Bouyea,16:01,5,2,2,5,.400,1,1
20251220,GSW,Stephen Curry,35:06,28,10,6,19,.474,1,4
20251220,GSW,Jimmy Butler,34:52,25,1,2,21,.476,0,1
20251220,GSW,Quinten Post,26:25,7,4,2,8,.375,0,1
20251220,GSW,Moses Moody,17:33,3,2,3,4,.250,0,0
20251220,GSW,Draymond Green,8:15,4,3,1,2,1.000,1,1
20251220,GSW,Brandin Podziemski,29:54,11,3,6,11,.364,1,4
20251220,GSW,Will Richard,19:15,20,5,0,7,.857,0,2
20251220,GSW,Gary Payton II,18:47,5,8,3,6,.333,1,2
20251220,GSW,Trayce Jackson-Davis,17:27,5,7,0,2,1.000,1,2
20251220,GSW,De'Anthony Melton,15:34,2,2,5,5,.000,1,2
20251220,GSW,Pat Spencer,10:19,4,1,1,4,.250,1,0
20251220,GSW,Gui Santos,6:34,5,3,0,3,.667,2,1
20251220,ORL,Paolo Banchero,42:18,23,9,9,18,.333,0,2
20251220,ORL,Anthony Black,39:34,20,6,5,12,.500,0,1
20251220,ORL,Desmond Bane,39:21,32,6,1,21,.619,2,5
20251220,ORL,Wendell Carter Jr.,37:27,14,9,4,9,.667,0,2
20251220,ORL,Tyus Jones,18:13,5,1,2,7,.286,1,0
20251220,ORL,Noah Penda,23:35,13,12,4,11,.545,2,1
20251220,ORL,Jase Richardson,23:10,10,1,3,10,.400,0,1
20251220,ORL,Goga Bitadze,15:33,5,4,2,2,1.000,1,0
20251220,ORL,Jett Howard,14:49,5,2,2,4,.500,0,1
20251220,ORL,Jonathan Isaac,11:00,1,2,0,2,.000,0,0
20251220,UTA,Keyonte George,41:33,27,4,9,22,.364,2,5
20251220,UTA,Ace Bailey,34:21,14,4,3,14,.429,0,0
20251220,UTA,Svi Mykhailiuk,30:55,23,3,2,16,.563,1,0
20251220,UTA,Kyle Filipowski,21:08,6,4,1,7,.286,0,1
20251220,UTA,Jusuf Nurkić,21:06,4,8,5,5,.400,1,1
20251220,UTA,Kevin Love,31:54,16,16,1,12,.500,1,0
20251220,UTA,Isaiah Collier,28:07,18,5,9,12,.500,1,3
20251220,UTA,Brice Sensabaugh,24:36,12,4,2,9,.333,0,1
20251220,UTA,Cody Williams,12:39,0,2,2,4,.000,0,0
20251220,UTA,Taylor Hendricks,10:38,6,2,0,2,1.000,0,0
20251220,UTA,Walter Clayton,8:03,1,0,0,2,.000,1,1
20251220,POR,Deni Avdija,40:10,24,7,11,18,.333,1,5
20251220,POR,Toumani Camara,36:31,15,6,2,14,.357,4,4
20251220,POR,Kris Murray,35:37,9,3,0,7,.429,2,1
20251220,POR,Shaedon Sharpe,34:19,23,4,3,19,.526,2,5
20251220,POR,Donovan Clingan,30:09,14,14,0,7,.857,1,2
20251220,POR,Sidy Cissoko,23:34,1,3,1,5,.000,0,2
20251220,POR,Robert Williams,17:53,10,9,1,5,.800,2,1
20251220,POR,Caleb Love,9:25,2,0,0,5,.200,0,0
20251220,POR,Rayan Rupert,8:07,0,0,0,0,,0,0
20251220,POR,Duop Reath,4:14,0,0,0,1,.000,0,0
20251220,SAC,Keegan Murray,39:42,15,6,2,19,.368,0,2
20251220,SAC,DeMar DeRozan,34:56,15,5,1,12,.417,5,1
20251220,SAC,Maxime Raynaud,30:30,17,11,1,13,.538,1,5
20251220,SAC,Russell Westbrook,30:24,7,8,7,10,.200,4,1
20251220,SAC,Precious Achiuwa,9:34,2,2,0,6,.000,0,0
20251220,SAC,Dennis Schröder,31:08,21,5,6,13,.462,1,4
20251220,SAC,Nique Clifford,29:20,12,5,1,11,.455,2,0
20251220,SAC,Dylan Cardwell,20:46,4,8,0,3,.333,1,2
20251220,SAC,Keon Ellis,10:15,0,0,0,0,,0,0
20251220,SAC,Dario Šarić,3:25,0,0,0,0,,0,0
20251220,LAL,LeBron James,37:37,36,4,3,28,.536,2,3
20251220,LAL,Jake LaRavia,37:13,12,11,6,11,.455,2,0
20251220,LAL,Jaxson Hayes,30:59,8,5,2,4,.750,1,1
20251220,LAL,Marcus Smart,30:36,5,4,1,12,.083,0,1
20251220,LAL,Luka Dončić,19:34,12,5,2,13,.308,0,4
20251220,LAL,Jarred Vanderbilt,27:09,4,5,1,4,.250,1,2
20251220,LAL,Nick Smith Jr.,21:47,9,3,1,11,.364,1,0
20251220,LAL,Maxi Kleber,15:50,0,1,0,2,.000,0,0
20251220,LAL,Dalton Knecht,13:29,2,4,0,3,.333,0,0
20251220,LAL,Adou Thiero,5:46,0,1,0,0,,0,0
20251220,LAC,Kawhi Leonard,41:53,32,12,3,24,.333,3,3
20251220,LAC,James Harden,40:57,21,4,10,20,.300,2,3
20251220,LAC,John Collins,31:37,17,12,1,10,.700,2,2
20251220,LAC,Kris Dunn,31:37,8,6,3,4,.750,1,1
20251220,LAC,Ivica Zubac,10:47,5,2,1,3,.667,0,1
20251220,LAC,Brook Lopez,24:52,11,5,0,7,.571,0,4
20251220,LAC,Nicolas Batum,20:05,3,4,0,3,.333,0,0
20251220,LAC,Bogdan Bogdanović,17:51,2,2,4,6,.167,0,2
20251220,LAC,Kobe Sanders,17:08,4,1,0,3,.667,0,0
20251220,LAC,Jordan Miller,2:27,0,0,0,0,,0,0
20251220,LAC,Kobe Brown,0:46,0,0,0,0,,0,0
20251221,CHI,Josh Giddey,31:51,19,9,12,12,.500,2,1
20251221,CHI,Coby White,31:04,21,2,5,13,.462,0,3
20251221,CHI,Nikola Vučević,30:16,13,5,6,12,.417,3,1
20251221,CHI,Matas Buzelis,28:53,28,3,0,11,.909,1,0
20251221,CHI,Isaac Okoro,18:36,14,1,1,7,.857,2,0
20251221,CHI,Tre Jones,22:57,11,3,5,5,.400,0,1
20251221,CHI,Kevin Huerter,21:04,16,1,5,9,.667,1,1
20251221,CHI,Ayo Dosunmu,16:40,13,0,1,10,.600,0,1
20251221,CHI,Zach Collins,15:59,10,7,2,5,.800,0,2
20251221,CHI,Jalen Smith,13:12,3,5,3,1,.000,0,1
20251221,CHI,Patrick Williams,9:29,4,4,1,7,.286,0,0
20251221,ATL,Onyeka Okongwu,39:31,23,7,6,18,.556,1,0
20251221,ATL,Dyson Daniels,39:04,8,9,9,9,.333,2,1
20251221,ATL,Jalen Johnson,35:35,36,11,9,20,.600,0,2
20251221,ATL,Trae Young,26:21,35,1,9,16,.625,0,2
20251221,ATL,Zaccharie Risacher,24:16,17,2,2,11,.545,0,2
20251221,ATL,Nickeil Alexander-Walker,29:01,9,1,2,12,.250,1,3
20251221,ATL,Vít Krejčí,18:28,20,0,0,10,.600,0,0
20251221,ATL,Mouhamed Gueye,12:58,2,2,0,2,.500,1,0
20251221,ATL,Luke Kennard,9:27,0,1,2,0,,1,0
20251221,ATL,Asa Newell,5:19,0,1,0,0,,0,0
20251221,TOR,Scottie Barnes,33:44,6,6,1,10,.300,1,3
20251221,TOR,Brandon Ingram,33:29,19,5,3,18,.389,0,3
20251221,TOR,Immanuel Quickley,31:32,17,5,10,16,.313,0,1
20251221,TOR,Ochai Agbaji,20:47,7,1,0,6,.500,1,1
20251221,TOR,Jakob Poeltl,6:36,2,2,0,1,1.000,0,1
20251221,TOR,Ja'Kobe Walter,23:08,9,3,0,5,.800,2,1
20251221,TOR,Jamal Shead,20:28,2,2,4,7,.143,0,2
20251221,TOR,Sandro Mamukelashvili,19:57,4,5,0,4,.250,1,3
20251221,TOR,Collin Murray-Boyles,18:42,8,5,2,8,.500,0,0
20251221,TOR,Gradey Dick,17:08,3,2,1,6,.167,1,0
20251221,TOR,Jamison Battle,12:24,4,3,1,5,.400,0,0
20251221,TOR,Garrett Temple,2:05,0,0,1,0,,0,0
20251221,BRK,Michael Porter Jr.,36:09,24,11,5,18,.500,1,3
20251221,BRK,Noah Clowney,33:21,19,9,2,12,.417,0,1
20251221,BRK,Egor Dёmin,30:24,16,5,3,10,.600,2,4
20251221,BRK,Nic Claxton,27:37,12,7,2,9,.667,0,2
20251221,BRK,Terance Mann,25:42,5,3,7,3,.667,0,2
20251221,BRK,Nolan Traoré,22:18,8,3,2,9,.333,1,1
20251221,BRK,Day'Ron Sharpe,20:24,8,3,4,4,.750,0,2
20251221,BRK,Danny Wolf,18:59,0,3,2,4,.000,0,1
20251221,BRK,Ziaire Williams,13:58,2,1,0,3,.000,3,3
20251221,BRK,Tyrese Martin,11:10,2,3,2,3,.333,0,2
20251221,MIA,Norman Powell,35:11,22,4,3,17,.412,3,1
20251221,MIA,Kel'el Ware,34:31,28,19,0,15,.733,1,1
20251221,MIA,Bam Adebayo,33:34,14,9,0,11,.364,0,3
20251221,MIA,Davion Mitchell,31:04,13,2,8,8,.625,0,3
20251221,MIA,Andrew Wiggins,24:27,7,5,4,8,.250,0,1
20251221,MIA,Jaime Jaquez Jr.,33:38,23,0,5,15,.600,0,1
20251221,MIA,Dru Smith,17:50,9,0,3,4,.500,1,0
20251221,MIA,Simone Fontecchio,17:21,7,4,3,6,.167,0,1
20251221,MIA,Kasparas Jakučionis,12:24,2,2,0,3,.000,0,0
20251221,NYK,Mikal Bridges,40:08,24,2,4,14,.643,0,2
20251221,NYK,Jalen Brunson,38:11,47,3,8,26,.577,0,0
20251221,NYK,OG Anunoby,33:32,18,2,3,12,.500,1,4
20251221,NYK,Josh Hart,33:17,13,10,5,10,.500,2,0
20251221,NYK,Karl-Anthony Towns,28:47,2,6,2,5,.200,2,3
20251221,NYK,Mitchell Robinson,22:22,9,7,2,4,.750,2,0
20251221,NYK,Tyler Kolek,22:12,6,4,3,6,.500,0,1
20251221,NYK,Jordan Clarkson,17:52,10,2,1,5,.800,0,2
20251221,NYK,Mohamed Diawara,3:39,3,0,0,3,.333,0,0
20251221,MIL,Bobby Portis,39:04,16,11,1,17,.412,1,3
20251221,MIL,Myles Turner,37:39,13,5,4,11,.364,0,0
20251221,MIL,Kevin Porter Jr.,37:16,24,10,9,17,.471,4,6
20251221,MIL,Kyle Kuzma,32:10,12,10,4,5,.600,0,4
20251221,MIL,A.J. Green,23:26,4,3,2,8,.125,0,2
20251221,MIL,Ryan Rollins,22:44,16,4,5,14,.429,0,0
20251221,MIL,Jericho Sims,19:12,9,6,2,4,1.000,1,1
20251221,MIL,Gary Trent Jr.,17:47,6,2,0,11,.182,0,0
20251221,MIL,Gary Harris,10:42,0,0,0,0,,0,0
20251221,MIN,Rudy Gobert,39:18,11,18,3,7,.714,1,0
20251221,MIN,Anthony Edwards,36:40,24,4,6,24,.292,0,1
20251221,MIN,Donte DiVincenzo,33:09,18,5,4,11,.636,2,3
20251221,MIN,Julius Randle,32:21,12,7,2,9,.444,2,2
20251221,MIN,Jaden McDaniels,8:50,0,1,1,4,.000,0,0
20251221,MIN,Naz Reid,28:55,12,6,2,12,.417,1,4
20251221,MIN,Mike Conley,23:54,6,5,6,6,.333,1,0
20251221,MIN,Bones Hyland,18:33,9,0,4,7,.429,1,0
20251221,MIN,Terrence Shannon Jr.,12:12,11,0,0,7,.571,1,0
20251221,MIN,Jaylen Clark,6:08,0,0,0,1,.000,1,0
20251221,SAS,De'Aaron Fox,32:57,27,7,6,19,.526,0,0
20251221,SAS,Stephon Castle,31:58,18,5,11,16,.250,3,2
20251221,SAS,Devin Vassell,30:44,11,6,1,11,.273,0,1
20251221,SAS,Luke Kornet,27:52,20,12,0,11,.727,0,0
20251221,SAS,Harrison Barnes,25:56,14,1,2,11,.455,0,0
20251221,SAS,Keldon Johnson,23:46,12,9,0,6,.667,0,1
20251221,SAS,Victor Wembanyama,21:30,14,12,2,13,.462,0,2
20251221,SAS,Julian Champagnie,18:08,3,3,1,6,.167,0,1
20251221,SAS,Dylan Harper,17:44,1,2,3,8,.000,0,2
20251221,SAS,Kelly Olynyk,9:25,4,4,0,3,.667,0,0
20251221,WAS,Bub Carrington,39:49,21,5,4,11,.636,0,1
20251221,WAS,CJ McCollum,34:10,15,3,4,15,.400,2,2
20251221,WAS,Kyshawn George,33:16,14,4,7,13,.462,1,2
20251221,WAS,Tristan Vukcevic,27:12,18,9,0,19,.421,0,0
20251221,WAS,Justin Champagnie,20:44,5,3,1,6,.333,0,0
20251221,WAS,Tre Johnson,25:27,19,7,1,10,.600,0,0
20251221,WAS,Jamir Watkins,21:55,4,5,2,2,.000,2,0
20251221,WAS,Will Riley,16:48,8,1,1,8,.375,0,0
20251221,WAS,Malaki Branham,16:01,9,4,0,8,.500,0,0
20251221,WAS,Anthony Gill,4:38,0,2,0,3,.000,0,0
20251221,HOU,Kevin Durant,47:30,24,10,8,21,.381,0,2
20251221,HOU,Amen Thompson,45:09,18,9,8,10,.700,3,2
20251221,HOU,Alperen Şengün,40:55,28,6,3,17,.706,2,4
20251221,HOU,Jabari Smith Jr.,36:26,18,5,2,16,.375,2,0
20251221,HOU,Josh Okogie,33:42,3,6,2,5,.200,1,2
20251221,HOU,Reed Sheppard,33:49,15,2,4,13,.308,0,3
20251221,HOU,Tari Eason,15:32,16,3,3,8,.750,1,0
20251221,HOU,Clint Capela,11:56,2,6,1,4,.250,0,1
20251221,SAC,Keegan Murray,46:57,26,4,0,14,.643,1,1
20251221,SAC,DeMar DeRozan,40:08,27,4,9,17,.529,2,1
20251221,SAC,Maxime Raynaud,37:06,12,14,0,12,.500,1,2
20251221,SAC,Russell Westbrook,29:20,21,13,4,24,.333,2,4
20251221,SAC,Precious Achiuwa,18:14,5,1,2,2,.500,1,1
20251221,SAC,Dennis Schröder,31:52,24,7,10,13,.538,0,1
20251221,SAC,Nique Clifford,26:54,6,6,4,8,.250,1,1
20251221,SAC,Dylan Cardwell,20:36,2,4,0,1,1.000,0,0
20251221,SAC,Keon Ellis,9:02,0,2,0,3,.000,0,0
20251221,SAC,Malik Monk,4:50,2,0,0,1,1.000,0,0
20251222,CHO,Kon Knueppel,30:49,20,1,2,11,.545,0,3
20251222,CHO,Miles Bridges,29:33,17,6,4,14,.429,0,1
20251222,CHO,Brandon Miller,26:44,20,1,3,13,.615,2,3
20251222,CHO,LaMelo Ball,24:24,23,4,9,16,.500,0,3
20251222,CHO,Mason Plumlee,10:00,5,5,0,4,.500,0,3
20251222,CHO,Moussa Diabaté,28:24,5,14,2,6,.333,6,3
20251222,CHO,Tidjane Salaün,21:28,2,3,1,4,.250,0,0
20251222,CHO,Sion James,20:42,7,1,3,5,.400,0,1
20251222,CHO,Josh Green,19:30,10,1,1,4,.750,2,1
20251222,CHO,Tre Mann,17:20,13,5,3,13,.385,0,1
20251222,CHO,Liam McNeeley,5:33,7,1,1,3,.667,0,0
20251222,CHO,Pat Connaughton,5:33,3,2,0,1,1.000,0,0
20251222,CLE,Darius Garland,30:24,27,4,10,15,.600,2,3
20251222,CLE,Donovan Mitchell,28:43,30,4,5,18,.556,0,3
20251222,CLE,Dean Wade,27:54,14,7,2,7,.571,0,0
20251222,CLE,Jaylon Tyson,20:02,0,1,3,6,.000,3,2
20251222,CLE,Jarrett Allen,19:48,12,5,2,4,1.000,1,2
20251222,CLE,Sam Merrill,25:56,4,1,5,7,.286,1,0
20251222,CLE,De'Andre Hunter,25:40,27,5,1,13,.692,1,2
20251222,CLE,Lonzo Ball,23:49,6,2,7,5,.400,1,1
20251222,CLE,Thomas Bryant,19:39,10,1,1,5,.800,0,0
20251222,CLE,Nae'Qwan Tomlin,12:44,5,0,0,4,.500,0,0
20251222,CLE,Craig Porter Jr.,2:55,2,0,0,1,1.000,0,0
20251222,CLE,Tyrese Proctor,2:26,2,0,0,2,.500,0,0
20251222,IND,Pascal Siakam,37:21,25,6,3,18,.500,0,0
20251222,IND,Bennedict Mathurin,36:49,16,9,0,20,.350,0,0
20251222,IND,Andrew Nembhard,35:48,20,2,7,13,.462,0,4
20251222,IND,Ethan Thompson,33:36,13,4,4,12,.417,1,2
20251222,IND,Jay Huff,25:09,3,5,0,6,.167,0,2
20251222,IND,Johnny Furphy,23:04,3,5,2,4,.250,1,0
20251222,IND,Quenton Jackson,15:55,9,0,1,5,.400,1,2
20251222,IND,Jarace Walker,15:22,2,4,0,5,.200,1,1
20251222,IND,James Wiseman,12:11,0,1,2,1,.000,0,0
20251222,IND,Isaiah Jackson,2:23,0,0,0,0,,0,1
20251222,IND,Garrison Mathews,1:00,2,0,0,0,,0,0
20251222,IND,Kam Jones,0:41,2,0,0,1,1.000,0,0
20251222,IND,Taelon Peter,0:41,0,0,0,0,,0,0
20251222,BOS,Jaylen Brown,33:13,31,9,2,25,.440,1,2
20251222,BOS,Payton Pritchard,32:57,11,3,5,12,.333,2,3
20251222,BOS,Derrick White,31:31,19,5,4,16,.438,0,2
20251222,BOS,Neemias Queta,23:22,8,8,2,5,.600,0,1
20251222,BOS,Josh Minott,8:35,2,0,0,2,.500,1,0
20251222,BOS,Hugo González,36:47,6,11,1,5,.600,1,2
20251222,BOS,Luka Garza,24:28,6,9,3,2,1.000,0,0
20251222,BOS,Sam Hauser,19:55,6,3,1,8,.250,1,1
20251222,BOS,Anfernee Simons,17:25,11,0,1,11,.364,0,1
20251222,BOS,Baylor Scheierman,11:47,3,1,0,3,.333,0,1
20251222,DAL,Anthony Davis,35:20,35,17,2,28,.571,1,4
20251222,DAL,Cooper Flagg,35:01,16,6,6,11,.455,1,2
20251222,DAL,Naji Marshall,29:03,15,5,6,10,.700,0,1
20251222,DAL,P.J. Washington,28:23,8,8,0,7,.429,1,3
20251222,DAL,Ryan Nembhard,24:39,4,4,8,13,.154,1,5
20251222,DAL,Klay Thompson,31:04,20,5,1,17,.412,1,1
20251222,DAL,Caleb Martin,16:46,4,2,3,2,1.000,0,0
20251222,DAL,Brandon Williams,14:42,4,3,2,8,.250,2,0
20251222,DAL,Daniel Gafford,14:05,3,5,0,3,.333,2,0
20251222,DAL,Jaden Hardy,10:57,4,2,1,5,.200,0,0
20251222,NOP,Trey Murphy III,37:59,11,5,4,12,.333,4,1
20251222,NOP,Saddiq Bey,35:13,19,7,1,17,.412,0,1
20251222,NOP,Derik Queen,34:10,19,10,6,12,.583,2,3
20251222,NOP,Jeremiah Fears,24:06,12,5,4,14,.286,1,1
20251222,NOP,Herbert Jones,21:41,9,2,4,7,.571,1,1
20251222,NOP,Jordan Poole,27:14,14,2,1,12,.333,0,2
20251222,NOP,Zion Williamson,25:05,24,9,3,14,.714,0,1
20251222,NOP,Jose Alvarado,15:36,6,2,3,4,.500,1,1
20251222,NOP,Karlo Matković,13:40,5,6,1,4,.500,0,1
20251222,NOP,Micah Peavy,5:16,0,3,1,1,.000,0,0
20251222,UTA,Lauri Markkanen,36:12,27,8,1,20,.500,0,3
20251222,UTA,Jusuf Nurkić,34:32,17,14,6,10,.600,0,2
20251222,UTA,Keyonte George,33:55,20,8,7,14,.500,1,4
20251222,UTA,Ace Bailey,24:01,10,3,0,13,.308,0,0
20251222,UTA,Svi Mykhailiuk,14:19,6,1,0,8,.250,0,0
20251222,UTA,Isaiah Collier,23:50,2,2,9,6,.167,2,2
20251222,UTA,Brice Sensabaugh,23:11,14,6,1,12,.417,1,1
20251222,UTA,Walter Clayton,16:32,6,2,4,7,.286,1,0
20251222,UTA,Kyle Filipowski,12:39,5,2,1,2,1.000,0,1
20251222,UTA,Taylor Hendricks,12:37,5,2,0,4,.500,0,0
20251222,UTA,Cody Williams,8:12,0,1,1,0,,0,1
20251222,DEN,Cameron Johnson,29:10,20,2,4,9,.667,0,1
20251222,DEN,Nikola Jokić,28:39,14,13,13,7,.714,2,2
20251222,DEN,Peyton Watson,27:50,20,3,2,9,.778,1,0
20251222,DEN,Jamal Murray,26:55,27,6,5,16,.500,1,1
20251222,DEN,Spencer Jones,19:51,3,1,3,6,.167,1,1
20251222,DEN,Bruce Brown,27:17,15,5,1,9,.778,2,0
20251222,DEN,Tim Hardaway Jr.,24:37,21,3,2,12,.500,0,1
20251222,DEN,Jalen Pickett,21:42,3,3,5,5,.200,0,2
20251222,DEN,Jonas Valančiūnas,16:13,12,11,1,11,.455,0,0
20251222,DEN,Julian Strawther,11:29,0,0,1,6,.000,1,2
20251222,DEN,Hunter Tyson,3:09,0,1,0,1,.000,0,0
20251222,DEN,Zeke Nnaji,3:08,0,3,0,1,.000,0,0
20251222,MEM,Cam Spencer,34:47,14,5,8,11,.364,1,4
20251222,MEM,Jaylen Wells,32:30,12,4,0,16,.313,3,5
20251222,MEM,Jaren Jackson Jr.,31:35,11,3,1,8,.250,2,0
20251222,MEM,Jock Landale,25:46,11,10,3,9,.444,0,2
20251222,MEM,Cedric Coward,24:47,16,8,6,10,.500,0,0
20251222,MEM,Santi Aldama,24:40,9,7,1,13,.308,0,2
20251222,MEM,Kentavious Caldwell-Pope,20:41,16,3,4,6,.833,0,3
20251222,MEM,Olivier-Maxence Prosper,17:24,8,1,0,5,.600,0,2
20251222,MEM,GG Jackson II,12:30,6,2,0,5,.400,1,1
20251222,MEM,Christian Koloko,9:30,0,1,1,0,,0,0
20251222,MEM,Jahmai Mashack,5:50,0,2,2,0,,1,2
20251222,OKC,Shai Gilgeous-Alexander,35:39,31,10,8,20,.550,4,5
20251222,OKC,Jalen Williams,34:15,24,6,2,20,.500,0,2
20251222,OKC,Luguentz Dort,30:24,13,4,0,9,.556,3,0
20251222,OKC,Cason Wallace,29:08,8,3,1,8,.375,1,0
20251222,OKC,Branden Carlson,24:44,11,3,2,7,.571,0,2
20251222,OKC,Kenrich Williams,25:00,11,6,3,9,.556,4,0
20251222,OKC,Ajay Mitchell,22:12,16,9,2,13,.538,2,3
20251222,OKC,Isaiah Joe,20:03,5,2,1,5,.200,0,1
20251222,OKC,Brooks Barnhizer,16:24,0,3,1,2,.000,0,0
20251222,OKC,Chris Youngblood,2:12,0,0,0,1,.000,0,0
20251222,ORL,Paolo Banchero,34:03,21,12,7,19,.368,0,4
20251222,ORL,Desmond Bane,33:03,20,4,3,16,.500,0,2
20251222,ORL,Anthony Black,30:31,19,6,3,12,.667,0,2
20251222,ORL,Wendell Carter Jr.,28:44,9,4,2,8,.375,0,1
20251222,ORL,Tyus Jones,25:57,7,3,4,6,.333,4,1
20251222,ORL,Jase Richardson,21:58,11,4,0,11,.455,1,3
20251222,ORL,Jett Howard,18:10,2,2,2,4,.250,0,2
20251222,ORL,Noah Penda,15:26,5,4,0,3,.667,0,1
20251222,ORL,Goga Bitadze,14:29,2,5,0,3,.000,2,1
20251222,ORL,Jonathan Isaac,12:52,1,4,0,2,.000,1,0
20251222,ORL,Jamal Cain,4:47,0,0,0,3,.000,0,1
20251222,GSW,Moses Moody,32:25,20,3,3,11,.727,0,0
20251222,GSW,Stephen Curry,31:08,26,3,6,23,.435,2,3
20251222,GSW,Jimmy Butler,29:30,21,3,4,9,.778,0,1
20251222,GSW,Quinten Post,25:11,8,12,4,10,.400,0,0
20251222,GSW,Draymond Green,17:46,9,7,2,5,.800,0,1
20251222,GSW,Brandin Podziemski,27:30,16,4,5,10,.600,1,2
20251222,GSW,De'Anthony Melton,15:30,4,0,1,6,.167,2,0
20251222,GSW,Will Richard,12:58,0,1,1,2,.000,0,0
20251222,GSW,Trayce Jackson-Davis,12:19,4,4,0,4,.500,0,1
20251222,GSW,Pat Spencer,12:00,2,2,2,5,.000,0,3
20251222,GSW,Gary Payton II,10:20,7,4,5,3,1.000,1,1
20251222,GSW,Gui Santos,10:07,0,1,0,0,,2,0
20251222,GSW,Buddy Hield,3:16,3,3,0,1,1.000,0,1
20251222,DET,Tobias Harris,33:01,12,4,4,14,.357,0,1
20251222,DET,Duncan Robinson,31:37,15,2,4,14,.286,0,0
20251222,DET,Ausar Thompson,27:50,18,12,3,16,.500,4,2
20251222,DET,Cade Cunningham,25:53,14,6,9,9,.667,1,5
20251222,DET,Jalen Duren,23:37,26,10,2,15,.733,1,0
20251222,DET,Javonte Green,23:34,6,5,1,7,.286,2,0
20251222,DET,Isaiah Stewart,20:34,3,4,0,3,.333,0,0
20251222,DET,Caris LeVert,18:00,0,4,1,8,.000,1,0
20251222,DET,Jaden Ivey,17:58,11,0,1,8,.625,2,0
20251222,DET,Daniss Jenkins,13:49,5,1,3,7,.286,0,0
20251222,DET,Paul Reed,4:07,0,0,0,0,,0,0
20251222,POR,Deni Avdija,38:55,18,8,9,12,.333,0,3
20251222,POR,Shaedon Sharpe,34:32,25,3,2,21,.524,5,8
20251222,POR,Donovan Clingan,33:33,17,10,2,8,.750,0,0
20251222,POR,Toumani Camara,29:23,8,2,0,9,.333,0,3
20251222,POR,Kris Murray,27:55,5,3,0,4,.500,0,0
20251222,POR,Sidy Cissoko,27:01,16,3,3,8,.375,1,3
20251222,POR,Caleb Love,18:03,5,3,4,5,.200,0,1
20251222,POR,Robert Williams,14:24,8,5,0,3,1.000,0,0
20251222,POR,Rayan Rupert,10:36,0,0,0,2,.000,0,0
20251222,POR,Duop Reath,5:39,0,1,1,2,.000,0,0
20251223,WAS,CJ McCollum,33:17,14,6,4,17,.294,0,0
20251223,WAS,Kyshawn George,31:21,2,2,6,9,.111,0,3
20251223,WAS,Alex Sarr,24:36,7,11,1,6,.333,1,0
20251223,WAS,Bilal Coulibaly,23:26,14,5,1,13,.385,0,1
20251223,WAS,Khris Middleton,21:51,16,1,1,10,.500,1,0
20251223,WAS,Tre Johnson,21:25,12,3,2,12,.417,1,0
20251223,WAS,Marvin Bagley III,21:08,15,3,1,7,.714,0,0
20251223,WAS,Justin Champagnie,19:28,10,9,0,7,.714,0,0
20251223,WAS,Bub Carrington,15:11,6,5,2,3,.667,0,1
20251223,WAS,Corey Kispert,13:27,9,1,3,8,.375,0,0
20251223,WAS,Malaki Branham,5:46,2,3,1,2,.500,0,1
20251223,WAS,Will Riley,2:16,2,0,0,2,.500,0,0
20251223,WAS,Anthony Gill,2:16,0,0,0,0,,0,0
20251223,WAS,AJ Johnson,2:16,0,0,0,1,.000,0,0
20251223,WAS,Tristan Vukcevic,2:16,0,0,0,0,,0,0
20251223,CHO,Moussa Diabaté,35:44,12,18,1,6,1.000,0,0
20251223,CHO,Miles Bridges,33:36,10,9,9,13,.308,0,1
20251223,CHO,Brandon Miller,30:17,20,4,4,17,.471,0,0
20251223,CHO,Kon Knueppel,28:26,19,3,2,15,.467,0,1
20251223,CHO,LaMelo Ball,24:48,23,2,9,12,.583,1,2
20251223,CHO,Sion James,23:45,13,4,4,5,.400,1,0
20251223,CHO,Tidjane Salaün,21:36,11,6,1,11,.364,1,0
20251223,CHO,Collin Sexton,16:03,12,1,2,7,.286,0,0
20251223,CHO,Tre Mann,11:38,3,2,1,5,.200,0,0
20251223,CHO,Josh Green,11:17,3,2,2,2,.500,0,0
20251223,CHO,Pat Connaughton,1:25,0,0,0,0,,0,0
20251223,CHO,Liam McNeeley,1:25,0,0,0,0,,0,0
20251223,BRK,Michael Porter Jr.,33:41,28,5,1,20,.450,2,3
20251223,BRK,Egor Dёmin,33:28,20,2,5,11,.545,0,3
20251223,BRK,Terance Mann,30:10,4,5,4,6,.167,0,2
20251223,BRK,Noah Clowney,28:19,13,1,1,12,.333,2,2
20251223,BRK,Nic Claxton,27:16,16,10,2,7,.857,1,1
20251223,BRK,Danny Wolf,21:51,3,2,2,9,.111,1,2
20251223,BRK,Day'Ron Sharpe,20:44,9,11,6,5,.600,1,0
20251223,BRK,Ziaire Williams,17:57,9,0,0,5,.200,1,1
20251223,BRK,Nolan Traoré,14:25,5,1,2,3,.667,0,3
20251223,BRK,Tyrese Martin,12:09,7,2,1,4,.500,0,1
20251223,PHI,Tyrese Maxey,39:16,13,3,2,14,.214,4,4
20251223,PHI,Jared McCain,39:14,10,9,4,11,.273,2,2
20251223,PHI,Paul George,33:08,19,4,2,14,.357,4,3
20251223,PHI,Joel Embiid,31:28,27,6,4,13,.615,0,3
20251223,PHI,Jabari Walker,12:46,5,4,1,4,.500,0,1
20251223,PHI,Justin Edwards,20:25,4,2,0,5,.200,1,1
20251223,PHI,Adem Bona,18:37,4,1,0,2,1.000,0,0
20251223,PHI,Eric Gordon,17:06,12,0,0,8,.500,1,0
20251223,PHI,Andre Drummond,16:34,12,13,0,10,.500,0,1
20251223,PHI,Kyle Lowry,10:13,0,1,2,0,,0,1
20251223,PHI,Johni Broome,0:36,0,0,0,0,,0,0
20251223,PHI,Hunter Sallis,0:36,0,0,0,0,,0,0
20251223,CHI,Josh Giddey,36:08,19,11,15,15,.533,0,7
20251223,CHI,Coby White,31:10,24,0,4,13,.538,3,7
20251223,CHI,Nikola Vučević,30:55,21,10,4,16,.563,0,0
20251223,CHI,Isaac Okoro,22:05,8,2,1,6,.333,0,0
20251223,CHI,Matas Buzelis,18:24,15,2,0,8,.750,0,0
20251223,CHI,Kevin Huerter,26:41,9,7,1,7,.429,0,0
20251223,CHI,Tre Jones,23:29,9,3,2,6,.500,0,0
20251223,CHI,Zach Collins,17:40,10,7,2,9,.556,0,1
20251223,CHI,Ayo Dosunmu,16:10,6,2,2,6,.333,0,1
20251223,CHI,Jalen Smith,11:44,5,4,3,3,.333,0,0
20251223,CHI,Patrick Williams,5:34,0,0,1,2,.000,1,0
20251223,ATL,Jalen Johnson,38:52,24,9,10,23,.478,1,5
20251223,ATL,Onyeka Okongwu,35:58,10,7,3,9,.444,0,1
20251223,ATL,Nickeil Alexander-Walker,34:24,21,1,2,19,.474,2,0
20251223,ATL,Trae Young,31:00,22,1,15,16,.438,2,1
20251223,ATL,Zaccharie Risacher,20:49,10,7,3,6,.500,1,0
20251223,ATL,Vít Krejčí,28:31,19,3,2,9,.778,1,1
20251223,ATL,Asa Newell,21:10,13,7,0,7,.714,2,3
20251223,ATL,Luke Kennard,20:46,2,2,2,4,.250,0,0
20251223,ATL,Keaton Wallace,8:30,2,1,1,2,.500,0,0
20251223,NOP,Bryce McGowens,30:36,8,7,3,7,.429,3,1
20251223,NOP,Jeremiah Fears,27:13,11,4,5,11,.273,1,3
20251223,NOP,Trey Murphy III,26:26,14,3,5,12,.500,1,2
20251223,NOP,Saddiq Bey,26:08,11,3,2,13,.385,0,0
20251223,NOP,Derik Queen,25:11,21,7,5,14,.500,1,1
20251223,NOP,Jose Alvarado,25:24,6,2,2,4,.500,1,2
20251223,NOP,Jordan Hawkins,21:34,7,3,1,5,.400,0,2
20251223,NOP,Zion Williamson,20:55,26,5,1,15,.600,1,3
20251223,NOP,Micah Peavy,13:44,5,2,0,4,.500,1,0
20251223,NOP,Yves Missi,12:48,7,2,2,3,1.000,1,1
20251223,NOP,Karlo Matković,10:01,2,5,0,6,.167,0,1
20251223,CLE,Donovan Mitchell,29:40,27,4,4,16,.688,1,3
20251223,CLE,Darius Garland,28:34,10,1,8,9,.444,0,3
20251223,CLE,Jarrett Allen,26:17,14,9,3,9,.667,0,1
20251223,CLE,Sam Merrill,25:43,22,6,7,12,.583,1,1
20251223,CLE,Dean Wade,24:53,11,5,4,10,.400,0,1
20251223,CLE,Jaylon Tyson,24:39,18,6,2,13,.615,0,0
20251223,CLE,De'Andre Hunter,24:07,10,2,1,13,.385,2,1
20251223,CLE,Craig Porter Jr.,22:17,12,8,8,8,.500,2,1
20251223,CLE,Thomas Bryant,21:43,15,7,1,8,.750,0,0
20251223,CLE,Tyrese Proctor,8:18,0,1,2,5,.000,1,2
20251223,CLE,Nae'Qwan Tomlin,3:49,2,0,0,2,.500,1,0
20251223,MIL,Kevin Porter Jr.,37:52,24,6,5,13,.615,3,1
20251223,MIL,Kyle Kuzma,34:36,15,7,2,12,.417,0,5
20251223,MIL,Bobby Portis,31:44,14,9,2,12,.500,0,1
20251223,MIL,Myles Turner,27:44,10,6,1,14,.286,0,1
20251223,MIL,A.J. Green,26:01,4,2,3,6,.167,1,2
20251223,MIL,Ryan Rollins,32:43,23,7,4,15,.667,1,0
20251223,MIL,Jericho Sims,20:29,6,7,1,3,1.000,1,4
20251223,MIL,Gary Harris,16:13,5,2,1,4,.500,0,1
20251223,MIL,Gary Trent Jr.,4:56,5,2,1,2,1.000,0,0
20251223,MIL,Amir Coffey,4:00,0,0,0,0,,0,0
20251223,MIL,Cole Anthony,1:14,3,0,0,1,1.000,0,0
20251223,MIL,Andre Jackson Jr.,1:14,2,0,0,0,,0,0
20251223,MIL,Pete Nance,1:14,0,0,0,0,,0,0
20251223,IND,Bennedict Mathurin,33:53,13,6,1,10,.300,0,1
20251223,IND,Pascal Siakam,33:29,15,9,2,10,.600,1,0
20251223,IND,Andrew Nembhard,33:11,14,3,6,16,.313,1,3
20251223,IND,Ethan Thompson,26:08,3,5,1,7,.143,2,1
20251223,IND,Jay Huff,20:55,9,7,3,7,.429,1,1
20251223,IND,T.J. McConnell,20:40,16,2,6,9,.778,0,2
20251223,IND,Johnny Furphy,18:55,6,3,0,7,.429,1,0
20251223,IND,Jarace Walker,16:49,4,2,0,8,.125,0,1
20251223,IND,James Wiseman,11:41,3,0,1,1,1.000,0,1
20251223,IND,Garrison Mathews,11:06,6,2,0,4,.500,1,0
20251223,IND,Quenton Jackson,7:59,2,1,0,1,.000,0,2
20251223,IND,Tony Bradley,2:46,0,0,0,0,,0,0
20251223,IND,Kam Jones,1:14,3,0,0,1,1.000,0,0
20251223,IND,Taelon Peter,1:14,0,0,0,0,,0,0
20251223,TOR,Scottie Barnes,35:55,27,8,4,14,.714,0,3
20251223,TOR,Immanuel Quickley,35:29,18,5,7,15,.333,1,2
20251223,TOR,Brandon Ingram,29:15,12,6,2,14,.357,0,1
20251223,TOR,Sandro Mamukelashvili,27:29,14,6,7,9,.556,1,1
20251223,TOR,Ochai Agbaji,21:11,5,5,1,6,.333,0,1
20251223,TOR,Collin Murray-Boyles,24:45,11,12,0,9,.556,3,3
20251223,TOR,Ja'Kobe Walter,19:39,4,3,2,5,.400,2,0
20251223,TOR,Jamal Shead,19:00,8,2,4,6,.500,1,3
20251223,TOR,Jamison Battle,15:24,11,2,1,4,1.000,2,1
20251223,TOR,Gradey Dick,11:53,2,1,1,4,.000,2,1
20251223,MIA,Norman Powell,35:04,17,6,6,17,.353,2,3
20251223,MIA,Bam Adebayo,34:08,9,12,3,11,.364,2,1
20251223,MIA,Andrew Wiggins,32:33,14,3,2,11,.455,0,2
20251223,MIA,Davion Mitchell,27:08,3,1,2,6,.167,1,2
20251223,MIA,Kel'el Ware,21:07,5,9,0,8,.250,2,0
20251223,MIA,Jaime Jaquez Jr.,35:40,21,2,2,16,.563,0,4
20251223,MIA,Kasparas Jakučionis,27:30,7,2,0,5,.400,1,2
20251223,MIA,Dru Smith,16:32,10,2,2,4,.750,2,1
20251223,MIA,Simone Fontecchio,8:40,5,3,1,4,.250,2,2
20251223,MIA,Myron Gardner,0:49,0,0,0,0,,0,0
20251223,MIA,Keshad Johnson,0:49,0,0,0,0,,0,0
20251223,DEN,Jamal Murray,37:19,31,7,14,21,.571,1,3
20251223,DEN,Nikola Jokić,36:25,29,7,14,22,.545,4,4
20251223,DEN,Spencer Jones,26:09,6,4,2,5,.600,2,1
20251223,DEN,Peyton Watson,24:26,4,2,1,3,.000,0,3
20251223,DEN,Cameron Johnson,23:53,8,2,3,7,.429,0,0
20251223,DEN,Tim Hardaway Jr.,29:11,23,2,1,13,.615,0,0
20251223,DEN,Bruce Brown,26:29,13,7,3,7,.857,1,2
20251223,DEN,Jonas Valančiūnas,14:08,8,1,1,4,.750,0,1
20251223,DEN,Julian Strawther,12:15,8,2,0,4,.750,0,0
20251223,DEN,Jalen Pickett,5:46,0,0,0,1,.000,0,0
20251223,DEN,Curtis Jones,3:59,0,0,0,0,,0,1
20251223,DAL,Cooper Flagg,39:44,33,9,9,21,.667,1,2
20251223,DAL,Anthony Davis,35:52,31,9,4,19,.632,3,1
20251223,DAL,Ryan Nembhard,32:43,11,3,7,11,.455,0,1
20251223,DAL,Naji Marshall,31:33,15,4,3,11,.545,1,1
20251223,DAL,Jaden Hardy,27:50,10,2,2,9,.556,1,1
20251223,DAL,Caleb Martin,24:51,9,4,3,6,.667,2,2
20251223,DAL,Daniel Gafford,17:13,4,3,0,4,.500,1,0
20251223,DAL,Brandon Williams,15:09,9,0,2,6,.333,0,2
20251223,DAL,D'Angelo Russell,15:05,9,2,4,6,.500,0,0
20251223,NYK,Josh Hart,42:27,12,15,8,14,.357,2,6
20251223,NYK,Mikal Bridges,37:49,15,3,0,16,.438,0,1
20251223,NYK,Karl-Anthony Towns,34:31,40,13,1,24,.583,1,5
20251223,NYK,Tyler Kolek,31:26,20,11,8,22,.409,3,2
20251223,NYK,Mitchell Robinson,26:03,2,7,1,4,.250,1,2
20251223,NYK,Jordan Clarkson,29:56,10,1,1,11,.273,0,1
20251223,NYK,Ariel Hukporti,11:45,2,3,0,3,.333,0,1
20251223,NYK,Pacôme Dadiet,10:47,0,2,1,2,.000,0,0
20251223,NYK,Mohamed Diawara,10:08,3,0,0,3,.333,1,0
20251223,NYK,Kevin McCullar Jr.,4:33,0,0,0,0,,0,1
20251223,NYK,Tosan Evbuomwan,0:35,0,0,0,0,,0,0
20251223,MIN,Rudy Gobert,37:45,11,16,2,6,.667,2,1
20251223,MIN,Anthony Edwards,37:10,38,2,2,27,.556,4,1
20251223,MIN,Julius Randle,33:20,25,6,3,20,.500,1,3
20251223,MIN,Donte DiVincenzo,32:12,11,2,8,9,.333,2,1
20251223,MIN,Mike Conley,29:41,8,1,2,6,.333,2,0
20251223,MIN,Bones Hyland,25:26,9,3,4,10,.300,1,1
20251223,MIN,Naz Reid,24:55,8,11,1,12,.250,0,1
20251223,MIN,Jaylen Clark,13:46,5,1,3,2,1.000,0,2
20251223,MIN,Terrence Shannon Jr.,5:45,0,0,0,1,.000,0,1
20251223,OKC,Shai Gilgeous-Alexander,35:30,33,3,8,22,.636,0,2
20251223,OKC,Jalen Williams,31:31,17,6,8,18,.444,2,3
20251223,OKC,Chet Holmgren,27:08,7,3,1,10,.300,0,0
20251223,OKC,Luguentz Dort,26:26,15,2,0,8,.625,0,1
20251223,OKC,Isaiah Hartenstein,25:39,8,12,0,7,.571,0,3
20251223,OKC,Cason Wallace,25:13,4,2,0,6,.333,0,0
20251223,OKC,Alex Caruso,18:55,2,4,1,3,.333,0,2
20251223,OKC,Isaiah Joe,15:46,8,4,1,3,.667,1,0
20251223,OKC,Kenrich Williams,13:15,10,0,1,5,1.000,1,1
20251223,OKC,Aaron Wiggins,11:04,3,0,1,1,1.000,1,1
20251223,OKC,Chris Youngblood,3:11,3,0,0,1,1.000,0,0
20251223,OKC,Brooks Barnhizer,3:11,0,0,1,1,.000,0,0
20251223,OKC,Branden Carlson,3:11,0,0,1,0,,0,0
20251223,SAS,De'Aaron Fox,33:40,6,3,9,9,.333,0,0
20251223,SAS,Stephon Castle,27:51,24,0,3,12,.583,1,2
20251223,SAS,Devin Vassell,27:33,17,5,1,14,.429,0,0
20251223,SAS,Harrison Barnes,25:45,20,1,0,9,.667,1,0
20251223,SAS,Luke Kornet,25:43,8,5,3,3,1.000,1,0
20251223,SAS,Victor Wembanyama,23:08,12,5,3,9,.556,0,3
20251223,SAS,Keldon Johnson,22:14,25,1,1,16,.625,0,1
20251223,SAS,Julian Champagnie,22:09,4,10,0,5,.400,1,3
20251223,SAS,Dylan Harper,20:17,4,3,10,3,.667,5,0
20251223,SAS,Lindy Waters III,2:20,3,0,0,1,1.000,0,0
20251223,SAS,Bismack Biyombo,2:20,2,0,0,1,1.000,0,0
20251223,SAS,Carter Bryant,2:20,2,1,1,1,1.000,0,0
20251223,SAS,Jordan McLaughlin,2:20,2,0,1,1,1.000,0,0
20251223,SAS,Kelly Olynyk,2:20,1,0,2,0,,1,0
20251223,LAL,Marcus Smart,29:51,14,3,6,11,.455,0,1
20251223,LAL,Jake LaRavia,28:57,12,5,1,8,.500,2,2
20251223,LAL,Nick Smith Jr.,28:12,12,1,1,11,.455,0,2
20251223,LAL,Deandre Ayton,27:26,12,10,1,8,.750,3,2
20251223,LAL,LeBron James,25:46,23,2,6,14,.500,0,0
20251223,LAL,Austin Reaves,21:43,17,2,2,11,.545,0,3
20251223,LAL,Jarred Vanderbilt,19:53,5,5,1,4,.500,0,2
20251223,LAL,Dalton Knecht,14:26,3,3,0,5,.200,0,1
20251223,LAL,Adou Thiero,13:57,6,2,2,5,.400,1,1
20251223,LAL,Bronny James,9:50,0,1,1,2,.000,0,1
20251223,LAL,Maxi Kleber,8:47,2,2,1,2,.500,0,1
20251223,LAL,Chris Mañon,5:50,0,1,0,0,,1,0
20251223,LAL,Jaxson Hayes,5:22,2,1,0,0,,0,1
20251223,PHO,Collin Gillespie,28:07,16,4,8,10,.600,3,2
20251223,PHO,Devin Booker,27:18,21,2,11,14,.500,2,4
20251223,PHO,Dillon Brooks,23:48,25,0,0,15,.667,0,0
20251223,PHO,Royce O'Neale,22:54,12,3,3,5,.800,1,1
20251223,PHO,Mark Williams,21:23,18,9,2,8,.875,0,0
20251223,PHO,Ryan Dunn,28:21,4,7,2,6,.333,1,2
20251223,PHO,Jamaree Bouyea,24:12,14,4,2,10,.700,0,1
20251223,PHO,Jordan Goodwin,21:40,8,1,3,7,.286,2,1
20251223,PHO,Oso Ighodaro,20:47,5,3,3,2,1.000,0,0
20251223,PHO,Rasheer Fleming,9:50,7,2,0,3,.667,1,0
20251223,PHO,Khaman Maluach,5:50,2,1,0,3,.333,0,1
20251223,PHO,Nigel Hayes-Davis,5:50,0,2,1,2,.000,0,1
20251223,MEM,Santi Aldama,34:25,37,5,7,21,.619,1,3
20251223,MEM,Cam Spencer,32:13,11,3,13,8,.500,0,1
20251223,MEM,Jaylen Wells,31:49,12,1,4,8,.500,4,2
20251223,MEM,Jaren Jackson Jr.,30:13,21,7,2,16,.563,1,4
20251223,MEM,GG Jackson II,29:31,18,9,1,9,.778,0,0
20251223,MEM,Jock Landale,20:38,17,8,1,10,.600,0,2
20251223,MEM,Kentavious Caldwell-Pope,19:32,11,1,3,7,.429,1,1
20251223,MEM,Olivier-Maxence Prosper,18:50,8,1,3,4,.500,0,1
20251223,MEM,Javon Small,12:26,0,2,7,4,.000,1,1
20251223,MEM,Christian Koloko,10:01,2,4,0,1,1.000,2,0
20251223,MEM,Jahmai Mashack,0:21,0,0,0,0,,0,0
20251223,UTA,Kyle Filipowski,34:49,25,13,4,15,.600,0,1
20251223,UTA,Keyonte George,34:03,24,2,4,12,.500,1,2
20251223,UTA,Ace Bailey,28:59,17,4,0,12,.583,1,2
20251223,UTA,Kevin Love,28:36,6,6,3,9,.222,0,1
20251223,UTA,Svi Mykhailiuk,22:14,9,4,3,9,.222,3,1
20251223,UTA,Taylor Hendricks,26:42,21,4,1,10,.700,3,1
20251223,UTA,Isaiah Collier,26:09,8,3,9,6,.500,1,5
20251223,UTA,Walter Clayton,15:14,10,1,2,6,.167,0,0
20251223,UTA,Brice Sensabaugh,14:34,4,1,3,6,.167,0,0
20251223,UTA,Cody Williams,8:40,4,2,0,5,.400,0,0
20251223,ORL,Paolo Banchero,36:25,12,6,3,8,.500,0,1
20251223,ORL,Desmond Bane,35:36,23,4,5,15,.400,3,4
20251223,ORL,Tyus Jones,34:56,16,4,7,9,.667,1,0
20251223,ORL,Anthony Black,32:32,22,7,6,21,.381,2,3
20251223,ORL,Wendell Carter Jr.,30:47,14,7,1,11,.455,1,0
20251223,ORL,Noah Penda,23:50,8,6,2,10,.300,0,3
20251223,ORL,Jonathan Isaac,16:37,9,2,0,5,.600,1,2
20251223,ORL,Jamal Cain,12:49,4,0,0,2,.500,2,0
20251223,ORL,Jase Richardson,11:38,2,2,2,2,.500,0,1
20251223,ORL,Jett Howard,4:50,0,0,0,2,.000,0,0
20251223,POR,Toumani Camara,39:37,10,6,4,12,.333,2,2
20251223,POR,Deni Avdija,36:32,25,6,8,25,.400,2,4
20251223,POR,Donovan Clingan,34:00,8,14,1,8,.500,1,2
20251223,POR,Kris Murray,28:06,13,6,1,6,.833,0,1
20251223,POR,Shaedon Sharpe,26:36,22,3,2,18,.444,2,3
20251223,POR,Caleb Love,33:31,17,3,1,13,.538,0,0
20251223,POR,Sidy Cissoko,15:22,5,1,1,2,.500,0,3
20251223,POR,Rayan Rupert,12:55,2,4,2,1,1.000,0,0
20251223,POR,Yang Hansen,7:53,4,2,2,1,1.000,1,2
20251223,POR,Duop Reath,5:29,0,0,1,1,.000,1,0
20251223,DET,Cade Cunningham,38:38,23,7,14,15,.533,5,9
20251223,DET,Ausar Thompson,35:38,19,6,2,13,.462,0,0
20251223,DET,Jalen Duren,32:29,23,13,4,15,.667,0,1
20251223,DET,Duncan Robinson,30:37,9,1,4,7,.429,1,0
20251223,DET,Tobias Harris,29:10,24,4,4,16,.625,0,1
20251223,DET,Isaiah Stewart,21:17,16,3,3,12,.500,0,1
20251223,DET,Caris LeVert,19:16,5,3,4,6,.333,2,2
20251223,DET,Javonte Green,18:25,9,2,0,6,.500,1,1
20251223,DET,Jaden Ivey,14:30,8,3,3,5,.600,0,0
20251223,SAC,DeMar DeRozan,41:38,37,3,8,18,.667,0,1
20251223,SAC,Russell Westbrook,38:22,27,6,4,21,.429,2,3
20251223,SAC,Precious Achiuwa,26:52,15,12,3,13,.462,2,1
20251223,SAC,Maxime Raynaud,22:34,8,8,2,8,.500,0,1
20251223,SAC,Keegan Murray,20:13,2,1,1,4,.250,1,0
20251223,SAC,Dylan Cardwell,26:45,5,6,4,1,.000,2,0
20251223,SAC,Nique Clifford,25:04,14,2,0,10,.500,2,2
20251223,SAC,Dennis Schröder,20:32,10,2,3,7,.286,1,3
20251223,SAC,Malik Monk,13:47,9,1,1,8,.375,2,2
20251223,SAC,Keon Ellis,4:13,0,1,0,2,.000,0,0
20251223,HOU,Amen Thompson,34:42,19,9,5,10,.700,2,3
20251223,HOU,Jabari Smith Jr.,31:58,16,1,1,13,.462,0,0
20251223,HOU,Kevin Durant,29:24,22,5,1,15,.533,0,3
20251223,HOU,Alperen Şengün,28:05,19,11,7,16,.563,2,3
20251223,HOU,Josh Okogie,11:42,0,1,1,1,.000,0,0
20251223,HOU,Reed Sheppard,26:16,8,1,3,9,.333,0,0
20251223,HOU,Tari Eason,18:19,7,5,0,7,.429,0,0
20251223,HOU,Aaron Holiday,16:07,3,0,1,4,.250,0,2
20251223,HOU,Steven Adams,14:00,2,4,1,3,.333,0,1
20251223,HOU,Jae'Sean Tate,13:42,7,3,3,4,.750,0,0
20251223,HOU,Jeff Green,5:15,3,1,0,2,.500,0,0
20251223,HOU,Clint Capela,5:15,2,1,1,2,.500,1,0
20251223,HOU,JD Davison,5:15,0,0,1,0,,0,1
20251223,LAC,Kawhi Leonard,36:50,41,8,5,23,.696,0,2
20251223,LAC,James Harden,34:44,29,4,6,14,.500,2,4
20251223,LAC,John Collins,29:27,13,5,5,8,.625,2,0
20251223,LAC,Brook Lopez,27:19,5,6,4,5,.200,0,0
20251223,LAC,Kris Dunn,25:33,11,4,2,8,.500,1,0
20251223,LAC,Nicolas Batum,25:13,6,0,0,4,.500,0,1
20251223,LAC,Bogdan Bogdanović,19:26,3,2,1,6,.167,0,1
20251223,LAC,Yanic Konan Niederhäuser,15:19,3,2,0,1,1.000,1,0
20251223,LAC,Kobe Sanders,13:24,13,1,1,5,.800,1,0
20251223,LAC,Jordan Miller,4:15,4,1,0,1,1.000,0,0
20251223,LAC,Kobe Brown,4:15,0,1,1,1,.000,0,0
20251223,LAC,Cam Christie,4:15,0,0,0,1,.000,0,0
20251225,CLE,Darius Garland,36:00,20,1,10,14,.500,0,4
20251225,CLE,Donovan Mitchell,32:51,34,7,6,25,.480,4,1
20251225,CLE,Dean Wade,29:28,6,4,2,4,.500,0,0
20251225,CLE,Sam Merrill,29:15,11,5,1,11,.364,2,1
20251225,CLE,Jarrett Allen,23:07,7,8,2,4,.750,0,2
20251225,CLE,De'Andre Hunter,27:06,13,3,2,7,.429,0,0
20251225,CLE,Evan Mobley,25:19,14,9,3,8,.750,0,2
20251225,CLE,Jaylon Tyson,20:05,16,6,1,11,.636,1,2
20251225,CLE,Lonzo Ball,13:39,0,1,3,1,.000,0,1
20251225,CLE,Thomas Bryant,3:10,3,1,0,1,1.000,0,1
20251225,NYK,Jalen Brunson,39:13,34,1,4,25,.400,2,3
20251225,NYK,Mikal Bridges,36:10,12,3,4,10,.500,2,2
20251225,NYK,OG Anunoby,33:05,8,2,2,7,.429,0,1
20251225,NYK,Karl-Anthony Towns,27:23,11,14,1,13,.385,2,2
20251225,NYK,Josh Hart,26:25,15,5,3,9,.556,0,1
20251225,NYK,Jordan Clarkson,28:46,25,1,2,17,.529,3,0
20251225,NYK,Tyler Kolek,24:41,16,3,9,9,.556,0,2
20251225,NYK,Mitchell Robinson,16:37,0,13,2,1,.000,0,1
20251225,NYK,Ariel Hukporti,4:00,0,0,0,0,,0,1
20251225,NYK,Mohamed Diawara,3:40,5,1,1,3,.667,0,0
20251225,SAS,Devin Vassell,34:08,5,4,2,6,.167,0,0
20251225,SAS,De'Aaron Fox,32:52,29,4,3,19,.632,1,1
20251225,SAS,Stephon Castle,31:37,19,4,7,11,.727,1,4
20251225,SAS,Harrison Barnes,30:25,15,6,1,12,.417,0,1
20251225,SAS,Luke Kornet,21:35,6,4,1,4,.750,0,1
20251225,SAS,Victor Wembanyama,25:48,19,11,2,12,.500,1,3
20251225,SAS,Dylan Harper,20:26,12,3,2,8,.625,0,1
20251225,SAS,Julian Champagnie,20:11,0,5,1,3,.000,0,1
20251225,SAS,Keldon Johnson,16:58,9,7,0,7,.571,0,0
20251225,SAS,Jordan McLaughlin,1:12,3,0,0,1,1.000,0,0
20251225,SAS,Carter Bryant,1:12,0,0,1,0,,0,0
20251225,SAS,Kelly Olynyk,1:12,0,0,0,0,,0,0
20251225,SAS,Jeremy Sochan,1:12,0,1,0,0,,0,0
20251225,SAS,Lindy Waters III,1:12,0,0,0,1,.000,0,0
20251225,OKC,Shai Gilgeous-Alexander,36:08,22,6,4,19,.368,1,0
20251225,OKC,Chet Holmgren,30:33,10,12,2,9,.556,0,1
20251225,OKC,Jalen Williams,29:01,12,2,6,13,.385,2,1
20251225,OKC,Luguentz Dort,28:34,8,4,3,8,.375,0,1
20251225,OKC,Isaiah Hartenstein,23:31,13,12,3,7,.714,1,1
20251225,OKC,Cason Wallace,21:18,5,4,1,7,.143,0,0
20251225,OKC,Alex Caruso,19:39,12,1,0,13,.231,0,1
20251225,OKC,Kenrich Williams,16:45,8,5,2,6,.500,2,0
20251225,OKC,Isaiah Joe,15:04,5,1,2,4,.500,1,0
20251225,OKC,Aaron Wiggins,14:21,5,1,0,7,.286,0,2
20251225,OKC,Branden Carlson,1:42,2,0,0,2,.500,0,0
20251225,OKC,Brooks Barnhizer,1:42,0,0,0,0,,0,0
20251225,OKC,Chris Youngblood,1:42,0,0,0,0,,0,0
20251225,DAL,Cooper Flagg,35:57,27,6,5,21,.619,0,1
20251225,DAL,P.J. Washington,34:04,14,10,2,12,.583,2,2
20251225,DAL,Naji Marshall,27:45,14,4,0,14,.357,0,1
20251225,DAL,Ryan Nembhard,16:50,4,1,2,5,.400,0,1
20251225,DAL,Anthony Davis,10:53,3,3,0,4,.250,1,0
20251225,DAL,Max Christie,33:32,13,6,3,9,.556,1,1
20251225,DAL,Brandon Williams,29:57,26,3,3,12,.750,0,2
20251225,DAL,Klay Thompson,26:19,7,2,2,8,.375,1,0
20251225,DAL,Daniel Gafford,15:23,6,5,0,3,1.000,0,2
20251225,DAL,Caleb Martin,9:20,2,1,1,1,1.000,0,1
20251225,GSW,Stephen Curry,32:53,23,3,4,18,.333,0,3
20251225,GSW,Jimmy Butler,31:41,14,9,9,10,.500,1,4
20251225,GSW,Moses Moody,30:28,12,2,2,9,.444,1,1
20251225,GSW,Draymond Green,27:33,7,5,3,7,.286,1,2
20251225,GSW,Quinten Post,13:37,6,3,0,9,.333,1,0
20251225,GSW,Brandin Podziemski,28:24,13,8,4,8,.500,0,1
20251225,GSW,De'Anthony Melton,24:04,16,3,3,14,.357,1,0
20251225,GSW,Gary Payton II,14:32,6,5,5,5,.600,1,0
20251225,GSW,Will Richard,12:44,5,2,1,6,.333,0,0
20251225,GSW,Trayce Jackson-Davis,12:38,10,5,0,6,.833,1,0
20251225,GSW,Al Horford,11:26,14,4,2,7,.714,2,0
20251225,HOU,Jabari Smith Jr.,35:40,16,7,0,9,.667,2,0
20251225,HOU,Kevin Durant,33:29,25,4,8,14,.571,1,3
20251225,HOU,Amen Thompson,31:51,26,7,5,19,.632,1,2
20251225,HOU,Alperen Şengün,31:13,14,12,4,7,.714,1,6
20251225,HOU,Tari Eason,26:05,13,3,2,14,.429,4,1
20251225,HOU,Steven Adams,25:33,4,9,2,3,.667,0,1
20251225,HOU,Reed Sheppard,19:17,13,2,1,10,.500,1,0
20251225,HOU,Dorian Finney-Smith,13:11,0,0,0,1,.000,0,0
20251225,HOU,Josh Okogie,9:52,0,0,0,4,.000,0,1
20251225,HOU,Aaron Holiday,3:09,0,0,1,2,.000,0,0
20251225,HOU,Clint Capela,2:40,6,3,0,4,.750,0,0
20251225,HOU,Jae'Sean Tate,2:40,2,0,0,2,.500,0,0
20251225,HOU,JD Davison,2:40,0,0,1,1,.000,0,1
20251225,HOU,Jeff Green,2:40,0,1,0,0,,0,0
20251225,LAL,Deandre Ayton,36:17,10,2,0,6,.833,0,1
20251225,LAL,Luka Dončić,33:55,25,5,7,17,.529,1,6
20251225,LAL,LeBron James,32:26,18,2,5,13,.538,2,3
20251225,LAL,Rui Hachimura,27:42,0,2,1,6,.000,1,1
20251225,LAL,Austin Reaves,14:48,12,1,1,8,.625,0,2
20251225,LAL,Marcus Smart,29:22,6,2,1,8,.375,1,1
20251225,LAL,Jarred Vanderbilt,26:23,11,5,2,6,.667,1,0
20251225,LAL,Jake LaRavia,23:22,5,4,1,5,.400,0,1
20251225,LAL,Maxi Kleber,6:18,2,0,1,4,.250,1,1
20251225,LAL,Bronny James,3:09,3,0,0,1,1.000,0,0
20251225,LAL,Dalton Knecht,3:09,2,0,0,1,1.000,0,0
20251225,LAL,Adou Thiero,3:09,2,2,0,2,.500,0,0
20251225,MIN,Anthony Edwards,42:16,44,6,3,25,.560,3,6
20251225,MIN,Jaden McDaniels,39:31,21,4,4,12,.750,0,3
20251225,MIN,Julius Randle,39:25,32,7,6,22,.545,3,2
20251225,MIN,Donte DiVincenzo,34:10,6,8,8,11,.182,2,0
20251225,MIN,Rudy Gobert,33:59,9,12,0,7,.571,0,0
20251225,MIN,Naz Reid,28:12,13,6,3,13,.385,0,1
20251225,MIN,Bones Hyland,22:39,11,4,5,8,.500,1,1
20251225,MIN,Terrence Shannon Jr.,9:43,0,0,0,3,.000,0,0
20251225,MIN,Mike Conley,9:38,0,0,2,1,.000,1,0
20251225,MIN,Jaylen Clark,5:21,2,0,0,2,.500,0,0
20251225,MIN,Johnny Juzang,0:07,0,0,0,0,,0,0
20251225,DEN,Nikola Jokić,42:36,56,16,15,21,.714,0,5
20251225,DEN,Jamal Murray,42:26,35,2,10,32,.375,0,4
20251225,DEN,Peyton Watson,42:13,9,4,0,5,.600,3,2
20251225,DEN,Tim Hardaway Jr.,41:05,19,4,0,16,.438,0,0
20251225,DEN,Spencer Jones,40:52,12,8,1,10,.500,2,2
20251225,DEN,Bruce Brown,28:17,7,3,3,7,.429,1,3
20251225,DEN,Julian Strawther,11:49,0,3,1,3,.000,0,0
20251225,DEN,Jonas Valančiūnas,10:24,2,4,1,5,.200,0,1
20251225,DEN,Zeke Nnaji,5:17,2,1,0,2,.500,0,0
20251226,MIA,Norman Powell,32:54,25,7,5,16,.563,1,2
20251226,MIA,Kel'el Ware,32:37,16,13,0,10,.700,1,3
20251226,MIA,Andrew Wiggins,32:22,18,8,3,17,.529,1,0
20251226,MIA,Pelle Larsson,29:40,21,6,5,13,.692,1,0
20251226,MIA,Davion Mitchell,29:19,6,1,7,8,.375,2,2
20251226,MIA,Jaime Jaquez Jr.,27:40,16,5,3,14,.357,3,1
20251226,MIA,Nikola Jović,21:13,10,7,4,14,.214,1,2
20251226,MIA,Dru Smith,18:41,6,3,1,8,.250,3,0
20251226,MIA,Kasparas Jakučionis,15:34,8,2,1,4,.500,1,0
20251226,ATL,Jalen Johnson,37:41,24,9,10,17,.588,1,4
20251226,ATL,Dyson Daniels,35:31,8,6,3,6,.667,2,3
20251226,ATL,Onyeka Okongwu,34:47,12,8,4,16,.313,1,1
20251226,ATL,Trae Young,32:01,30,2,6,16,.500,1,4
20251226,ATL,Zaccharie Risacher,20:21,5,0,0,4,.500,0,2
20251226,ATL,Nickeil Alexander-Walker,31:38,15,4,3,14,.429,1,2
20251226,ATL,Vít Krejčí,21:43,11,4,0,9,.444,0,2
20251226,ATL,Asa Newell,12:10,2,3,0,2,.500,0,1
20251226,ATL,Mouhamed Gueye,11:22,4,5,0,0,,0,0
20251226,ATL,Keaton Wallace,2:46,0,1,0,1,.000,0,2
20251226,BOS,Payton Pritchard,37:42,29,9,5,17,.588,1,3
20251226,BOS,Derrick White,33:06,21,5,6,15,.400,2,2
20251226,BOS,Jaylen Brown,32:10,30,3,4,20,.650,4,4
20251226,BOS,Neemias Queta,20:43,8,7,3,4,.500,1,0
20251226,BOS,Jordan Walsh,18:57,3,2,3,2,.500,0,0
20251226,BOS,Luka Garza,26:38,15,4,2,5,1.000,0,0
20251226,BOS,Anfernee Simons,21:11,8,3,1,7,.286,0,2
20251226,BOS,Baylor Scheierman,20:07,3,5,1,4,.250,0,0
20251226,BOS,Sam Hauser,17:03,23,4,0,8,.875,0,1
20251226,BOS,Hugo González,12:23,0,1,1,1,.000,0,0
20251226,IND,Bennedict Mathurin,29:51,13,4,4,13,.385,1,1
20251226,IND,Andrew Nembhard,29:32,18,4,8,13,.538,2,5
20251226,IND,Pascal Siakam,28:24,11,6,1,13,.308,2,2
20251226,IND,Jay Huff,21:08,9,4,2,8,.375,0,1
20251226,IND,Quenton Jackson,15:44,6,3,1,5,.400,0,0
20251226,IND,Ethan Thompson,26:19,11,4,6,9,.444,0,2
20251226,IND,Johnny Furphy,18:22,9,2,0,5,.600,0,1
20251226,IND,Jarace Walker,18:08,12,3,2,9,.444,0,0
20251226,IND,Micah Potter,17:49,9,1,0,2,1.000,0,0
20251226,IND,T.J. McConnell,14:20,13,1,3,6,.833,1,1
20251226,IND,Tony Bradley,6:59,4,2,0,2,1.000,0,1
20251226,IND,Kam Jones,6:42,4,0,2,2,1.000,0,0
20251226,IND,Taelon Peter,6:42,3,1,0,2,.500,0,0
20251226,CHO,Brandon Miller,36:10,15,1,0,16,.313,0,3
20251226,CHO,Miles Bridges,34:48,16,11,5,13,.462,1,0
20251226,CHO,Moussa Diabaté,32:42,10,12,3,4,.750,0,0
20251226,CHO,LaMelo Ball,28:38,22,7,5,20,.350,1,6
20251226,CHO,Kon Knueppel,15:13,16,3,1,7,.714,0,2
20251226,CHO,Tidjane Salaün,22:03,14,9,1,7,.857,0,1
20251226,CHO,Sion James,20:36,0,3,2,2,.000,0,0
20251226,CHO,Collin Sexton,18:23,13,0,2,9,.556,0,1
20251226,CHO,Josh Green,11:41,6,1,0,4,.500,0,0
20251226,CHO,PJ Hall,9:18,7,4,0,3,.667,1,1
20251226,CHO,Tre Mann,8:27,0,2,3,2,.000,0,0
20251226,CHO,Pat Connaughton,2:01,1,0,1,0,,0,0
20251226,ORL,Anthony Black,36:20,24,3,4,17,.471,2,2
20251226,ORL,Desmond Bane,32:45,15,10,4,19,.368,0,4
20251226,ORL,Paolo Banchero,31:12,13,5,2,13,.308,2,1
20251226,ORL,Wendell Carter Jr.,28:20,16,8,1,10,.500,1,1
20251226,ORL,Tyus Jones,19:36,8,4,3,5,.600,0,0
20251226,ORL,Jase Richardson,22:06,14,4,2,7,.714,0,0
20251226,ORL,Tristan Da Silva,21:55,8,2,2,8,.375,0,0
20251226,ORL,Jonathan Isaac,16:28,2,2,0,2,.000,0,0
20251226,ORL,Jamal Cain,14:13,5,1,1,6,.333,1,1
20251226,ORL,Noah Penda,11:07,0,1,1,3,.000,1,0
20251226,ORL,Orlando Robinson,3:12,0,1,1,0,,0,0
20251226,ORL,Jett Howard,2:47,0,1,1,3,.000,0,0
20251226,TOR,Brandon Ingram,33:14,29,6,2,20,.500,0,1
20251226,TOR,Sandro Mamukelashvili,32:42,13,11,2,9,.556,2,1
20251226,TOR,Immanuel Quickley,32:34,25,4,5,13,.462,2,1
20251226,TOR,Scottie Barnes,29:01,14,4,7,14,.429,0,3
20251226,TOR,Ochai Agbaji,25:39,8,3,0,9,.444,2,1
20251226,TOR,Jamal Shead,19:10,6,0,4,8,.250,0,1
20251226,TOR,Gradey Dick,18:28,5,4,3,6,.333,1,0
20251226,TOR,Ja'Kobe Walter,17:58,15,0,1,7,.714,0,1
20251226,TOR,Jonathan Mogbo,10:51,0,0,0,0,,1,0
20251226,TOR,Jamison Battle,9:33,0,0,1,3,.000,0,0
20251226,TOR,A.J. Lawson,7:00,2,1,0,1,.000,1,0
20251226,TOR,Garrett Temple,3:50,0,0,1,1,.000,1,2
20251226,WAS,CJ McCollum,30:47,21,3,4,16,.500,0,1
20251226,WAS,Kyshawn George,28:28,23,6,3,13,.692,0,3
20251226,WAS,Bilal Coulibaly,25:58,21,8,1,14,.571,3,2
20251226,WAS,Alex Sarr,23:53,15,3,2,9,.778,1,1
20251226,WAS,Khris Middleton,19:20,6,5,2,7,.429,1,1
20251226,WAS,Justin Champagnie,22:12,8,7,2,4,.750,1,0
20251226,WAS,Bub Carrington,22:01,15,4,4,8,.625,0,0
20251226,WAS,Marvin Bagley III,21:36,6,5,2,4,.750,0,0
20251226,WAS,Tre Johnson,19:37,12,1,3,8,.500,0,2
20251226,WAS,Will Riley,15:59,8,2,2,7,.429,1,0
20251226,WAS,Malaki Branham,2:36,3,0,0,1,1.000,0,1
20251226,WAS,AJ Johnson,2:31,0,0,0,0,,0,1
20251226,WAS,Tristan Vukcevic,2:31,0,1,1,0,,0,1
20251226,WAS,Jamir Watkins,2:31,0,1,0,0,,1,0
20251226,PHI,Tyrese Maxey,40:21,27,5,8,24,.375,0,2
20251226,PHI,Paul George,34:32,15,11,5,15,.333,0,1
20251226,PHI,VJ Edgecombe,33:22,10,7,3,13,.308,1,1
20251226,PHI,Joel Embiid,32:11,31,5,1,19,.526,0,2
20251226,PHI,Dominick Barlow,27:01,7,6,2,3,.667,3,1
20251226,PHI,Quentin Grimes,25:53,2,1,2,4,.250,0,0
20251226,PHI,Jared McCain,16:49,6,3,0,9,.333,2,0
20251226,PHI,Jabari Walker,10:08,1,3,0,0,,0,1
20251226,PHI,Andre Drummond,7:57,2,4,0,4,.250,0,0
20251226,PHI,Adem Bona,7:30,1,1,0,1,.000,0,0
20251226,PHI,Justin Edwards,4:16,0,0,1,1,.000,1,0
20251226,CHI,Josh Giddey,32:37,12,6,11,12,.250,1,5
20251226,CHI,Coby White,29:01,13,7,6,12,.333,0,1
20251226,CHI,Nikola Vučević,28:34,7,7,1,7,.429,0,0
20251226,CHI,Matas Buzelis,19:43,10,8,0,10,.300,0,3
20251226,CHI,Isaac Okoro,17:50,8,1,2,5,.600,0,0
20251226,CHI,Tre Jones,24:13,15,6,2,10,.600,1,0
20251226,CHI,Ayo Dosunmu,23:46,8,3,4,6,.500,1,1
20251226,CHI,Kevin Huerter,22:30,9,1,1,9,.444,0,1
20251226,CHI,Jalen Smith,22:21,12,8,3,7,.571,0,0
20251226,CHI,Zach Collins,19:26,15,5,1,8,.625,0,0
20251226,MIL,Bobby Portis,34:52,15,12,3,14,.500,2,3
20251226,MIL,A.J. Green,34:46,20,2,1,13,.538,2,1
20251226,MIL,Kevin Porter Jr.,33:12,16,8,5,15,.267,2,7
20251226,MIL,Kyle Kuzma,29:46,15,8,2,10,.500,1,2
20251226,MIL,Myles Turner,28:00,8,3,1,11,.182,1,2
20251226,MIL,Ryan Rollins,23:26,15,4,5,12,.417,2,2
20251226,MIL,Jericho Sims,18:34,2,5,0,2,.500,0,2
20251226,MIL,Gary Harris,16:30,8,3,1,3,1.000,1,0
20251226,MIL,Amir Coffey,7:10,2,1,0,2,.500,0,0
20251226,MIL,Andre Jackson Jr.,3:26,3,0,0,2,.500,0,1
20251226,MIL,Thanasis Antetokounmpo,3:26,0,1,0,0,,0,0
20251226,MIL,Cole Anthony,3:26,0,1,0,0,,0,1
20251226,MIL,Pete Nance,3:26,0,0,0,0,,0,1
20251226,MEM,Jaren Jackson Jr.,30:06,24,9,1,18,.500,1,2
20251226,MEM,Santi Aldama,30:01,12,7,3,10,.400,0,1
20251226,MEM,Jaylen Wells,29:18,14,2,3,8,.500,1,2
20251226,MEM,Ja Morant,25:20,17,4,10,11,.545,1,4
20251226,MEM,Cedric Coward,24:57,15,5,2,9,.556,1,0
20251226,MEM,Christian Koloko,28:23,4,3,1,3,.667,3,0
20251226,MEM,Cam Spencer,25:35,19,5,5,6,.667,1,3
20251226,MEM,Kentavious Caldwell-Pope,22:06,13,2,2,10,.600,2,1
20251226,MEM,GG Jackson II,21:52,7,5,1,8,.375,2,0
20251226,MEM,Javon Small,2:22,0,0,0,2,.000,0,0
20251226,PHO,Devin Booker,36:29,30,9,5,16,.625,1,4
20251226,PHO,Collin Gillespie,34:52,16,3,9,14,.429,1,4
20251226,PHO,Dillon Brooks,32:45,14,3,1,12,.417,2,2
20251226,PHO,Mark Williams,27:05,24,13,2,13,.692,2,3
20251226,PHO,Royce O'Neale,25:16,3,2,3,4,.250,0,0
20251226,PHO,Ryan Dunn,21:11,9,8,1,8,.500,1,1
20251226,PHO,Oso Ighodaro,20:34,6,5,1,3,1.000,0,0
20251226,PHO,Jordan Goodwin,19:36,4,6,2,9,.222,2,3
20251226,PHO,Jamaree Bouyea,11:44,3,2,2,6,.167,0,0
20251226,PHO,Rasheer Fleming,10:28,6,1,0,6,.500,0,0
20251226,NOP,Trey Murphy III,36:27,19,3,3,16,.500,4,1
20251226,NOP,Saddiq Bey,31:06,9,4,1,14,.286,0,0
20251226,NOP,Bryce McGowens,22:25,4,0,1,1,.000,1,2
20251226,NOP,Derik Queen,19:36,7,7,2,9,.333,1,3
20251226,NOP,Jeremiah Fears,16:35,9,3,1,7,.571,1,2
20251226,NOP,Jordan Poole,30:37,19,5,6,18,.389,3,2
20251226,NOP,Zion Williamson,27:58,20,8,6,10,.500,0,2
20251226,NOP,Jose Alvarado,25:28,11,2,2,7,.571,0,0
20251226,NOP,Yves Missi,18:01,7,3,0,4,.750,0,0
20251226,NOP,Karlo Matković,8:35,3,3,0,2,.500,0,0
20251226,NOP,Micah Peavy,3:12,0,0,0,0,,0,0
20251226,DET,Cade Cunningham,37:08,29,5,17,19,.526,2,4
20251226,DET,Tobias Harris,27:16,16,7,4,13,.462,1,0
20251226,DET,Duncan Robinson,25:46,14,4,1,10,.500,0,0
20251226,DET,Jalen Duren,21:31,11,4,0,7,.714,0,4
20251226,DET,Ausar Thompson,15:43,8,6,0,4,.750,1,3
20251226,DET,Isaiah Stewart,26:23,4,4,1,7,.286,0,1
20251226,DET,Javonte Green,19:54,8,2,1,6,.500,3,0
20251226,DET,Caris LeVert,19:39,11,1,4,6,.667,1,3
20251226,DET,Ron Holland,19:17,11,6,3,6,.667,0,0
20251226,DET,Jaden Ivey,14:01,11,0,4,5,.800,0,1
20251226,DET,Daniss Jenkins,9:22,6,0,2,7,.286,3,1
20251226,DET,Paul Reed,4:01,0,2,1,2,.000,0,0
20251226,UTA,Lauri Markkanen,38:17,30,4,4,18,.444,1,2
20251226,UTA,Keyonte George,35:20,31,7,8,22,.545,2,2
20251226,UTA,Jusuf Nurkić,31:50,16,11,5,9,.667,1,3
20251226,UTA,Svi Mykhailiuk,21:16,9,4,2,6,.667,1,0
20251226,UTA,Ace Bailey,11:14,0,2,0,2,.000,1,0
20251226,UTA,Brice Sensabaugh,33:02,20,2,2,15,.467,2,3
20251226,UTA,Isaiah Collier,29:21,9,1,9,6,.500,2,5
20251226,UTA,Kevin Love,16:10,14,5,3,7,.429,1,1
20251226,UTA,Kyle Filipowski,10:43,2,4,0,4,.250,1,1
20251226,UTA,Walter Clayton,8:44,0,1,1,1,.000,0,0
20251226,UTA,Taylor Hendricks,4:03,0,1,1,0,,0,0
20251226,LAC,Kawhi Leonard,41:02,28,8,6,20,.350,3,4
20251226,LAC,James Harden,38:56,34,2,6,17,.588,0,3
20251226,LAC,Kris Dunn,33:26,7,3,4,5,.600,2,1
20251226,LAC,Brook Lopez,33:15,31,5,1,16,.563,0,1
20251226,LAC,John Collins,18:49,8,3,1,3,.667,0,2
20251226,LAC,Nicolas Batum,30:06,3,2,1,3,.333,1,0
20251226,LAC,Kobe Sanders,16:03,5,4,1,2,1.000,0,0
20251226,LAC,Jordan Miller,13:39,3,3,1,1,1.000,0,0
20251226,LAC,Yanic Konan Niederhäuser,12:25,0,2,0,1,.000,0,1
20251226,LAC,Bogdan Bogdanović,1:36,0,0,0,1,.000,0,0
20251226,LAC,Cam Christie,0:43,0,0,0,0,,0,0
20251226,POR,Deni Avdija,39:19,29,9,9,18,.556,0,7
20251226,POR,Toumani Camara,39:12,20,3,0,16,.375,0,2
20251226,POR,Shaedon Sharpe,32:13,16,4,2,19,.368,1,1
20251226,POR,Kris Murray,29:50,4,7,3,4,.500,4,3
20251226,POR,Donovan Clingan,24:41,10,8,4,5,.600,0,1
20251226,POR,Caleb Love,25:15,14,0,2,10,.500,0,1
20251226,POR,Robert Williams,19:37,4,12,1,4,.250,0,0
20251226,POR,Sidy Cissoko,15:59,1,0,2,2,.000,1,0
20251226,POR,Rayan Rupert,13:11,5,0,0,2,1.000,0,0
20251226,POR,Duop Reath,0:43,0,0,0,0,,0,0
20251227,DAL,Cooper Flagg,34:13,23,6,5,13,.538,0,5
20251227,DAL,P.J. Washington,33:49,17,5,1,13,.538,0,2
20251227,DAL,Max Christie,29:56,9,7,5,12,.250,1,3
20251227,DAL,Daniel Gafford,23:02,11,7,1,7,.714,1,2
20251227,DAL,Ryan Nembhard,16:48,9,2,3,8,.500,0,2
20251227,DAL,Naji Marshall,26:25,11,2,1,9,.444,1,2
20251227,DAL,Klay Thompson,25:09,14,5,0,13,.385,1,0
20251227,DAL,Dwight Powell,19:11,1,11,0,1,.000,0,1
20251227,DAL,D'Angelo Russell,12:47,7,0,4,7,.429,1,1
20251227,DAL,Jaden Hardy,7:16,5,3,2,3,.667,1,1
20251227,DAL,Moussa Cisse,5:47,0,2,0,0,,0,0
20251227,DAL,Caleb Martin,5:37,0,1,1,1,.000,0,0
20251227,SAC,Keon Ellis,32:20,21,1,0,15,.533,3,1
20251227,SAC,Russell Westbrook,27:55,21,5,9,16,.500,1,4
20251227,SAC,DeMar DeRozan,27:46,9,4,6,10,.300,2,0
20251227,SAC,Maxime Raynaud,27:00,19,6,2,15,.600,1,0
20251227,SAC,Precious Achiuwa,25:19,5,9,2,8,.250,2,0
20251227,SAC,Dylan Cardwell,20:58,4,8,3,4,.500,1,2
20251227,SAC,Dennis Schröder,20:16,10,2,5,11,.364,3,1
20251227,SAC,Nique Clifford,20:05,8,9,1,10,.300,2,1
20251227,SAC,Doug McDermott,19:21,9,3,1,6,.500,0,0
20251227,SAC,Malik Monk,19:00,7,3,3,9,.333,1,2
20251227,PHO,Devin Booker,34:06,20,3,4,18,.333,0,4
20251227,PHO,Dillon Brooks,33:10,18,4,1,18,.389,2,1
20251227,PHO,Royce O'Neale,32:58,15,5,2,9,.556,1,2
20251227,PHO,Collin Gillespie,31:29,17,7,7,14,.429,2,2
20251227,PHO,Oso Ighodaro,28:55,8,10,4,4,1.000,1,2
20251227,PHO,Jordan Goodwin,23:09,16,9,4,12,.417,0,2
20251227,PHO,Rasheer Fleming,15:12,5,0,1,7,.286,0,0
20251227,PHO,Jamaree Bouyea,11:45,12,3,0,6,.833,0,0
20251227,PHO,Isaiah Livers,10:56,0,3,3,0,,0,2
20251227,PHO,Mark Williams,10:37,10,8,0,9,.444,0,0
20251227,PHO,Nick Richards,7:43,2,3,0,1,1.000,1,1
20251227,NOP,Trey Murphy III,36:56,24,6,1,12,.500,1,1
20251227,NOP,Jeremiah Fears,33:37,18,8,2,19,.368,0,3
20251227,NOP,Saddiq Bey,32:44,17,5,2,10,.500,2,0
20251227,NOP,Derik Queen,26:52,21,11,3,15,.467,1,4
20251227,NOP,Bryce McGowens,23:36,0,0,1,5,.000,0,1
20251227,NOP,Zion Williamson,29:02,22,4,0,11,.727,2,4
20251227,NOP,Yves Missi,20:46,4,8,1,3,.667,2,0
20251227,NOP,Jose Alvarado,14:23,7,0,3,7,.429,2,0
20251227,NOP,Jordan Poole,13:36,1,1,3,3,.000,0,0
20251227,NOP,Micah Peavy,8:28,0,0,0,2,.000,1,0
20251227,DEN,Nikola Jokić,38:01,34,21,12,22,.500,1,4
20251227,DEN,Jamal Murray,36:37,24,5,3,21,.429,0,2
20251227,DEN,Peyton Watson,34:33,15,5,0,9,.667,2,1
20251227,DEN,Spencer Jones,34:27,14,6,3,7,.571,0,2
20251227,DEN,Tim Hardaway Jr.,32:48,20,4,2,14,.429,0,0
20251227,DEN,Bruce Brown,26:35,2,3,4,3,.333,2,1
20251227,DEN,Julian Strawther,16:52,13,0,1,6,.833,0,1
20251227,DEN,Jalen Pickett,10:08,0,1,1,1,.000,0,2
20251227,DEN,Jonas Valančiūnas,9:59,4,4,1,3,.667,0,3
20251227,ORL,Desmond Bane,38:05,24,1,6,13,.538,0,1
20251227,ORL,Wendell Carter Jr.,37:49,18,7,4,16,.500,0,0
20251227,ORL,Paolo Banchero,36:00,12,6,6,13,.462,0,3
20251227,ORL,Anthony Black,30:06,38,6,5,24,.583,2,1
20251227,ORL,Tyus Jones,22:42,0,1,6,2,.000,0,0
20251227,ORL,Tristan Da Silva,30:26,17,5,0,11,.636,1,0
20251227,ORL,Jase Richardson,17:22,4,3,1,4,.250,1,1
20251227,ORL,Noah Penda,10:15,2,4,2,0,,0,0
20251227,ORL,Jonathan Isaac,10:06,5,1,2,2,.500,4,0
20251227,ORL,Jamal Cain,5:04,7,1,0,3,.667,0,0
20251227,ORL,Jett Howard,2:05,0,0,0,1,.000,0,0
20251227,NYK,OG Anunoby,38:11,15,10,5,10,.300,3,1
20251227,NYK,Jalen Brunson,37:40,34,3,5,29,.517,0,3
20251227,NYK,Mikal Bridges,36:38,14,3,8,13,.462,1,1
20251227,NYK,Karl-Anthony Towns,29:48,36,15,1,15,.533,0,2
20251227,NYK,Mohamed Diawara,16:13,5,5,2,7,.286,0,0
20251227,NYK,Kevin McCullar Jr.,23:29,13,8,2,7,.571,2,3
20251227,NYK,Jordan Clarkson,21:13,3,2,1,5,.200,1,2
20251227,NYK,Tyler Kolek,18:36,2,0,2,6,.167,0,0
20251227,NYK,Mitchell Robinson,18:12,6,9,1,3,1.000,2,0
20251227,ATL,Dyson Daniels,39:16,13,8,9,8,.625,2,3
20251227,ATL,Jalen Johnson,37:04,20,9,12,16,.438,0,2
20251227,ATL,Onyeka Okongwu,36:23,31,14,1,16,.625,1,0
20251227,ATL,Trae Young,31:23,9,0,10,9,.222,2,6
20251227,ATL,Zaccharie Risacher,19:16,4,4,0,7,.286,0,0
20251227,ATL,Nickeil Alexander-Walker,29:57,25,0,1,18,.444,1,0
20251227,ATL,Vít Krejčí,24:11,9,0,0,8,.375,0,0
20251227,ATL,Asa Newell,16:42,12,2,0,6,.833,0,0
20251227,ATL,Luke Kennard,4:41,2,0,0,1,1.000,0,0
20251227,ATL,Mouhamed Gueye,1:07,0,0,0,0,,0,0
20251227,MIL,Kevin Porter Jr.,38:59,8,6,9,10,.300,4,4
20251227,MIL,Ryan Rollins,35:03,20,7,5,12,.583,2,1
20251227,MIL,A.J. Green,28:00,6,2,1,9,.222,2,0
20251227,MIL,Myles Turner,27:21,13,5,1,9,.444,0,0
20251227,MIL,Giannis Antetokounmpo,24:42,29,8,1,15,.667,1,2
20251227,MIL,Bobby Portis,24:14,17,11,1,16,.438,2,0
20251227,MIL,Kyle Kuzma,23:04,12,2,4,10,.400,0,1
20251227,MIL,Gary Harris,21:58,3,0,0,3,.333,1,1
20251227,MIL,Jericho Sims,16:39,4,6,0,2,1.000,0,1
20251227,CHI,Coby White,28:43,16,2,1,12,.500,0,5
20251227,CHI,Josh Giddey,26:09,13,7,9,10,.400,0,4
20251227,CHI,Nikola Vučević,25:41,16,7,1,14,.500,1,2
20251227,CHI,Matas Buzelis,22:29,8,3,2,5,.400,1,3
20251227,CHI,Isaac Okoro,19:28,10,4,2,8,.500,0,0
20251227,CHI,Zach Collins,24:24,10,10,2,9,.556,0,0
20251227,CHI,Kevin Huerter,23:42,7,6,4,10,.300,0,0
20251227,CHI,Jalen Smith,22:21,6,10,1,8,.250,0,0
20251227,CHI,Tre Jones,22:05,6,1,6,6,.333,1,1
20251227,CHI,Ayo Dosunmu,21:26,11,2,0,10,.400,2,0
20251227,CHI,Patrick Williams,3:32,0,0,0,1,.000,0,0
20251227,CLE,Donovan Mitchell,30:27,16,3,6,17,.412,2,1
20251227,CLE,Sam Merrill,25:22,13,3,3,8,.625,1,1
20251227,CLE,Darius Garland,24:25,12,0,1,9,.556,0,3
20251227,CLE,Jarrett Allen,17:37,6,4,2,3,1.000,2,2
20251227,CLE,Dean Wade,17:30,6,3,1,6,.333,1,0
20251227,CLE,Jaylon Tyson,29:39,23,15,0,20,.500,1,3
20251227,CLE,De'Andre Hunter,20:18,2,1,2,7,.000,0,1
20251227,CLE,Evan Mobley,20:04,4,4,2,9,.222,1,3
20251227,CLE,Lonzo Ball,18:18,2,1,0,2,.000,2,0
20251227,CLE,Craig Porter Jr.,17:10,2,1,3,5,.200,0,0
20251227,CLE,Thomas Bryant,12:00,7,7,2,7,.429,0,0
20251227,CLE,Tyrese Proctor,7:10,7,0,1,3,1.000,0,0
20251227,HOU,Amen Thompson,33:22,13,9,4,14,.429,0,3
20251227,HOU,Kevin Durant,28:40,30,4,7,17,.647,0,3
20251227,HOU,Jabari Smith Jr.,26:04,15,7,2,9,.667,1,0
20251227,HOU,Steven Adams,22:10,9,8,1,6,.500,2,3
20251227,HOU,Tari Eason,21:08,9,6,0,6,.500,2,2
20251227,HOU,Reed Sheppard,32:04,18,3,8,12,.417,5,1
20251227,HOU,Clint Capela,18:03,4,8,0,6,.333,1,1
20251227,HOU,Dorian Finney-Smith,16:01,3,3,2,4,.250,1,0
20251227,HOU,Aaron Holiday,13:16,2,1,1,3,.333,0,0
20251227,HOU,Josh Okogie,13:14,8,0,0,4,.750,0,1
20251227,HOU,Jae'Sean Tate,6:28,0,1,0,1,.000,0,0
20251227,HOU,JD Davison,4:45,3,1,1,2,.500,0,1
20251227,HOU,Jeff Green,4:45,3,0,1,4,.250,0,0
20251227,IND,Bennedict Mathurin,34:50,25,6,0,16,.563,2,5
20251227,IND,Andrew Nembhard,34:17,15,3,16,17,.412,0,3
20251227,IND,Pascal Siakam,33:42,33,7,5,21,.667,2,5
20251227,IND,Jay Huff,21:56,11,1,2,8,.625,1,1
20251227,IND,Johnny Furphy,20:47,9,7,1,6,.667,1,1
20251227,IND,Jarace Walker,20:37,3,3,1,1,.000,0,3
20251227,IND,Aaron Nesmith,19:12,9,5,1,9,.333,0,1
20251227,IND,Quenton Jackson,13:43,4,0,3,3,.333,0,3
20251227,IND,Ethan Thompson,11:49,0,3,0,2,.000,0,3
20251227,IND,Tony Bradley,11:20,3,4,0,1,1.000,0,1
20251227,IND,Micah Potter,10:51,2,4,1,4,.250,0,0
20251227,IND,Kam Jones,3:28,2,1,0,4,.250,0,0
20251227,IND,Taelon Peter,3:28,0,1,0,1,.000,0,0
20251227,MIA,Andrew Wiggins,30:33,28,6,3,16,.750,3,2
20251227,MIA,Kel'el Ware,28:30,15,7,0,11,.636,3,0
20251227,MIA,Norman Powell,28:23,23,5,2,19,.368,2,1
20251227,MIA,Pelle Larsson,27:27,16,4,7,7,.714,0,0
20251227,MIA,Davion Mitchell,19:13,0,2,5,6,.000,2,0
20251227,MIA,Jaime Jaquez Jr.,28:38,28,6,3,15,.733,1,2
20251227,MIA,Nikola Jović,24:35,19,7,7,14,.500,2,2
20251227,MIA,Dru Smith,23:23,5,5,3,6,.333,1,2
20251227,MIA,Kasparas Jakučionis,22:04,4,3,2,8,.250,3,1
20251227,MIA,Simone Fontecchio,3:28,2,2,1,3,.333,0,0
20251227,MIA,Keshad Johnson,2:05,2,1,0,1,1.000,0,0
20251227,MIA,Myron Gardner,1:41,0,1,0,1,.000,0,0
20251227,BRK,Noah Clowney,33:53,11,5,3,10,.400,0,2
20251227,BRK,Michael Porter Jr.,33:04,27,10,4,16,.563,0,3
20251227,BRK,Nic Claxton,30:33,14,6,3,9,.667,1,3
20251227,BRK,Egor Dёmin,27:13,7,2,3,11,.273,1,2
20251227,BRK,Terance Mann,23:48,2,4,4,2,.500,1,1
20251227,BRK,Cam Thomas,19:48,30,3,4,15,.600,0,0
20251227,BRK,Nolan Traoré,18:42,4,1,4,2,1.000,1,1
20251227,BRK,Drake Powell,17:33,7,1,2,6,.500,1,0
20251227,BRK,Day'Ron Sharpe,17:27,10,4,4,5,1.000,3,1
20251227,BRK,Danny Wolf,16:47,11,3,1,7,.571,0,2
20251227,BRK,Jalen Wilson,1:12,0,0,0,1,.000,0,0
20251227,MIN,Anthony Edwards,34:42,28,7,2,22,.455,1,3
20251227,MIN,Julius Randle,34:00,13,3,11,14,.357,2,3
20251227,MIN,Jaden McDaniels,33:14,16,3,4,11,.636,1,2
20251227,MIN,Donte DiVincenzo,31:38,11,5,6,7,.571,2,1
20251227,MIN,Rudy Gobert,31:26,6,8,0,6,.333,2,0
20251227,MIN,Naz Reid,29:11,13,4,1,11,.455,0,1
20251227,MIN,Jaylen Clark,14:47,6,2,0,4,.250,0,0
20251227,MIN,Bones Hyland,14:24,4,1,2,2,.500,0,0
20251227,MIN,Rob Dillingham,10:47,7,1,1,5,.200,0,1
20251227,MIN,Johnny Juzang,1:57,3,0,0,1,1.000,0,0
20251227,MIN,Joan Beringer,1:57,0,0,0,0,,0,0
20251227,MIN,Leonard Miller,1:57,0,0,0,0,,0,0
20251227,UTA,Keyonte George,34:46,28,5,6,18,.389,2,3
20251227,UTA,Lauri Markkanen,34:18,29,5,1,16,.688,3,1
20251227,UTA,Brice Sensabaugh,33:37,11,4,3,6,.667,0,2
20251227,UTA,Jusuf Nurkić,26:13,16,7,6,12,.500,0,3
20251227,UTA,Svi Mykhailiuk,14:04,3,1,1,1,1.000,0,1
20251227,UTA,Walter Clayton,22:19,17,2,5,6,1.000,1,0
20251227,UTA,Kyle Filipowski,21:47,6,3,6,7,.286,2,1
20251227,UTA,Cody Williams,19:27,8,6,1,8,.500,1,0
20251227,UTA,Taylor Hendricks,18:12,2,3,1,4,.250,0,0
20251227,UTA,Isaiah Collier,15:17,7,1,4,5,.600,0,4
20251227,SAS,Devin Vassell,35:16,11,3,3,12,.333,0,0
20251227,SAS,Stephon Castle,33:22,20,2,7,19,.421,2,4
20251227,SAS,Victor Wembanyama,27:42,32,7,3,21,.571,0,3
20251227,SAS,Julian Champagnie,25:48,4,5,0,10,.200,1,0
20251227,SAS,Harrison Barnes,22:47,3,2,2,4,.250,0,0
20251227,SAS,Dylan Harper,26:42,7,7,12,10,.300,3,2
20251227,SAS,Keldon Johnson,24:33,27,10,1,15,.667,0,0
20251227,SAS,Luke Kornet,19:05,7,8,1,3,.667,0,0
20251227,SAS,Carter Bryant,13:48,3,2,0,4,.250,0,0
20251227,SAS,Jeremy Sochan,5:41,0,0,1,0,,0,2
20251227,SAS,Lindy Waters III,4:03,0,0,0,1,.000,0,0
20251227,SAS,Jordan McLaughlin,1:13,0,0,0,0,,0,0
20251228,PHI,Tyrese Maxey,36:25,28,2,5,18,.556,4,5
20251228,PHI,VJ Edgecombe,33:55,10,2,5,16,.188,0,2
20251228,PHI,Paul George,29:14,12,4,3,11,.364,1,3
20251228,PHI,Dominick Barlow,25:26,2,4,2,4,.250,0,2
20251228,PHI,Andre Drummond,17:33,4,4,0,4,.500,0,4
20251228,PHI,Adem Bona,28:22,11,8,1,4,.750,0,2
20251228,PHI,Jared McCain,23:19,10,4,1,6,.667,0,3
20251228,PHI,Quentin Grimes,22:26,13,2,3,10,.300,0,1
20251228,PHI,Justin Edwards,19:50,12,5,1,9,.444,0,1
20251228,PHI,Jabari Walker,3:30,2,3,0,1,1.000,0,0
20251228,OKC,Jalen Williams,32:04,14,4,6,10,.400,2,2
20251228,OKC,Chet Holmgren,29:25,29,9,1,17,.706,0,6
20251228,OKC,Shai Gilgeous-Alexander,29:01,27,2,5,13,.769,2,1
20251228,OKC,Luguentz Dort,23:02,3,1,0,2,.500,1,2
20251228,OKC,Isaiah Hartenstein,19:39,5,3,3,6,.333,1,2
20251228,OKC,Cason Wallace,25:37,9,4,4,8,.500,2,0
20251228,OKC,Aaron Wiggins,22:58,15,3,3,8,.750,1,0
20251228,OKC,Ajay Mitchell,20:08,13,1,3,9,.556,2,0
20251228,OKC,Alex Caruso,15:37,7,1,0,5,.600,0,0
20251228,OKC,Kenrich Williams,7:05,3,4,2,3,.333,0,0
20251228,OKC,Branden Carlson,5:31,4,2,0,3,.667,1,0
20251228,OKC,Isaiah Joe,5:12,0,1,0,1,.000,0,0
20251228,OKC,Chris Youngblood,4:41,0,0,0,2,.000,0,0
20251228,GSW,Stephen Curry,41:09,39,3,4,30,.400,1,4
20251228,GSW,Jimmy Butler,37:41,19,6,5,16,.375,0,3
20251228,GSW,Draymond Green,33:17,21,4,7,14,.571,1,3
20251228,GSW,Moses Moody,29:00,3,6,1,6,.167,2,2
20251228,GSW,Quinten Post,18:08,8,2,2,3,.667,0,2
20251228,GSW,Will Richard,35:07,10,7,1,7,.429,5,2
20251228,GSW,Brandin Podziemski,27:57,13,3,2,9,.556,0,1
20251228,GSW,Al Horford,16:51,7,7,0,6,.500,0,0
20251228,GSW,Buddy Hield,14:16,3,3,1,2,.500,0,1
20251228,GSW,Gary Payton II,11:34,4,1,2,3,.667,0,2
20251228,TOR,Scottie Barnes,42:27,23,25,10,17,.647,3,3
20251228,TOR,Brandon Ingram,39:29,26,4,6,26,.462,1,2
20251228,TOR,Immanuel Quickley,38:03,27,4,7,15,.467,1,5
20251228,TOR,RJ Barrett,23:46,12,7,4,13,.385,0,0
20251228,TOR,Ochai Agbaji,19:56,10,4,1,6,.667,0,0
20251228,TOR,Ja'Kobe Walter,33:15,18,2,3,10,.600,1,0
20251228,TOR,Jamal Shead,28:58,8,0,8,8,.375,1,4
20251228,TOR,Sandro Mamukelashvili,21:48,13,6,0,11,.545,2,0
20251228,TOR,Gradey Dick,14:54,4,2,1,4,.500,1,0
20251228,TOR,Jamison Battle,0:48,0,0,0,0,,0,0
20251228,TOR,Jonathan Mogbo,0:48,0,0,0,0,,0,0
20251228,TOR,Garrett Temple,0:48,0,1,0,0,,0,0
20251228,BOS,Derrick White,39:53,12,4,5,16,.313,5,3
20251228,BOS,Payton Pritchard,37:37,9,5,5,10,.300,2,2
20251228,BOS,Jaylen Brown,36:57,37,7,4,23,.609,0,6
20251228,BOS,Neemias Queta,29:20,11,8,0,9,.556,1,3
20251228,BOS,Jordan Walsh,9:46,5,1,0,3,.667,1,1
20251228,BOS,Hugo González,30:17,13,6,3,10,.500,2,2
20251228,BOS,Sam Hauser,19:26,3,2,0,5,.200,0,0
20251228,BOS,Anfernee Simons,18:43,13,3,1,11,.364,2,0
20251228,BOS,Luka Garza,11:01,5,3,0,4,.250,0,2
20251228,BOS,Baylor Scheierman,7:00,0,0,1,0,,0,0
20251228,POR,Deni Avdija,38:44,24,7,10,16,.500,2,5
20251228,POR,Toumani Camara,35:04,20,4,3,14,.500,1,1
20251228,POR,Donovan Clingan,33:38,18,18,1,10,.800,0,2
20251228,POR,Shaedon Sharpe,31:47,26,5,1,20,.500,1,3
20251228,POR,Kris Murray,30:26,5,5,3,5,.400,0,1
20251228,POR,Caleb Love,28:55,18,2,3,14,.429,1,4
20251228,POR,Sidy Cissoko,22:23,0,3,4,5,.000,2,1
20251228,POR,Yang Hansen,10:38,3,3,0,3,.333,0,2
20251228,POR,Rayan Rupert,8:25,0,1,1,2,.000,0,1
20251228,MEM,Santi Aldama,35:29,14,10,3,14,.357,5,3
20251228,MEM,Jaren Jackson Jr.,35:02,31,8,1,25,.440,1,3
20251228,MEM,Jaylen Wells,27:30,11,7,3,11,.364,0,2
20251228,MEM,Ja Morant,27:28,21,0,7,16,.500,0,3
20251228,MEM,Cedric Coward,22:44,11,6,3,9,.444,0,2
20251228,MEM,Cam Spencer,26:43,8,3,7,11,.364,2,2
20251228,MEM,Christian Koloko,25:29,4,7,1,5,.400,1,0
20251228,MEM,GG Jackson II,21:05,5,1,1,5,.400,4,1
20251228,MEM,Kentavious Caldwell-Pope,10:44,4,1,1,5,.400,0,0
20251228,MEM,Olivier-Maxence Prosper,7:46,3,0,0,2,.500,1,0
20251228,WAS,CJ McCollum,32:31,16,4,5,12,.417,0,4
20251228,WAS,Bilal Coulibaly,28:44,14,8,2,15,.400,3,1
20251228,WAS,Alex Sarr,26:14,20,9,1,20,.450,2,1
20251228,WAS,Tre Johnson,25:32,14,0,4,11,.455,1,1
20251228,WAS,Khris Middleton,22:36,10,6,2,7,.286,1,1
20251228,WAS,Bub Carrington,26:55,12,4,7,9,.444,1,8
20251228,WAS,Justin Champagnie,25:22,10,12,0,8,.375,1,2
20251228,WAS,Marvin Bagley III,21:44,14,7,1,8,.750,0,1
20251228,WAS,Will Riley,18:55,0,4,4,5,.000,0,0
20251228,WAS,Malaki Branham,11:04,6,0,0,4,.500,0,0
20251228,WAS,Jamir Watkins,0:23,0,0,0,0,,0,0
20251228,DET,Cade Cunningham,32:06,27,5,9,18,.500,0,3
20251228,DET,Jalen Duren,31:26,18,14,2,12,.667,0,1
20251228,DET,Duncan Robinson,26:43,5,4,0,6,.167,0,0
20251228,DET,Ausar Thompson,23:41,6,6,1,6,.167,2,2
20251228,DET,Tobias Harris,21:37,6,0,1,5,.400,3,2
20251228,DET,Jaden Ivey,28:44,11,3,3,10,.200,1,0
20251228,DET,Isaiah Stewart,23:41,8,4,0,11,.364,0,1
20251228,DET,Ron Holland,18:10,4,3,2,3,.667,1,2
20251228,DET,Javonte Green,13:01,7,3,0,4,.750,0,0
20251228,DET,Caris LeVert,12:48,4,1,0,3,.333,1,1
20251228,DET,Paul Reed,5:40,3,2,0,3,.333,1,0
20251228,DET,Daniss Jenkins,2:23,0,0,0,1,.000,0,1
20251228,LAC,James Harden,40:00,28,4,7,23,.304,0,3
20251228,LAC,Kawhi Leonard,38:38,55,11,2,26,.654,5,3
20251228,LAC,Brook Lopez,35:43,7,7,2,7,.429,2,2
20251228,LAC,Nicolas Batum,31:22,12,4,1,8,.500,1,0
20251228,LAC,Kris Dunn,30:27,5,1,3,4,.500,2,0
20251228,LAC,Derrick Jones Jr.,18:19,3,3,0,4,.250,0,1
20251228,LAC,Jordan Miller,17:22,0,3,1,0,,1,0
20251228,LAC,Kobe Sanders,15:52,0,0,2,2,.000,0,0
20251228,LAC,Yanic Konan Niederhäuser,12:17,2,2,0,1,1.000,1,1
20251228,SAC,Maxime Raynaud,34:38,16,10,2,10,.800,0,2
20251228,SAC,DeMar DeRozan,33:40,22,4,5,17,.471,1,3
20251228,SAC,Russell Westbrook,26:15,13,5,4,17,.353,2,6
20251228,SAC,Keon Ellis,22:16,2,0,0,5,.200,0,0
20251228,SAC,Precious Achiuwa,19:35,5,3,1,4,.500,1,0
20251228,SAC,Nique Clifford,28:55,11,6,3,6,.667,1,4
20251228,SAC,Dylan Cardwell,23:42,7,7,0,4,.750,3,0
20251228,SAC,Dennis Schröder,19:28,11,2,7,6,.500,2,2
20251228,SAC,Malik Monk,19:24,11,2,2,10,.400,1,2
20251228,SAC,Doug McDermott,12:07,3,0,0,4,.250,0,0
20251228,LAL,Luka Dončić,32:44,34,5,7,23,.478,3,5
20251228,LAL,Deandre Ayton,30:10,11,11,2,9,.556,0,0
20251228,LAL,LeBron James,28:38,24,3,5,13,.846,2,2
20251228,LAL,Rui Hachimura,26:14,12,4,1,10,.500,2,0
20251228,LAL,Marcus Smart,20:25,0,3,2,1,.000,1,1
20251228,LAL,Jake LaRavia,25:20,11,2,4,8,.375,2,2
20251228,LAL,Nick Smith Jr.,23:58,21,3,1,14,.571,0,0
20251228,LAL,Jarred Vanderbilt,22:18,5,2,0,4,.500,2,2
20251228,LAL,Maxi Kleber,13:14,2,3,2,2,.000,1,2
20251228,LAL,Dalton Knecht,4:36,3,1,0,2,.500,0,0
20251228,LAL,Adou Thiero,4:36,2,3,1,3,.333,1,0
20251228,LAL,Bronny James,4:36,0,0,0,0,,0,0
20251228,LAL,Drew Timme,3:11,0,1,0,0,,0,1
20251229,MIL,Kevin Porter Jr.,37:37,15,5,11,13,.462,2,1
20251229,MIL,Myles Turner,30:52,23,6,1,12,.583,0,0
20251229,MIL,Ryan Rollins,30:52,13,3,4,10,.300,2,3
20251229,MIL,A.J. Green,26:36,5,3,2,6,.333,1,0
20251229,MIL,Giannis Antetokounmpo,25:17,24,4,7,16,.688,1,2
20251229,MIL,Kyle Kuzma,25:42,6,5,2,7,.429,2,1
20251229,MIL,Bobby Portis,23:17,25,2,1,12,.667,0,1
20251229,MIL,Gary Trent Jr.,19:58,9,1,1,6,.500,1,0
20251229,MIL,Gary Harris,17:21,3,2,0,2,.500,0,0
20251229,MIL,Jericho Sims,2:28,0,0,0,0,,0,0
20251229,CHO,Brandon Miller,37:31,31,8,5,22,.409,1,1
20251229,CHO,Moussa Diabaté,34:52,14,9,3,9,.667,2,2
20251229,CHO,LaMelo Ball,29:06,26,2,7,23,.391,1,6
20251229,CHO,Sion James,28:42,0,4,1,3,.000,0,0
20251229,CHO,Miles Bridges,7:06,3,3,0,2,.500,0,0
20251229,CHO,Tidjane Salaün,27:49,3,11,1,4,.250,1,2
20251229,CHO,Josh Green,22:57,10,2,1,10,.400,0,0
20251229,CHO,Collin Sexton,19:16,16,1,8,12,.500,0,1
20251229,CHO,PJ Hall,16:14,3,2,0,2,.500,0,1
20251229,CHO,Liam McNeeley,12:02,7,5,2,6,.500,0,0
20251229,CHO,Tre Mann,4:25,0,0,0,0,,0,0
20251229,PHO,Devin Booker,35:21,22,6,5,23,.348,1,2
20251229,PHO,Dillon Brooks,32:39,26,3,0,20,.400,0,1
20251229,PHO,Royce O'Neale,32:36,15,5,4,8,.625,1,1
20251229,PHO,Oso Ighodaro,29:48,6,10,3,3,.667,2,1
20251229,PHO,Collin Gillespie,28:37,25,4,6,14,.714,2,2
20251229,PHO,Jordan Goodwin,27:46,14,7,2,14,.429,2,1
20251229,PHO,Nick Richards,17:08,2,9,0,8,.125,0,0
20251229,PHO,Jamaree Bouyea,12:34,2,1,3,6,.000,0,2
20251229,PHO,Rasheer Fleming,11:44,0,4,0,2,.000,0,0
20251229,PHO,Isaiah Livers,9:39,3,2,2,3,.333,0,0
20251229,PHO,Nigel Hayes-Davis,1:04,0,0,0,0,,0,0
20251229,PHO,Khaman Maluach,1:04,0,0,0,0,,0,0
20251229,WAS,CJ McCollum,28:13,17,3,4,13,.462,2,3
20251229,WAS,Bilal Coulibaly,26:36,13,7,3,8,.375,0,3
20251229,WAS,Tre Johnson,25:07,24,1,2,12,.750,1,3
20251229,WAS,Alex Sarr,24:50,2,2,4,5,.200,1,2
20251229,WAS,Jamir Watkins,17:19,3,4,0,4,.250,0,1
20251229,WAS,Bub Carrington,26:45,10,5,4,8,.500,0,1
20251229,WAS,Justin Champagnie,26:42,11,6,0,9,.444,1,0
20251229,WAS,Marvin Bagley III,22:06,7,7,2,5,.400,0,0
20251229,WAS,Will Riley,20:38,10,5,1,10,.400,1,1
20251229,WAS,Malaki Branham,19:36,4,3,1,4,.500,0,1
20251229,WAS,Anthony Gill,1:04,0,0,0,0,,0,0
20251229,WAS,AJ Johnson,1:04,0,0,0,0,,0,0
20251229,GSW,Jimmy Butler,31:12,21,5,4,9,.556,1,1
20251229,GSW,Stephen Curry,28:36,27,2,5,15,.533,1,2
20251229,GSW,Draymond Green,24:47,7,5,3,3,.333,1,1
20251229,GSW,Moses Moody,11:40,4,3,0,8,.125,0,0
20251229,GSW,Quinten Post,4:52,3,0,0,1,1.000,0,1
20251229,GSW,De'Anthony Melton,23:32,10,8,1,6,.667,2,1
20251229,GSW,Will Richard,22:51,10,1,3,7,.571,2,1
20251229,GSW,Trayce Jackson-Davis,21:56,11,6,1,6,.833,1,1
20251229,GSW,Brandin Podziemski,20:02,7,2,2,6,.500,0,1
20251229,GSW,Gui Santos,19:10,0,4,2,2,.000,0,2
20251229,GSW,Buddy Hield,10:57,6,3,0,5,.600,2,0
20251229,GSW,Pat Spencer,10:21,4,1,4,4,.500,1,0
20251229,GSW,Gary Payton II,10:04,10,0,1,5,.800,0,2
20251229,BRK,Michael Porter Jr.,36:07,27,9,5,18,.556,3,2
20251229,BRK,Nic Claxton,35:43,15,9,4,9,.778,3,1
20251229,BRK,Egor Dёmin,32:20,23,3,3,17,.412,1,3
20251229,BRK,Terance Mann,28:04,4,2,4,3,.000,1,1
20251229,BRK,Noah Clowney,24:51,11,5,2,8,.375,2,3
20251229,BRK,Danny Wolf,19:51,0,1,2,2,.000,0,0
20251229,BRK,Cam Thomas,18:50,13,0,2,12,.417,0,2
20251229,BRK,Drake Powell,17:19,2,0,0,2,.000,0,0
20251229,BRK,Nolan Traoré,14:38,9,0,0,6,.500,0,2
20251229,BRK,Day'Ron Sharpe,12:17,3,5,0,3,.333,0,1
20251229,DEN,Jamal Murray,34:47,20,6,11,21,.429,1,2
20251229,DEN,Spencer Jones,33:06,16,3,1,6,.833,3,0
20251229,DEN,Peyton Watson,31:42,11,2,1,10,.400,1,1
20251229,DEN,Tim Hardaway Jr.,28:20,16,3,2,13,.462,0,0
20251229,DEN,Nikola Jokić,19:21,21,5,8,14,.643,0,2
20251229,DEN,Bruce Brown,25:54,15,5,2,9,.778,0,2
20251229,DEN,Jonas Valančiūnas,15:41,6,4,1,3,1.000,0,2
20251229,DEN,Julian Strawther,14:11,4,1,1,3,.000,0,1
20251229,DEN,Zeke Nnaji,9:27,4,0,0,1,1.000,0,0
20251229,DEN,DaRon Holmes,8:16,4,3,0,0,,0,0
20251229,DEN,Curtis Jones,6:25,2,1,1,5,.200,0,0
20251229,DEN,Jalen Pickett,6:25,2,2,1,1,1.000,0,0
20251229,DEN,Hunter Tyson,6:25,2,1,0,3,.333,0,0
20251229,MIA,Davion Mitchell,31:34,10,3,9,8,.500,0,3
20251229,MIA,Andrew Wiggins,31:20,19,5,6,10,.600,3,0
20251229,MIA,Norman Powell,27:58,25,1,4,16,.563,1,3
20251229,MIA,Kel'el Ware,23:56,19,9,0,12,.667,1,0
20251229,MIA,Bam Adebayo,21:10,13,10,4,10,.500,1,2
20251229,MIA,Jaime Jaquez Jr.,27:51,20,3,11,11,.727,0,0
20251229,MIA,Nikola Jović,25:54,22,4,5,12,.583,0,0
20251229,MIA,Dru Smith,21:06,11,4,1,6,.667,2,1
20251229,MIA,Pelle Larsson,15:24,3,2,0,5,.200,0,0
20251229,MIA,Simone Fontecchio,3:27,3,0,0,1,.000,0,0
20251229,MIA,Keshad Johnson,3:27,2,1,0,5,.200,0,0
20251229,MIA,Myron Gardner,3:27,0,3,0,3,.000,0,0
20251229,MIA,Kasparas Jakučionis,3:27,0,1,0,0,,0,0
20251229,ORL,Paolo Banchero,37:58,23,15,10,19,.474,0,1
20251229,ORL,Anthony Black,32:10,27,3,3,19,.474,1,4
20251229,ORL,Wendell Carter Jr.,31:41,9,6,2,10,.400,1,1
20251229,ORL,Desmond Bane,29:53,18,6,3,18,.333,0,0
20251229,ORL,Tyus Jones,28:09,10,4,2,8,.500,1,1
20251229,ORL,Tristan Da Silva,26:38,6,6,1,6,.333,0,0
20251229,ORL,Jase Richardson,19:39,7,3,4,7,.286,1,0
20251229,ORL,Goga Bitadze,15:50,2,5,0,2,.500,0,0
20251229,ORL,Jamal Cain,12:06,3,3,0,2,.000,0,0
20251229,ORL,Noah Penda,5:27,1,1,0,0,,0,1
20251229,ORL,Jonathan Isaac,0:29,0,0,0,0,,0,0
20251229,TOR,Scottie Barnes,36:55,13,11,2,12,.417,2,2
20251229,TOR,Brandon Ingram,34:04,17,9,4,22,.318,0,0
20251229,TOR,Immanuel Quickley,24:42,4,5,5,12,.167,0,1
20251229,TOR,Sandro Mamukelashvili,23:16,13,4,1,10,.500,1,0
20251229,TOR,Ochai Agbaji,20:07,10,4,3,8,.500,0,0
20251229,TOR,Jamal Shead,28:53,19,4,5,15,.533,0,1
20251229,TOR,Collin Murray-Boyles,24:59,4,12,2,6,.167,0,2
20251229,TOR,Ja'Kobe Walter,23:41,10,7,0,6,.333,2,0
20251229,TOR,Gradey Dick,15:25,15,1,0,7,.571,1,0
20251229,TOR,Mo Bamba,4:18,0,0,0,0,,0,0
20251229,TOR,Jamison Battle,3:40,2,1,0,1,1.000,0,0
20251229,MIN,Anthony Edwards,32:15,23,2,4,13,.692,1,0
20251229,MIN,Rudy Gobert,29:37,9,10,1,5,.800,1,0
20251229,MIN,Julius Randle,28:01,17,5,14,11,.545,1,0
20251229,MIN,Donte DiVincenzo,26:32,12,6,3,10,.400,0,0
20251229,MIN,Jaden McDaniels,22:47,7,5,3,9,.333,0,0
20251229,MIN,Naz Reid,26:52,33,7,3,18,.611,0,1
20251229,MIN,Jaylen Clark,18:50,11,4,0,7,.571,3,0
20251229,MIN,Mike Conley,17:45,2,0,1,3,.333,1,0
20251229,MIN,Bones Hyland,14:22,12,0,1,8,.625,1,0
20251229,MIN,Rob Dillingham,5:45,5,0,0,3,.667,0,0
20251229,MIN,Leonard Miller,5:45,3,2,0,2,.500,0,1
20251229,MIN,Johnny Juzang,5:45,2,2,2,4,.250,1,0
20251229,MIN,Joan Beringer,5:45,0,3,0,2,.000,0,1
20251229,CHI,Nikola Vučević,30:02,23,5,2,17,.588,0,3
20251229,CHI,Matas Buzelis,23:58,13,5,2,14,.357,0,2
20251229,CHI,Isaac Okoro,20:02,4,3,0,4,.000,0,1
20251229,CHI,Josh Giddey,17:52,11,4,3,10,.300,0,1
20251229,CHI,Coby White,6:35,0,0,2,0,,0,0
20251229,CHI,Ayo Dosunmu,31:37,10,6,7,12,.333,1,2
20251229,CHI,Jalen Smith,25:31,12,6,1,6,.667,1,1
20251229,CHI,Kevin Huerter,21:59,8,6,1,6,.500,0,1
20251229,CHI,Tre Jones,21:07,11,2,4,9,.556,0,1
20251229,CHI,Patrick Williams,19:38,7,3,2,8,.375,0,2
20251229,CHI,Dalen Terry,10:56,0,1,1,3,.000,1,1
20251229,CHI,Julian Phillips,5:45,2,1,0,2,.500,0,1
20251229,CHI,Jevon Carter,4:58,0,0,0,2,.000,0,0
20251229,IND,Pascal Siakam,31:13,23,4,4,16,.500,1,2
20251229,IND,Andrew Nembhard,29:18,11,1,2,13,.308,3,1
20251229,IND,Bennedict Mathurin,25:39,14,3,4,11,.455,0,0
20251229,IND,Johnny Furphy,20:27,9,4,1,5,.800,1,0
20251229,IND,Jay Huff,18:35,8,3,1,8,.375,1,1
20251229,IND,Aaron Nesmith,23:40,14,3,3,8,.625,0,1
20251229,IND,Jarace Walker,23:35,12,2,3,7,.714,1,1
20251229,IND,Kam Jones,17:30,4,1,1,4,.500,2,0
20251229,IND,T.J. McConnell,16:03,6,1,4,7,.286,1,1
20251229,IND,Micah Potter,12:11,3,3,6,3,.333,0,1
20251229,IND,Tony Bradley,10:43,0,3,0,1,.000,0,0
20251229,IND,Quenton Jackson,3:42,7,0,0,2,1.000,1,1
20251229,IND,Taelon Peter,3:42,6,1,0,2,1.000,1,0
20251229,IND,Ethan Thompson,3:42,2,0,1,1,1.000,0,0
20251229,HOU,Amen Thompson,37:23,20,8,7,9,.667,0,3
20251229,HOU,Jabari Smith Jr.,33:52,21,10,2,16,.500,0,3
20251229,HOU,Kevin Durant,33:41,30,6,5,20,.650,0,3
20251229,HOU,Tari Eason,28:39,13,8,1,8,.625,1,2
20251229,HOU,Steven Adams,22:17,8,5,0,4,.750,0,0
20251229,HOU,Reed Sheppard,24:15,13,1,3,12,.500,2,2
20251229,HOU,Dorian Finney-Smith,16:17,6,2,0,3,.667,0,1
20251229,HOU,Clint Capela,13:20,6,7,1,4,.750,0,0
20251229,HOU,Josh Okogie,12:51,3,3,0,2,.500,0,0
20251229,HOU,Jae'Sean Tate,8:53,2,0,1,3,.333,0,0
20251229,HOU,Aaron Holiday,3:42,0,0,0,1,.000,0,0
20251229,HOU,JD Davison,2:26,2,0,1,0,,1,1
20251229,HOU,Jeff Green,2:26,2,0,0,1,1.000,0,1
20251229,NYK,OG Anunoby,37:05,23,11,1,22,.364,3,2
20251229,NYK,Jalen Brunson,35:32,28,3,10,23,.435,0,1
20251229,NYK,Mikal Bridges,34:50,6,5,10,5,.600,2,1
20251229,NYK,Karl-Anthony Towns,29:58,12,12,4,9,.444,0,0
20251229,NYK,Mohamed Diawara,17:49,18,1,0,9,.778,2,0
20251229,NYK,Miles McBride,18:27,14,3,2,8,.500,1,0
20251229,NYK,Guerschon Yabusele,15:52,9,2,1,5,.600,0,2
20251229,NYK,Jordan Clarkson,13:13,9,2,1,6,.500,0,1
20251229,NYK,Tyler Kolek,12:12,7,2,5,5,.400,0,1
20251229,NYK,Ariel Hukporti,11:40,0,0,0,0,,0,0
20251229,NYK,Kevin McCullar Jr.,8:58,2,0,1,2,.500,0,0
20251229,NYK,Trey Jemison,4:24,2,1,0,1,1.000,0,0
20251229,NOP,Trey Murphy III,38:17,21,6,2,16,.500,0,2
20251229,NOP,Saddiq Bey,36:34,26,6,6,21,.429,2,2
20251229,NOP,Zion Williamson,28:51,32,5,2,16,.688,2,2
20251229,NOP,Derik Queen,28:30,7,9,5,13,.231,1,2
20251229,NOP,Jeremiah Fears,22:11,4,4,4,5,.400,1,1
20251229,NOP,Jordan Poole,25:50,26,3,2,14,.500,0,0
20251229,NOP,Kevon Looney,23:58,2,9,3,3,.333,0,0
20251229,NOP,Yves Missi,14:21,2,6,2,2,.500,0,1
20251229,NOP,Jordan Hawkins,11:45,2,2,1,3,.333,0,1
20251229,NOP,Micah Peavy,9:44,3,0,0,3,.333,0,0
20251229,ATL,Nickeil Alexander-Walker,39:56,30,4,5,24,.458,2,1
20251229,ATL,Onyeka Okongwu,34:59,26,14,6,16,.500,1,4
20251229,ATL,Dyson Daniels,34:33,13,6,7,13,.462,1,3
20251229,ATL,Vít Krejčí,34:11,18,1,2,14,.500,1,0
20251229,ATL,Zaccharie Risacher,22:44,12,4,0,9,.444,1,2
20251229,ATL,Luke Kennard,30:43,12,4,5,8,.500,1,2
20251229,ATL,Asa Newell,20:26,9,0,2,8,.375,1,2
20251229,ATL,Keaton Wallace,12:14,9,0,2,4,.750,1,2
20251229,ATL,Mouhamed Gueye,10:14,0,5,3,1,.000,2,0
20251229,OKC,Shai Gilgeous-Alexander,35:53,39,6,6,24,.625,2,3
20251229,OKC,Cason Wallace,33:40,17,7,3,8,.750,2,1
20251229,OKC,Jalen Williams,32:54,20,8,7,17,.471,1,3
20251229,OKC,Chet Holmgren,30:30,24,10,2,14,.643,0,2
20251229,OKC,Luguentz Dort,22:35,6,4,1,9,.222,0,1
20251229,OKC,Alex Caruso,24:02,16,8,2,8,.875,2,1
20251229,OKC,Ajay Mitchell,23:18,10,1,4,8,.375,2,0
20251229,OKC,Aaron Wiggins,11:21,2,3,1,5,.200,0,1
20251229,OKC,Branden Carlson,10:45,6,0,0,3,.667,0,0
20251229,OKC,Isaiah Joe,10:14,0,1,1,2,.000,0,0
20251229,OKC,Kenrich Williams,4:48,0,1,0,0,,0,1
20251229,CLE,Donovan Mitchell,35:17,10,2,7,12,.250,3,3
20251229,CLE,Darius Garland,31:22,15,5,11,13,.385,1,3
20251229,CLE,Evan Mobley,28:38,16,7,2,13,.538,0,1
20251229,CLE,Jarrett Allen,28:05,27,10,0,21,.524,2,2
20251229,CLE,Dean Wade,24:39,10,5,0,7,.571,0,0
20251229,CLE,Sam Merrill,25:50,5,0,1,6,.167,1,1
20251229,CLE,De'Andre Hunter,24:00,11,9,2,9,.444,2,1
20251229,CLE,Jaylon Tyson,21:31,11,3,2,8,.500,3,1
20251229,CLE,Craig Porter Jr.,15:17,2,6,4,2,.000,0,0
20251229,CLE,Nae'Qwan Tomlin,5:21,6,0,0,5,.400,0,0
20251229,SAS,Stephon Castle,34:17,15,4,8,13,.385,1,5
20251229,SAS,De'Aaron Fox,32:13,14,2,3,13,.308,1,2
20251229,SAS,Devin Vassell,29:31,7,4,0,10,.300,0,1
20251229,SAS,Victor Wembanyama,27:19,26,14,3,16,.438,1,2
20251229,SAS,Harrison Barnes,26:56,3,4,3,7,.143,1,1
20251229,SAS,Julian Champagnie,24:14,7,6,0,4,.500,1,1
20251229,SAS,Luke Kornet,23:03,10,9,3,4,.750,1,0
20251229,SAS,Keldon Johnson,17:47,8,3,0,3,.667,0,2
20251229,SAS,Dylan Harper,17:23,11,4,1,11,.455,1,4
20251229,SAS,Carter Bryant,7:17,0,2,0,2,.000,0,0
20251229,DAL,Cooper Flagg,35:27,15,6,8,20,.300,3,5
20251229,DAL,P.J. Washington,29:18,8,5,1,8,.375,0,0
20251229,DAL,Max Christie,28:40,25,3,5,12,.667,0,2
20251229,DAL,Daniel Gafford,25:34,17,10,0,9,.778,1,2
20251229,DAL,Ryan Nembhard,17:03,0,2,6,4,.000,0,1
20251229,DAL,Brandon Williams,30:22,22,3,4,12,.667,1,0
20251229,DAL,Naji Marshall,29:16,17,7,4,12,.583,0,2
20251229,DAL,Klay Thompson,19:14,14,1,1,12,.417,1,0
20251229,DAL,Dwight Powell,17:50,2,3,2,1,1.000,0,0
20251229,DAL,Caleb Martin,7:16,2,1,2,1,1.000,0,0
20251229,POR,Deni Avdija,39:00,27,9,11,18,.500,2,6
20251229,POR,Shaedon Sharpe,33:06,24,5,5,23,.391,1,3
20251229,POR,Donovan Clingan,28:50,18,11,1,10,.800,0,0
20251229,POR,Toumani Camara,25:27,9,4,2,7,.429,0,0
20251229,POR,Sidy Cissoko,21:51,6,5,1,8,.125,0,2
20251229,POR,Caleb Love,34:16,24,3,2,15,.533,0,1
20251229,POR,Rayan Rupert,27:42,9,3,2,9,.444,0,0
20251229,POR,Robert Williams,19:46,8,8,2,5,.800,0,2
20251229,POR,Yang Hansen,10:02,0,0,1,2,.000,0,1
20251230,PHI,Tyrese Maxey,43:09,34,4,12,21,.619,2,0
20251230,PHI,VJ Edgecombe,40:50,25,6,4,21,.476,4,1
20251230,PHI,Paul George,39:04,17,3,3,17,.353,0,3
20251230,PHI,Joel Embiid,38:06,34,10,8,28,.393,1,4
20251230,PHI,Dominick Barlow,24:28,12,5,0,10,.600,2,0
20251230,PHI,Quentin Grimes,37:32,11,3,3,9,.444,3,0
20251230,PHI,Adem Bona,25:36,4,6,2,0,,1,0
20251230,PHI,Jared McCain,12:42,2,4,1,4,.250,0,0
20251230,PHI,Justin Edwards,3:34,0,0,0,1,.000,1,0
20251230,MEM,Jaren Jackson Jr.,37:05,15,12,3,12,.333,0,2
20251230,MEM,Cedric Coward,36:45,28,16,4,16,.625,0,3
20251230,MEM,Ja Morant,34:29,40,2,3,22,.727,2,4
20251230,MEM,Jaylen Wells,32:02,14,4,2,12,.500,0,2
20251230,MEM,Christian Koloko,19:37,0,3,2,2,.000,0,0
20251230,MEM,Santi Aldama,36:18,15,6,2,11,.545,0,4
20251230,MEM,GG Jackson II,23:01,6,1,2,4,.500,0,1
20251230,MEM,Cam Spencer,18:31,7,1,5,3,.667,0,2
20251230,MEM,Jock Landale,18:19,6,3,2,7,.429,0,1
20251230,MEM,Javon Small,8:53,5,3,3,3,.667,0,1
20251230,BOS,Derrick White,36:17,27,7,6,16,.500,0,1
20251230,BOS,Payton Pritchard,35:24,18,4,6,15,.533,1,0
20251230,BOS,Jaylen Brown,33:36,23,6,10,19,.474,2,2
20251230,BOS,Neemias Queta,28:42,12,3,0,7,.857,3,1
20251230,BOS,Jordan Walsh,13:16,6,3,0,4,.500,0,0
20251230,BOS,Anfernee Simons,27:59,20,5,4,15,.400,1,1
20251230,BOS,Luka Garza,18:32,15,6,0,8,.750,1,0
20251230,BOS,Hugo González,17:28,3,4,1,2,.500,0,1
20251230,BOS,Sam Hauser,17:11,5,5,0,8,.250,0,0
20251230,BOS,Baylor Scheierman,11:35,0,1,0,0,,0,1
20251230,UTA,Brice Sensabaugh,39:17,5,5,3,9,.222,0,2
20251230,UTA,Keyonte George,38:32,37,6,7,24,.542,1,3
20251230,UTA,Lauri Markkanen,38:19,22,9,2,16,.375,2,0
20251230,UTA,Jusuf Nurkić,33:49,26,8,8,11,.909,0,3
20251230,UTA,Taylor Hendricks,17:26,3,3,2,4,.250,0,0
20251230,UTA,Isaiah Collier,24:11,7,6,8,5,.600,0,2
20251230,UTA,Walter Clayton,20:51,7,0,1,7,.429,0,0
20251230,UTA,Kyle Filipowski,14:11,10,3,0,8,.375,1,2
20251230,UTA,Cody Williams,13:24,2,0,0,3,.000,0,1
20251230,DET,Cade Cunningham,32:45,27,5,11,19,.632,1,5
20251230,DET,Duncan Robinson,27:38,6,2,4,5,.400,0,0
20251230,DET,Jalen Duren,27:31,14,8,2,8,.750,5,5
20251230,DET,Ausar Thompson,21:40,7,2,3,6,.500,1,0
20251230,DET,Tobias Harris,5:48,7,0,0,2,1.000,0,1
20251230,DET,Javonte Green,31:20,8,4,2,7,.429,0,0
20251230,DET,Marcus Sasser,24:05,19,2,5,8,.625,2,1
20251230,DET,Ron Holland,19:22,11,7,0,7,.571,1,2
20251230,DET,Isaiah Stewart,17:31,15,2,0,6,1.000,0,1
20251230,DET,Jaden Ivey,17:14,9,2,2,5,.800,1,1
20251230,DET,Paul Reed,8:02,3,2,0,3,.333,1,1
20251230,DET,Daniss Jenkins,4:09,0,1,1,0,,0,1
20251230,DET,Chaz Lanier,2:56,2,0,0,0,,0,0
20251230,LAL,Jake LaRavia,38:08,9,4,1,9,.333,4,2
20251230,LAL,Luka Dončić,35:44,30,5,11,22,.409,0,8
20251230,LAL,LeBron James,31:55,17,4,4,17,.353,1,5
20251230,LAL,Deandre Ayton,25:46,10,2,0,8,.625,1,1
20251230,LAL,Marcus Smart,24:53,6,2,5,4,.250,3,1
20251230,LAL,Jarred Vanderbilt,27:26,8,8,1,3,1.000,0,1
20251230,LAL,Jaxson Hayes,18:05,13,2,2,5,1.000,1,0
20251230,LAL,Nick Smith Jr.,17:09,3,0,1,6,.167,0,1
20251230,LAL,Maxi Kleber,8:27,0,1,0,2,.000,0,1
20251230,LAL,Dalton Knecht,4:09,10,2,0,4,1.000,0,0
20251230,LAL,Bronny James,4:09,0,0,2,1,.000,0,0
20251230,LAL,Adou Thiero,4:09,0,3,1,1,.000,0,0
20251230,SAC,Maxime Raynaud,35:04,12,12,0,8,.625,0,0
20251230,SAC,Keegan Murray,29:37,11,2,1,13,.308,0,0
20251230,SAC,DeMar DeRozan,27:38,8,7,3,8,.250,1,2
20251230,SAC,Russell Westbrook,18:55,12,3,4,10,.400,0,3
20251230,SAC,Precious Achiuwa,17:11,0,3,2,4,.000,0,0
20251230,SAC,Nique Clifford,28:53,18,1,2,12,.583,0,2
20251230,SAC,Dennis Schröder,24:43,11,3,4,10,.400,0,3
20251230,SAC,Keon Ellis,19:21,2,2,2,5,.200,0,1
20251230,SAC,Drew Eubanks,12:56,6,3,0,4,.750,0,1
20251230,SAC,Malik Monk,11:06,3,2,0,2,.500,0,5
20251230,SAC,Devin Carter,7:18,4,0,0,5,.400,0,0
20251230,SAC,Doug McDermott,7:18,3,1,0,2,.500,0,1
20251230,LAC,Kawhi Leonard,32:40,33,5,5,19,.579,3,1
20251230,LAC,James Harden,30:02,21,3,5,14,.429,1,0
20251230,LAC,Brook Lopez,22:55,8,6,3,9,.222,1,1
20251230,LAC,John Collins,21:55,16,5,1,9,.667,1,0
20251230,LAC,Kris Dunn,20:53,10,6,1,7,.571,2,0
20251230,LAC,Kobe Sanders,26:00,7,6,4,8,.375,2,0
20251230,LAC,Yanic Konan Niederhäuser,25:05,16,6,2,8,.750,0,1
20251230,LAC,Derrick Jones Jr.,19:49,8,1,3,5,.600,2,0
20251230,LAC,Nicolas Batum,18:47,3,1,2,3,.333,1,0
20251230,LAC,Jordan Miller,7:18,6,1,0,4,.750,0,0
20251230,LAC,Kobe Brown,7:18,3,1,2,3,.333,0,0
20251230,LAC,Cam Christie,7:18,0,1,1,1,.000,0,0
20251231,GSW,Stephen Curry,33:07,26,2,4,16,.563,0,5
20251231,GSW,Jimmy Butler,30:52,19,5,7,8,.500,1,3
20251231,GSW,Draymond Green,28:12,10,8,12,6,.667,1,4
20251231,GSW,Moses Moody,18:53,7,5,2,7,.429,1,0
20251231,GSW,Quinten Post,14:18,9,1,0,7,.429,1,1
20251231,GSW,Brandin Podziemski,23:18,19,3,3,9,.667,0,1
20251231,GSW,De'Anthony Melton,22:55,7,3,2,8,.375,2,3
20251231,GSW,Will Richard,16:59,5,2,3,3,.667,1,2
20251231,GSW,Gui Santos,16:50,13,5,2,6,.833,0,0
20251231,GSW,Al Horford,13:04,8,2,0,7,.429,0,0
20251231,GSW,Gary Payton II,10:02,9,1,0,4,1.000,0,0
20251231,GSW,Pat Spencer,6:04,0,0,0,2,.000,0,0
20251231,GSW,Trayce Jackson-Davis,5:27,0,0,0,0,,0,0
20251231,CHO,Brandon Miller,36:21,33,2,2,29,.483,1,3
20251231,CHO,Kon Knueppel,32:20,20,5,8,11,.636,0,1
20251231,CHO,LaMelo Ball,30:18,27,5,5,13,.692,3,5
20251231,CHO,Moussa Diabaté,27:53,0,8,3,3,.000,1,2
20251231,CHO,Collin Sexton,27:25,16,5,8,16,.375,3,4
20251231,CHO,Sion James,25:45,9,1,3,4,.750,1,0
20251231,CHO,Tidjane Salaün,16:46,6,1,1,5,.600,1,0
20251231,CHO,Josh Green,16:44,5,2,2,5,.400,0,0
20251231,CHO,PJ Hall,15:39,9,7,2,6,.667,0,0
20251231,CHO,Liam McNeeley,10:50,0,1,1,1,.000,1,0
