Game_Date,Team,Player,MP,PTS,TRB,AST,FGA,FG%,STL,TOV
20251101,SAC,DeMar DeRozan,41:25,29,4,3,19,0.526,0,2
20251101,SAC,Zach LaVine,38:49,31,4,2,17,0.471,1,0
20251101,SAC,Dennis Schröder,37:06,24,5,7,13,0.615,2,3
20251101,SAC,Domantas Sabonis,36:57,24,13,6,13,0.615,1,3
20251101,SAC,Dylan Cardwell,5:04,2,1,0,1,1.0,0,0
20251101,SAC,Russell Westbrook,33:33,12,5,10,14,0.286,2,1
20251101,SAC,Keon Ellis,16:10,3,1,1,2,0.5,2,0
20251101,SAC,Nique Clifford,15:53,0,3,0,1,0.0,0,0
20251101,SAC,Drew Eubanks,11:04,10,1,1,6,0.833,0,0
20251101,SAC,Maxime Raynaud,3:59,0,1,0,1,0.0,0,0
20251101,MIL,Ryan Rollins,36:21,16,4,8,13,0.615,2,3
20251101,MIL,Giannis Antetokounmpo,32:11,26,11,8,13,0.615,1,1
20251101,MIL,Gary Trent Jr.,32:10,17,0,2,7,0.714,0,1
20251101,MIL,A.J. Green,29:48,17,4,2,12,0.5,0,0
20251101,MIL,Myles Turner,23:50,9,3,0,6,0.5,2,2
20251101,MIL,Bobby Portis,23:03,16,6,2,9,0.667,0,1
20251101,MIL,Kyle Kuzma,21:30,22,1,1,13,0.692,0,0
20251101,MIL,Amir Coffey,14:42,4,3,2,3,0.667,0,0
20251101,MIL,Taurean Prince,13:16,3,3,0,2,0.5,0,0
20251101,MIL,Cole Anthony,13:08,3,2,5,4,0.25,0,3
20251101,MIL,Jericho Sims,0:01,0,0,0,0,,0,0
20251101,MIN,Rudy Gobert,35:20,14,15,5,9,0.667,2,1
20251101,MIN,Julius Randle,32:17,30,7,4,19,0.632,1,2
20251101,MIN,Jaden McDaniels,31:53,14,4,6,10,0.6,0,3
20251101,MIN,Donte DiVincenzo,31:19,18,3,4,14,0.429,1,0
20251101,MIN,Mike Conley,28:55,10,3,6,6,0.5,1,1
20251101,MIN,Naz Reid,21:55,18,3,1,13,0.538,0,1
20251101,MIN,Jaylen Clark,19:02,6,1,0,6,0.5,1,0
20251101,MIN,Rob Dillingham,15:31,4,0,4,5,0.4,2,2
20251101,MIN,Terrence Shannon Jr.,11:36,2,1,0,1,0.0,0,0
20251101,MIN,Bones Hyland,9:58,3,1,1,3,0.333,0,0
20251101,MIN,Joan Beringer,1:16,0,0,0,0,,0,0
20251101,MIN,Johnny Juzang,0:58,3,0,0,1,1.0,0,0
20251101,CHO,Miles Bridges,36:41,30,8,4,16,0.625,1,1
20251101,CHO,LaMelo Ball,33:28,18,7,8,19,0.368,1,3
20251101,CHO,Kon Knueppel,30:57,5,8,2,9,0.111,1,3
20251101,CHO,Ryan Kalkbrenner,29:27,6,6,0,4,0.5,0,1
20251101,CHO,Collin Sexton,19:58,9,2,2,7,0.286,0,2
20251101,CHO,Sion James,27:25,8,2,0,3,0.667,0,0
20251101,CHO,Tre Mann,22:36,16,1,5,15,0.4,1,1
20251101,CHO,Moussa Diabaté,18:33,11,9,1,5,0.6,0,0
20251101,CHO,Tidjane Salaün,11:19,2,1,1,5,0.2,0,1
20251101,CHO,Liam McNeeley,9:36,0,1,0,3,0.0,0,2
20251101,GSW,Brandin Podziemski,35:19,16,4,3,10,0.6,1,0
20251101,GSW,Jimmy Butler,34:26,20,6,7,14,0.429,3,2
20251101,GSW,Jonathan Kuminga,31:49,17,5,2,16,0.438,0,0
20251101,GSW,Draymond Green,29:44,8,10,1,5,0.4,0,3
20251101,GSW,Stephen Curry,29:07,24,0,2,23,0.348,1,5
20251101,GSW,Moses Moody,16:06,3,2,3,3,0.333,0,0
20251101,GSW,Buddy Hield,15:25,3,1,4,4,0.25,0,2
20251101,GSW,Al Horford,15:13,4,6,1,4,0.5,0,1
20251101,GSW,Quinten Post,12:49,9,3,0,8,0.5,0,1
20251101,GSW,Gui Santos,11:14,5,4,1,2,1.0,0,1
20251101,GSW,Gary Payton II,8:48,0,3,1,1,0.0,0,1
20251101,IND,Pascal Siakam,38:01,27,5,3,23,0.522,2,3
20251101,IND,Aaron Nesmith,35:08,31,6,1,19,0.526,0,1
20251101,IND,Quenton Jackson,31:09,25,6,10,16,0.625,3,0
20251101,IND,Jarace Walker,29:57,6,9,5,9,0.222,0,4
20251101,IND,Isaiah Jackson,20:57,10,8,1,5,0.4,0,0
20251101,IND,Johnny Furphy,22:51,5,3,0,4,0.5,2,2
20251101,IND,Tony Bradley,18:05,5,6,0,3,0.333,0,0
20251101,IND,RayJ Dennis,16:51,2,0,2,7,0.143,0,0
20251101,IND,Ben Sheppard,12:52,3,3,2,1,0.0,0,1
20251101,IND,Jeremiah Robinson-Earl,6:17,0,1,0,1,0.0,0,0
20251101,IND,Taelon Peter,4:32,0,0,0,1,0.0,0,1
20251101,IND,Jay Huff,3:20,0,0,0,0,,0,0
20251101,ORL,Franz Wagner,30:50,25,6,6,19,0.421,3,1
20251101,ORL,Wendell Carter Jr.,28:02,16,12,0,10,0.7,0,2
20251101,ORL,Paolo Banchero,26:09,28,11,4,15,0.6,0,3
20251101,ORL,Desmond Bane,19:56,5,0,5,6,0.333,2,0
20251101,ORL,Jalen Suggs,19:16,6,2,5,10,0.3,5,3
20251101,ORL,Anthony Black,24:35,8,2,5,6,0.5,0,3
20251101,ORL,Tristan Da Silva,21:54,2,2,1,5,0.2,1,1
20251101,ORL,Goga Bitadze,19:58,15,6,0,8,0.875,1,0
20251101,ORL,Jonathan Isaac,15:52,8,6,0,3,0.667,0,1
20251101,ORL,Tyus Jones,14:44,6,2,1,4,0.75,0,0
20251101,ORL,Noah Penda,6:46,3,2,3,2,0.5,1,1
20251101,ORL,Jett Howard,5:59,3,1,2,3,0.333,0,0
20251101,ORL,Jase Richardson,5:59,0,1,0,1,0.0,0,0
20251101,WAS,Alex Sarr,27:59,10,8,2,8,0.5,0,2
20251101,WAS,Bilal Coulibaly,26:31,10,2,4,10,0.3,1,0
20251101,WAS,Kyshawn George,24:12,17,3,1,12,0.667,0,4
20251101,WAS,CJ McCollum,22:29,13,5,1,12,0.417,2,3
20251101,WAS,Khris Middleton,20:24,6,3,2,4,0.5,0,1
20251101,WAS,Tre Johnson,24:41,7,3,0,12,0.25,1,2
20251101,WAS,Bub Carrington,21:56,7,4,5,9,0.333,1,3
20251101,WAS,Cam Whitmore,15:37,8,2,0,7,0.429,2,0
20251101,WAS,Corey Kispert,14:57,2,0,0,5,0.2,0,1
20251101,WAS,Marvin Bagley III,14:51,8,3,3,7,0.571,0,0
20251101,WAS,AJ Johnson,5:59,2,1,0,3,0.333,0,0
20251101,WAS,Will Riley,5:59,2,2,1,3,0.333,0,0
20251101,WAS,Justin Champagnie,5:10,2,3,0,3,0.333,0,0
20251101,WAS,Tristan Vukcevic,5:10,0,0,0,2,0.0,0,1
20251101,WAS,Anthony Gill,4:05,0,1,0,1,0.0,0,0
20251101,HOU,Amen Thompson,32:10,17,9,8,12,0.5,0,3
20251101,HOU,Alperen Şengün,30:36,16,10,9,13,0.385,1,4
20251101,HOU,Kevin Durant,29:33,26,4,1,11,0.727,2,2
20251101,HOU,Jabari Smith Jr.,26:21,12,6,0,10,0.5,1,1
20251101,HOU,Josh Okogie,21:02,12,0,2,5,0.6,1,0
20251101,HOU,Tari Eason,20:03,12,6,0,7,0.571,0,3
20251101,HOU,Clint Capela,18:04,4,10,1,3,0.333,1,1
20251101,HOU,Reed Sheppard,16:46,12,0,3,6,0.667,0,0
20251101,HOU,Steven Adams,14:27,4,5,3,3,0.667,0,1
20251101,HOU,Jae'Sean Tate,8:25,0,1,0,2,0.0,0,1
20251101,HOU,Jeff Green,7:31,6,0,0,2,1.0,0,0
20251101,HOU,JD Davison,7:31,5,0,1,2,1.0,0,0
20251101,HOU,Aaron Holiday,7:31,2,2,2,1,0.0,0,2
20251101,BOS,Payton Pritchard,26:19,14,1,4,10,0.5,1,1
20251101,BOS,Jaylen Brown,21:43,12,2,5,14,0.429,1,5
20251101,BOS,Josh Minott,19:19,10,6,3,11,0.273,2,1
20251101,BOS,Derrick White,19:09,5,2,2,11,0.182,1,0
20251101,BOS,Neemias Queta,15:26,9,4,1,6,0.667,0,0
20251101,BOS,Baylor Scheierman,22:32,17,5,1,7,0.857,2,0
20251101,BOS,Jordan Walsh,18:42,10,4,1,10,0.4,0,0
20251101,BOS,Hugo González,16:57,7,1,1,8,0.375,0,2
20251101,BOS,Sam Hauser,16:53,6,2,2,4,0.5,0,1
20251101,BOS,Anfernee Simons,16:50,3,1,0,6,0.167,0,0
20251101,BOS,Luka Garza,15:29,0,4,0,3,0.0,0,0
20251101,BOS,Chris Boucher,12:45,4,0,0,6,0.333,1,0
20251101,BOS,Ron Harper Jr.,9:49,2,3,3,5,0.2,0,0
20251101,BOS,Amari Williams,6:12,2,1,1,2,0.5,1,0
20251101,BOS,Xavier Tillman Sr.,1:54,0,0,0,0,,0,0
20251101,DAL,P.J. Washington,35:50,6,5,5,13,0.231,0,2
20251101,DAL,Cooper Flagg,33:30,16,8,4,14,0.214,1,1
20251101,DAL,Max Christie,33:09,13,6,5,9,0.556,0,1
20251101,DAL,Klay Thompson,19:56,11,3,1,9,0.444,0,0
20251101,DAL,Daniel Gafford,17:22,7,4,3,3,0.667,0,0
20251101,DAL,D'Angelo Russell,29:52,31,7,3,17,0.588,0,4
20251101,DAL,Naji Marshall,22:53,7,2,0,5,0.6,1,2
20251101,DAL,Dwight Powell,18:33,5,6,1,1,1.0,0,2
20251101,DAL,Brandon Williams,16:38,12,0,0,7,0.429,1,3
20251101,DAL,Caleb Martin,12:17,2,2,1,2,0.0,0,0
20251101,DET,Cade Cunningham,37:19,21,6,18,16,0.438,3,1
20251101,DET,Tobias Harris,35:31,11,6,1,12,0.25,0,1
20251101,DET,Duncan Robinson,34:21,18,6,1,11,0.545,0,0
20251101,DET,Jalen Duren,29:06,33,10,2,16,0.813,1,0
20251101,DET,Ausar Thompson,28:02,15,7,1,12,0.5,2,2
20251101,DET,Isaiah Stewart,25:02,10,4,1,7,0.571,0,0
20251101,DET,Caris LeVert,18:14,5,1,2,6,0.333,0,1
20251101,DET,Ron Holland,18:12,2,5,2,5,0.2,2,2
20251101,DET,Javonte Green,13:51,7,2,1,6,0.5,2,0
20251101,DET,Chaz Lanier,0:22,0,0,0,0,,0,0
20251102,NOP,Trey Murphy III,32:04,19,5,2,13,0.538,1,0
20251102,NOP,Zion Williamson,28:03,20,9,6,14,0.5,1,4
20251102,NOP,Jeremiah Fears,25:38,16,4,4,13,0.462,0,5
20251102,NOP,Herbert Jones,24:09,12,1,3,6,0.667,2,0
20251102,NOP,Yves Missi,21:57,7,6,0,4,0.5,0,1
20251102,NOP,Jordan Poole,24:03,11,1,3,11,0.182,1,2
20251102,NOP,Saddiq Bey,19:00,2,2,0,4,0.25,0,1
20251102,NOP,Jose Alvarado,18:10,3,2,2,3,0.333,1,0
20251102,NOP,Kevon Looney,16:28,3,3,2,3,0.333,0,2
20251102,NOP,Karlo Matković,6:51,4,2,0,2,1.0,0,0
20251102,NOP,Derik Queen,6:51,4,2,0,2,0.5,0,0
20251102,NOP,Micah Peavy,6:51,3,1,2,4,0.25,0,1
20251102,NOP,Jordan Hawkins,6:51,0,0,0,1,0.0,0,0
20251102,NOP,Bryce McGowens,3:05,2,0,2,0,,0,0
20251102,OKC,Shai Gilgeous-Alexander,29:59,30,2,7,14,0.571,1,3
20251102,OKC,Aaron Wiggins,26:29,15,1,1,11,0.545,0,0
20251102,OKC,Cason Wallace,26:03,13,0,1,5,0.8,5,0
20251102,OKC,Isaiah Hartenstein,25:48,14,14,8,7,0.857,1,2
20251102,OKC,Jaylin Williams,22:53,12,3,4,9,0.444,1,0
20251102,OKC,Ajay Mitchell,30:15,10,5,8,8,0.25,1,2
20251102,OKC,Isaiah Joe,27:00,13,5,1,12,0.417,1,0
20251102,OKC,Branden Carlson,19:40,11,5,1,8,0.625,0,2
20251102,OKC,Alex Caruso,12:10,8,2,0,5,0.6,1,1
20251102,OKC,Chris Youngblood,6:51,6,1,0,3,0.667,0,0
20251102,OKC,Brooks Barnhizer,6:51,2,3,1,1,1.0,1,0
20251102,OKC,Ousmane Dieng,6:01,3,1,1,1,1.0,0,1
20251102,PHI,Tyrese Maxey,38:49,26,6,7,19,0.474,1,1
20251102,PHI,Kelly Oubre Jr.,33:17,29,3,0,21,0.571,1,2
20251102,PHI,VJ Edgecombe,32:51,16,2,3,12,0.5,3,3
20251102,PHI,Jabari Walker,18:06,2,4,0,4,0.25,0,1
20251102,PHI,Adem Bona,14:17,2,3,0,2,0.5,1,0
20251102,PHI,Quentin Grimes,31:42,22,6,13,13,0.538,1,4
20251102,PHI,Trendon Watford,25:29,16,9,7,9,0.778,0,2
20251102,PHI,Andre Drummond,23:16,5,8,0,4,0.5,1,1
20251102,PHI,Justin Edwards,10:12,2,0,1,5,0.2,1,0
20251102,PHI,Johni Broome,4:43,4,2,1,5,0.4,0,0
20251102,PHI,Hunter Sallis,4:06,2,1,1,1,1.0,0,1
20251102,PHI,Kyle Lowry,3:12,3,0,1,1,1.0,1,0
20251102,BRK,Cam Thomas,34:41,29,1,1,19,0.474,0,3
20251102,BRK,Nic Claxton,34:13,19,7,5,11,0.727,1,2
20251102,BRK,Terance Mann,33:36,17,5,4,10,0.7,3,1
20251102,BRK,Michael Porter Jr.,31:21,17,17,2,23,0.304,1,3
20251102,BRK,Tyrese Martin,27:23,0,2,4,6,0.0,0,2
20251102,BRK,Ziaire Williams,20:28,13,5,0,9,0.444,2,2
20251102,BRK,Egor Dёmin,15:25,5,0,2,4,0.5,1,1
20251102,BRK,Noah Clowney,15:04,0,5,2,2,0.0,0,2
20251102,BRK,Jalen Wilson,13:40,2,0,0,4,0.25,0,1
20251102,BRK,Day'Ron Sharpe,9:41,1,2,0,2,0.0,1,1
20251102,BRK,Drake Powell,4:28,2,0,1,1,1.0,1,0
20251102,UTA,Keyonte George,33:15,25,2,7,18,0.444,1,4
20251102,UTA,Lauri Markkanen,32:51,29,7,3,28,0.429,0,0
20251102,UTA,Svi Mykhailiuk,29:07,3,2,2,4,0.25,0,0
20251102,UTA,Taylor Hendricks,25:08,14,7,1,8,0.625,0,0
20251102,UTA,Jusuf Nurkić,21:58,3,9,2,6,0.167,2,1
20251102,UTA,Ace Bailey,19:08,6,0,1,8,0.375,1,1
20251102,UTA,Walter Clayton,18:49,4,2,2,4,0.25,0,0
20251102,UTA,Kyle Filipowski,15:51,4,1,2,5,0.4,1,0
20251102,UTA,Kevin Love,14:28,3,5,5,2,0.0,0,2
20251102,UTA,Kyle Anderson,11:34,5,0,2,4,0.5,1,1
20251102,UTA,Cody Williams,9:12,0,2,0,0,,0,1
20251102,UTA,Brice Sensabaugh,8:39,7,1,0,1,1.0,1,0
20251102,CHO,Kon Knueppel,35:29,24,6,5,17,0.529,1,0
20251102,CHO,Miles Bridges,33:13,29,4,6,18,0.389,0,0
20251102,CHO,Collin Sexton,29:13,10,4,12,11,0.364,0,6
20251102,CHO,Sion James,28:49,15,5,3,8,0.75,0,0
20251102,CHO,Ryan Kalkbrenner,22:06,2,4,0,3,0.333,4,1
20251102,CHO,Moussa Diabaté,22:16,17,12,0,9,0.778,0,0
20251102,CHO,Tre Mann,22:06,13,4,0,11,0.364,0,0
20251102,CHO,KJ Simpson,16:37,7,4,4,5,0.4,1,4
20251102,CHO,Pat Connaughton,14:24,6,1,0,5,0.4,0,1
20251102,CHO,Liam McNeeley,9:24,3,1,1,1,1.0,0,1
20251102,CHO,Mason Plumlee,3:38,0,1,0,0,,0,1
20251102,CHO,Tidjane Salaün,2:45,0,0,0,0,,0,0
20251102,ATL,Dyson Daniels,36:11,18,4,3,12,0.667,4,2
20251102,ATL,Jalen Johnson,34:46,23,13,5,16,0.625,1,4
20251102,ATL,Nickeil Alexander-Walker,34:03,16,3,5,11,0.273,0,5
20251102,ATL,Kristaps Porziņģis,27:32,15,12,5,11,0.455,0,2
20251102,ATL,Zaccharie Risacher,24:00,8,2,5,8,0.5,3,2
20251102,ATL,Luke Kennard,31:46,15,2,2,6,0.833,1,2
20251102,ATL,Onyeka Okongwu,25:53,7,5,2,7,0.286,0,4
20251102,ATL,Vít Krejčí,17:26,3,2,1,5,0.2,0,0
20251102,ATL,Mouhamed Gueye,8:24,4,3,0,1,1.0,0,1
20251102,CLE,Donovan Mitchell,35:57,37,2,5,21,0.571,2,3
20251102,CLE,Evan Mobley,34:34,14,8,5,16,0.375,3,3
20251102,CLE,De'Andre Hunter,30:40,19,7,3,14,0.357,3,2
20251102,CLE,Jaylon Tyson,24:44,18,3,2,14,0.429,0,1
20251102,CLE,Larry Nance Jr.,24:33,2,4,4,9,0.111,1,1
20251102,CLE,Lonzo Ball,26:32,8,6,3,8,0.375,1,4
20251102,CLE,Dean Wade,25:18,11,6,3,9,0.444,0,0
20251102,CLE,Craig Porter Jr.,21:12,4,7,3,2,1.0,1,2
20251102,CLE,Tyrese Proctor,11:09,4,0,2,3,0.333,1,0
20251102,CLE,Thomas Bryant,5:22,0,1,0,1,0.0,0,0
20251102,MEM,Jaren Jackson Jr.,32:27,20,9,3,15,0.533,0,2
20251102,MEM,Kentavious Caldwell-Pope,27:24,12,0,2,13,0.231,0,1
20251102,MEM,Cam Spencer,26:22,4,4,4,7,0.143,2,2
20251102,MEM,Jaylen Wells,26:13,7,5,2,11,0.273,0,0
20251102,MEM,Jock Landale,22:49,14,6,2,8,0.75,1,2
20251102,MEM,Cedric Coward,29:19,12,5,5,9,0.556,0,1
20251102,MEM,Santi Aldama,28:25,15,4,2,14,0.357,0,0
20251102,MEM,Vince Williams Jr.,21:07,14,3,3,7,0.714,2,2
20251102,MEM,Olivier-Maxence Prosper,11:48,6,2,0,3,0.667,1,0
20251102,MEM,Javon Small,7:52,0,1,1,0,,0,1
20251102,MEM,John Konchar,6:14,0,2,0,0,,0,0
20251102,TOR,RJ Barrett,35:32,27,6,6,19,0.526,0,2
20251102,TOR,Brandon Ingram,32:58,26,7,4,15,0.667,0,4
20251102,TOR,Scottie Barnes,32:17,19,12,8,19,0.421,1,2
20251102,TOR,Immanuel Quickley,31:49,9,4,3,5,0.4,0,2
20251102,TOR,Collin Murray-Boyles,31:09,15,9,5,14,0.5,3,3
20251102,TOR,Gradey Dick,19:52,8,4,0,6,0.5,0,0
20251102,TOR,Jamal Shead,16:12,9,0,5,4,0.75,0,0
20251102,TOR,Ochai Agbaji,16:02,4,2,0,4,0.5,0,1
20251102,TOR,Ja'Kobe Walter,11:27,0,2,0,2,0.0,1,0
20251102,TOR,Sandro Mamukelashvili,10:33,0,3,1,1,0.0,0,1
20251102,TOR,Jamison Battle,2:10,0,0,0,0,,0,0
20251102,CHI,Josh Giddey,38:17,23,11,12,19,0.526,2,4
20251102,CHI,Tre Jones,33:53,15,2,5,13,0.462,1,2
20251102,CHI,Nikola Vučević,32:00,17,14,4,10,0.6,0,3
20251102,CHI,Matas Buzelis,31:23,14,8,0,11,0.455,1,1
20251102,CHI,Isaac Okoro,21:56,14,1,0,11,0.545,0,3
20251102,CHI,Patrick Williams,25:56,11,2,3,9,0.333,2,0
20251102,CHI,Kevin Huerter,21:26,7,3,2,8,0.375,1,1
20251102,CHI,Jalen Smith,16:00,12,5,0,7,0.714,0,0
20251102,CHI,Jevon Carter,12:12,0,0,2,1,0.0,0,0
20251102,CHI,Julian Phillips,5:45,0,0,0,1,0.0,0,0
20251102,CHI,Dalen Terry,1:12,3,0,0,3,0.333,0,0
20251102,NYK,Karl-Anthony Towns,36:08,20,15,5,11,0.455,0,1
20251102,NYK,OG Anunoby,34:48,21,2,4,17,0.471,2,1
20251102,NYK,Mikal Bridges,34:40,10,5,9,7,0.429,1,4
20251102,NYK,Jalen Brunson,32:27,31,5,3,22,0.455,2,2
20251102,NYK,Mitchell Robinson,13:21,0,5,1,3,0.0,0,0
20251102,NYK,Josh Hart,26:01,14,9,3,10,0.5,1,3
20251102,NYK,Miles McBride,23:03,8,4,3,8,0.375,1,0
20251102,NYK,Landry Shamet,18:18,9,1,1,6,0.5,0,0
20251102,NYK,Jordan Clarkson,17:44,15,0,2,11,0.545,0,0
20251102,NYK,Guerschon Yabusele,1:58,0,1,0,0,,0,0
20251102,NYK,Pacôme Dadiet,0:31,0,0,0,0,,0,0
20251102,NYK,Mohamed Diawara,0:31,0,0,0,0,,0,0
20251102,NYK,Tyler Kolek,0:31,0,0,0,0,,0,0
20251102,SAS,Victor Wembanyama,34:27,9,9,2,14,0.286,1,6
20251102,SAS,Stephon Castle,34:06,26,7,5,16,0.625,2,2
20251102,SAS,Devin Vassell,31:51,4,3,2,9,0.222,0,1
20251102,SAS,Julian Champagnie,28:54,9,4,1,4,0.5,2,1
20251102,SAS,Harrison Barnes,27:25,13,4,2,6,0.5,1,1
20251102,SAS,Keldon Johnson,24:26,19,3,2,14,0.571,0,2
20251102,SAS,Jordan McLaughlin,18:40,3,3,4,7,0.143,2,0
20251102,SAS,Dylan Harper,11:01,12,1,0,8,0.625,0,1
20251102,SAS,Carter Bryant,9:42,10,1,0,8,0.5,2,0
20251102,SAS,Bismack Biyombo,5:52,0,1,1,1,0.0,0,0
20251102,SAS,Riley Minix,4:32,9,1,0,6,0.667,1,0
20251102,SAS,Harrison Ingram,4:32,2,2,0,2,0.5,0,0
20251102,SAS,David Jones García,4:32,2,2,2,3,0.333,0,0
20251102,PHO,Devin Booker,34:49,28,2,13,15,0.667,1,5
20251102,PHO,Grayson Allen,34:11,17,3,3,13,0.462,0,2
20251102,PHO,Royce O'Neale,29:53,11,6,4,6,0.667,2,1
20251102,PHO,Ryan Dunn,27:21,17,5,1,8,0.75,1,1
20251102,PHO,Mark Williams,25:10,7,7,2,5,0.6,1,0
20251102,PHO,Collin Gillespie,21:38,15,2,4,10,0.5,1,2
20251102,PHO,Jordan Goodwin,20:16,11,3,2,5,0.6,2,2
20251102,PHO,Oso Ighodaro,14:11,4,5,2,5,0.4,0,3
20251102,PHO,Nick Richards,10:42,10,3,2,6,0.667,0,1
20251102,PHO,Nigel Hayes-Davis,9:28,0,1,0,1,0.0,0,2
20251102,PHO,Khaman Maluach,4:08,4,0,0,1,1.0,0,1
20251102,PHO,Rasheer Fleming,4:08,2,2,0,2,0.5,0,0
20251102,PHO,Koby Brea,4:04,4,0,1,2,0.5,0,0
20251102,MIA,Andrew Wiggins,36:57,15,9,1,16,0.375,1,4
20251102,MIA,Bam Adebayo,36:20,17,8,5,11,0.545,3,0
20251102,MIA,Davion Mitchell,31:37,8,0,8,5,0.6,1,1
20251102,MIA,Pelle Larsson,26:02,17,5,6,10,0.6,0,1
20251102,MIA,Kel'el Ware,11:30,7,4,0,3,1.0,0,1
20251102,MIA,Jaime Jaquez Jr.,34:44,31,8,4,16,0.688,0,4
20251102,MIA,Nikola Jović,27:42,9,3,2,8,0.375,0,1
20251102,MIA,Simone Fontecchio,18:45,9,4,0,10,0.2,0,1
20251102,MIA,Dru Smith,16:23,7,1,3,5,0.6,2,2
20251102,LAL,Luka Dončić,38:20,29,11,10,22,0.409,3,5
20251102,LAL,Austin Reaves,37:43,26,4,11,22,0.409,0,3
20251102,LAL,Jaxson Hayes,32:24,15,5,1,7,1.0,1,1
20251102,LAL,Rui Hachimura,30:58,15,6,2,12,0.5,0,1
20251102,LAL,Marcus Smart,26:42,11,3,4,9,0.444,2,0
20251102,LAL,Jake LaRavia,34:35,25,8,3,13,0.769,4,1
20251102,LAL,Bronny James,18:03,2,0,2,4,0.25,3,0
20251102,LAL,Dalton Knecht,11:33,3,0,0,4,0.25,0,0
20251102,LAL,Jarred Vanderbilt,9:42,4,4,0,2,0.5,1,0
20251103,MIN,Rudy Gobert,33:41,15,12,1,6,1.0,0,3
20251103,MIN,Julius Randle,33:31,19,11,10,12,0.5,2,4
20251103,MIN,Donte DiVincenzo,30:27,25,9,5,17,0.471,0,0
20251103,MIN,Jaden McDaniels,29:21,22,3,3,11,0.818,2,2
20251103,MIN,Mike Conley,24:00,9,3,7,5,0.6,0,2
20251103,MIN,Naz Reid,24:08,21,3,2,10,0.7,1,1
20251103,MIN,Jaylen Clark,20:19,2,5,2,3,0.333,0,1
20251103,MIN,Rob Dillingham,20:02,7,3,1,6,0.333,0,3
20251103,MIN,Terrence Shannon Jr.,13:22,3,1,1,3,0.333,0,0
20251103,MIN,Bones Hyland,5:11,0,1,1,2,0.0,1,0
20251103,MIN,Leonard Miller,2:59,2,1,0,2,0.5,0,0
20251103,MIN,Joan Beringer,2:59,0,1,0,1,0.0,0,0
20251103,BRK,Cam Thomas,34:40,25,2,3,24,0.417,2,1
20251103,BRK,Noah Clowney,31:41,15,6,1,14,0.357,2,2
20251103,BRK,Nic Claxton,29:52,19,8,7,6,1.0,0,2
20251103,BRK,Terance Mann,27:54,7,4,5,10,0.3,1,1
20251103,BRK,Tyrese Martin,22:03,12,3,2,10,0.4,0,0
20251103,BRK,Ziaire Williams,22:39,14,2,0,9,0.444,0,0
20251103,BRK,Egor Dёmin,21:18,2,2,4,4,0.25,2,2
20251103,BRK,Day'Ron Sharpe,19:48,3,7,0,1,1.0,2,3
20251103,BRK,Jalen Wilson,15:53,7,1,1,4,0.25,0,0
20251103,BRK,Ben Saraf,3:33,5,1,0,3,0.333,0,1
20251103,BRK,E.J. Liddell,3:33,0,3,0,2,0.0,0,0
20251103,BRK,Nolan Traoré,3:33,0,0,0,1,0.0,0,0
20251103,BRK,Danny Wolf,3:33,0,1,2,1,0.0,0,0
20251103,MIL,Gary Trent Jr.,33:35,11,2,2,12,0.25,1,0
20251103,MIL,Myles Turner,32:14,9,7,1,7,0.429,0,2
20251103,MIL,Giannis Antetokounmpo,31:44,33,13,5,21,0.667,2,3
20251103,MIL,A.J. Green,29:18,13,1,3,8,0.5,0,1
20251103,MIL,Ryan Rollins,28:27,10,5,7,8,0.5,1,7
20251103,MIL,Cole Anthony,22:56,11,4,4,8,0.5,1,3
20251103,MIL,Taurean Prince,20:57,6,3,0,6,0.333,1,0
20251103,MIL,Kyle Kuzma,16:16,15,5,0,10,0.5,0,0
20251103,MIL,Bobby Portis,15:46,8,2,1,7,0.429,0,2
20251103,MIL,Jericho Sims,5:04,1,1,0,0,,0,0
20251103,MIL,Amir Coffey,3:43,0,0,1,1,0.0,0,0
20251103,IND,Jarace Walker,38:10,18,8,5,15,0.467,0,2
20251103,IND,Pascal Siakam,37:55,32,5,8,24,0.458,3,3
20251103,IND,Aaron Nesmith,33:46,17,7,1,16,0.313,1,1
20251103,IND,Isaiah Jackson,29:20,21,10,1,12,0.667,2,1
20251103,IND,Quenton Jackson,19:43,7,2,4,4,0.25,0,1
20251103,IND,Ben Sheppard,20:06,5,1,2,5,0.4,1,0
20251103,IND,Jay Huff,13:51,0,3,2,1,0.0,1,0
20251103,IND,Johnny Furphy,12:50,3,3,0,2,0.5,0,1
20251103,IND,Taelon Peter,10:34,3,1,1,3,0.333,0,0
20251103,IND,RayJ Dennis,7:50,3,1,0,4,0.25,0,1
20251103,IND,Tony Bradley,7:08,4,3,0,1,1.0,0,1
20251103,IND,Jeremiah Robinson-Earl,6:30,2,1,0,2,0.5,0,0
20251103,IND,Mac McClung,2:17,0,0,0,1,0.0,0,0
20251103,UTA,Keyonte George,37:58,31,5,4,16,0.563,1,1
20251103,UTA,Lauri Markkanen,36:48,20,9,2,17,0.412,0,4
20251103,UTA,Jusuf Nurkić,31:15,11,11,4,12,0.417,0,3
20251103,UTA,Svi Mykhailiuk,29:21,9,6,1,12,0.333,0,0
20251103,UTA,Taylor Hendricks,13:50,2,3,1,5,0.2,0,1
20251103,UTA,Elijah Harkless,20:46,3,1,2,4,0.25,1,3
20251103,UTA,Kyle Filipowski,19:29,13,8,0,7,0.571,0,2
20251103,UTA,Ace Bailey,18:14,4,2,0,4,0.5,0,2
20251103,UTA,Kevin Love,16:36,5,7,3,3,0.667,0,2
20251103,UTA,Walter Clayton,15:43,7,3,6,4,0.75,2,0
20251103,BOS,Jaylen Brown,37:36,36,2,4,28,0.464,2,3
20251103,BOS,Payton Pritchard,34:32,18,5,3,15,0.467,0,1
20251103,BOS,Derrick White,32:38,10,5,6,9,0.333,3,2
20251103,BOS,Neemias Queta,26:12,9,8,1,4,1.0,2,2
20251103,BOS,Josh Minott,15:01,2,6,2,5,0.2,0,0
20251103,BOS,Sam Hauser,28:01,4,2,1,8,0.125,2,1
20251103,BOS,Anfernee Simons,26:16,15,1,2,13,0.385,0,0
20251103,BOS,Luka Garza,10:54,2,2,1,2,0.0,1,0
20251103,BOS,Hugo González,7:59,2,1,0,1,1.0,0,0
20251103,BOS,Chris Boucher,7:16,5,1,0,3,0.667,1,0
20251103,BOS,Baylor Scheierman,7:11,0,1,0,0,,0,1
20251103,BOS,Xavier Tillman Sr.,6:24,0,2,1,1,0.0,1,0
20251103,WAS,Kyshawn George,30:27,15,5,2,11,0.545,3,4
20251103,WAS,Alex Sarr,29:29,19,8,7,16,0.5,1,2
20251103,WAS,Bilal Coulibaly,27:48,15,7,2,11,0.455,2,4
20251103,WAS,CJ McCollum,21:53,5,1,2,9,0.222,0,0
20251103,WAS,Justin Champagnie,17:19,4,1,1,3,0.333,0,0
20251103,WAS,Bub Carrington,25:01,0,4,7,2,0.0,0,5
20251103,WAS,Tre Johnson,21:07,10,4,1,9,0.444,0,1
20251103,WAS,Corey Kispert,14:47,15,0,4,6,0.833,0,1
20251103,WAS,Marvin Bagley III,14:15,6,7,0,3,0.667,0,0
20251103,WAS,Cam Whitmore,11:10,2,1,0,3,0.333,0,2
20251103,WAS,Will Riley,10:19,0,2,2,0,,0,1
20251103,WAS,Malaki Branham,4:16,5,1,0,3,0.667,0,0
20251103,WAS,Tristan Vukcevic,4:16,4,0,2,3,0.333,1,0
20251103,WAS,AJ Johnson,4:16,0,0,0,1,0.0,0,0
20251103,WAS,Anthony Gill,3:37,2,3,0,1,1.0,0,0
20251103,NYK,Jalen Brunson,32:28,16,1,9,17,0.353,1,2
20251103,NYK,OG Anunoby,32:02,16,6,2,13,0.538,5,2
20251103,NYK,Karl-Anthony Towns,30:29,33,13,5,24,0.5,2,3
20251103,NYK,Mikal Bridges,29:29,10,2,4,8,0.5,3,0
20251103,NYK,Landry Shamet,24:35,11,5,0,8,0.375,0,1
20251103,NYK,Josh Hart,26:23,12,10,5,7,0.714,0,1
20251103,NYK,Jordan Clarkson,21:21,15,1,2,8,0.625,0,1
20251103,NYK,Miles McBride,14:10,3,3,3,3,0.333,1,0
20251103,NYK,Guerschon Yabusele,13:54,1,3,0,2,0.0,0,1
20251103,NYK,Mohamed Diawara,4:16,0,0,1,1,0.0,0,1
20251103,NYK,Tyler Kolek,3:40,2,0,0,2,0.5,0,0
20251103,NYK,Pacôme Dadiet,3:37,0,1,0,0,,0,0
20251103,NYK,Ariel Hukporti,3:37,0,4,1,1,0.0,0,0
20251103,DAL,P.J. Washington,35:54,29,12,3,20,0.55,2,2
20251103,DAL,Cooper Flagg,33:57,12,5,2,10,0.5,1,4
20251103,DAL,Max Christie,32:39,17,4,6,10,0.6,0,1
20251103,DAL,Daniel Gafford,24:51,14,4,1,9,0.778,2,0
20251103,DAL,Klay Thompson,18:00,5,3,3,9,0.222,0,2
20251103,DAL,D'Angelo Russell,28:53,10,4,12,10,0.2,0,2
20251103,DAL,Naji Marshall,21:51,9,2,2,11,0.364,2,0
20251103,DAL,Moussa Cisse,13:53,4,2,0,4,0.5,1,2
20251103,DAL,Dwight Powell,9:10,0,0,0,1,0.0,0,0
20251103,DAL,Brandon Williams,8:18,2,2,0,2,0.5,3,2
20251103,DAL,Jaden Hardy,7:52,0,1,1,1,0.0,1,0
20251103,DAL,Caleb Martin,4:42,0,1,0,2,0.0,0,0
20251103,HOU,Alperen Şengün,39:49,26,11,6,20,0.5,1,3
20251103,HOU,Amen Thompson,39:05,27,5,4,18,0.611,1,3
20251103,HOU,Kevin Durant,38:24,21,6,5,18,0.333,1,3
20251103,HOU,Tari Eason,29:38,15,4,2,9,0.667,2,1
20251103,HOU,Josh Okogie,24:39,2,3,1,5,0.0,2,1
20251103,HOU,Steven Adams,23:08,4,9,1,3,0.667,2,1
20251103,HOU,Reed Sheppard,16:31,5,5,3,7,0.286,0,2
20251103,HOU,Clint Capela,10:36,4,8,0,4,0.5,0,1
20251103,HOU,Aaron Holiday,9:42,6,1,1,3,0.667,0,2
20251103,HOU,Jae'Sean Tate,8:29,0,2,0,2,0.0,0,0
20251103,DET,Duncan Robinson,39:50,11,4,1,10,0.4,0,1
20251103,DET,Cade Cunningham,38:52,33,5,8,20,0.6,0,3
20251103,DET,Jalen Duren,34:22,14,9,3,11,0.455,1,2
20251103,DET,Isaiah Stewart,33:57,26,14,4,18,0.5,0,1
20251103,DET,Ausar Thompson,26:32,9,4,1,7,0.571,4,2
20251103,DET,Javonte Green,21:24,3,3,1,4,0.25,2,0
20251103,DET,Caris LeVert,20:15,4,1,2,4,0.5,2,2
20251103,DET,Ron Holland,19:51,14,2,3,8,0.625,0,1
20251103,DET,Paul Reed,4:58,0,1,0,1,0.0,2,0
20251103,MEM,Ja Morant,34:58,18,5,10,16,0.313,1,5
20251103,MEM,Jaren Jackson Jr.,31:06,21,4,1,14,0.571,0,1
20251103,MEM,Jock Landale,29:38,13,5,1,9,0.556,4,2
20251103,MEM,Kentavious Caldwell-Pope,25:16,2,4,1,4,0.0,1,1
20251103,MEM,Jaylen Wells,21:17,4,6,3,14,0.143,0,0
20251103,MEM,Cedric Coward,30:38,17,6,2,9,0.556,0,3
20251103,MEM,Santi Aldama,22:44,11,5,1,9,0.556,0,3
20251103,MEM,Charles Bassey,15:11,3,10,1,3,0.333,1,1
20251103,MEM,Cam Spencer,14:36,13,2,3,6,0.667,0,3
20251103,MEM,Vince Williams Jr.,14:35,4,2,2,3,0.0,1,1
20251103,SAC,Russell Westbrook,37:28,26,12,6,17,0.588,2,6
20251103,SAC,Zach LaVine,36:52,15,5,4,11,0.364,0,3
20251103,SAC,Domantas Sabonis,36:52,13,17,5,10,0.5,1,2
20251103,SAC,DeMar DeRozan,35:36,19,3,0,17,0.471,1,0
20251103,SAC,Dennis Schröder,34:55,18,4,9,14,0.5,1,2
20251103,SAC,Keon Ellis,25:08,15,3,0,8,0.625,0,0
20251103,SAC,Nique Clifford,18:37,8,1,3,9,0.444,0,0
20251103,SAC,Drew Eubanks,11:08,10,2,0,4,1.0,0,2
20251103,SAC,Devin Carter,3:24,0,0,0,0,,0,0
20251103,DEN,Nikola Jokić,36:01,34,7,14,22,0.636,4,1
20251103,DEN,Jamal Murray,32:05,15,7,7,17,0.353,0,2
20251103,DEN,Christian Braun,31:25,21,4,3,10,0.7,0,0
20251103,DEN,Aaron Gordon,30:15,20,7,1,11,0.545,1,1
20251103,DEN,Cameron Johnson,29:49,10,3,2,12,0.417,1,1
20251103,DEN,Tim Hardaway Jr.,22:35,5,2,2,4,0.5,1,0
20251103,DEN,Bruce Brown,22:27,13,6,3,10,0.5,0,1
20251103,DEN,Peyton Watson,16:09,0,1,1,4,0.0,1,0
20251103,DEN,Jonas Valančiūnas,11:59,8,3,0,5,0.8,1,0
20251103,DEN,Julian Strawther,7:15,4,0,0,2,0.5,0,1
20251103,LAL,Rui Hachimura,37:37,28,4,1,15,0.667,1,2
20251103,LAL,Jake LaRavia,36:27,11,5,6,10,0.5,3,1
20251103,LAL,Marcus Smart,31:51,9,2,5,11,0.273,4,5
20251103,LAL,Deandre Ayton,30:35,29,10,2,19,0.737,0,3
20251103,LAL,Dalton Knecht,23:00,8,4,1,7,0.571,0,1
20251103,LAL,Nick Smith Jr.,26:52,25,1,6,15,0.667,1,3
20251103,LAL,Jarred Vanderbilt,21:14,4,4,2,1,1.0,1,2
20251103,LAL,Bronny James,19:29,5,1,6,4,0.25,1,0
20251103,LAL,Jaxson Hayes,12:55,4,3,0,3,0.667,0,0
20251103,POR,Deni Avdija,36:12,33,6,2,20,0.5,1,5
20251103,POR,Jrue Holiday,35:33,8,3,6,11,0.364,1,2
20251103,POR,Toumani Camara,34:15,14,7,2,13,0.385,2,3
20251103,POR,Shaedon Sharpe,27:57,23,7,2,17,0.471,3,2
20251103,POR,Donovan Clingan,17:31,2,4,0,3,0.333,0,0
20251103,POR,Jerami Grant,30:53,18,3,4,10,0.6,2,4
20251103,POR,Kris Murray,22:34,6,0,2,5,0.6,1,1
20251103,POR,Robert Williams,14:31,6,3,2,3,1.0,1,0
20251103,POR,Sidy Cissoko,13:45,5,2,2,2,1.0,2,0
20251103,POR,Caleb Love,6:49,0,3,1,1,0.0,0,1
20251103,MIA,Davion Mitchell,34:21,8,5,9,9,0.444,3,0
20251103,MIA,Andrew Wiggins,31:50,17,2,2,12,0.583,1,2
20251103,MIA,Bam Adebayo,30:13,25,10,4,18,0.556,2,2
20251103,MIA,Norman Powell,28:22,21,2,2,10,0.6,1,5
20251103,MIA,Pelle Larsson,23:45,7,1,3,4,0.5,3,1
20251103,MIA,Jaime Jaquez Jr.,25:46,6,6,5,9,0.333,1,0
20251103,MIA,Kel'el Ware,17:47,16,5,0,8,0.75,0,1
20251103,MIA,Nikola Jović,17:37,7,4,4,5,0.4,0,1
20251103,MIA,Simone Fontecchio,16:40,11,1,0,6,0.667,1,3
20251103,MIA,Dru Smith,13:39,2,1,4,2,0.5,0,1
20251103,LAC,James Harden,38:50,29,7,8,15,0.533,1,7
20251103,LAC,Kawhi Leonard,37:09,27,4,4,21,0.476,4,2
20251103,LAC,Ivica Zubac,33:26,9,18,3,9,0.444,1,3
20251103,LAC,Derrick Jones Jr.,27:10,12,3,0,6,0.833,1,1
20251103,LAC,Bradley Beal,20:09,12,1,2,8,0.625,1,3
20251103,LAC,John Collins,25:03,12,3,0,11,0.455,0,1
20251103,LAC,Kris Dunn,23:02,10,3,4,6,0.667,3,1
20251103,LAC,Brook Lopez,14:34,5,1,0,7,0.286,1,0
20251103,LAC,Chris Paul,13:46,3,4,4,5,0.2,1,2
20251103,LAC,Nicolas Batum,6:51,0,0,0,0,,0,0
20251104,MIL,Ryan Rollins,28:13,11,0,5,13,0.385,0,2
20251104,MIL,Giannis Antetokounmpo,23:43,22,8,3,14,0.643,0,1
20251104,MIL,Myles Turner,22:46,10,8,3,7,0.429,2,1
20251104,MIL,Gary Trent Jr.,21:26,6,2,4,4,0.5,0,1
20251104,MIL,A.J. Green,16:47,9,1,1,4,0.75,0,0
20251104,MIL,Kyle Kuzma,26:36,18,3,0,14,0.5,0,4
20251104,MIL,Cole Anthony,24:13,12,4,4,9,0.556,1,0
20251104,MIL,Taurean Prince,20:51,0,0,1,5,0.0,0,1
20251104,MIL,Bobby Portis,20:11,2,9,2,8,0.125,0,1
20251104,MIL,Amir Coffey,10:10,0,1,1,1,0.0,0,0
20251104,MIL,Gary Harris,7:41,2,1,0,3,0.333,1,0
20251104,MIL,Jericho Sims,6:53,0,3,0,0,,0,1
20251104,MIL,Andre Jackson Jr.,5:49,0,1,2,1,0.0,1,0
20251104,MIL,Mark Sears,4:41,8,0,0,3,0.333,0,0
20251104,TOR,RJ Barrett,31:06,23,8,4,12,0.5,1,1
20251104,TOR,Brandon Ingram,30:49,13,8,4,12,0.5,0,2
20251104,TOR,Scottie Barnes,27:30,23,3,6,16,0.563,4,1
20251104,TOR,Immanuel Quickley,26:23,15,6,7,15,0.333,1,1
20251104,TOR,Jakob Poeltl,20:01,8,9,0,6,0.667,0,0
20251104,TOR,Sandro Mamukelashvili,23:28,15,7,1,12,0.5,0,1
20251104,TOR,Gradey Dick,21:55,14,1,0,4,0.75,0,0
20251104,TOR,Jamal Shead,17:06,5,2,8,4,0.25,2,1
20251104,TOR,Collin Murray-Boyles,14:47,2,1,0,3,0.333,0,1
20251104,TOR,Ja'Kobe Walter,11:23,8,3,0,3,0.667,0,1
20251104,TOR,Jonathan Mogbo,6:30,0,2,2,1,0.0,0,0
20251104,TOR,Jamison Battle,4:31,2,0,1,2,0.5,0,0
20251104,TOR,Ochai Agbaji,4:31,0,0,0,1,0.0,0,0
20251104,ORL,Paolo Banchero,36:51,22,11,8,16,0.375,1,3
20251104,ORL,Franz Wagner,34:03,18,5,2,15,0.4,0,4
20251104,ORL,Wendell Carter Jr.,30:00,11,5,1,8,0.5,0,0
20251104,ORL,Desmond Bane,22:33,9,3,2,6,0.333,1,3
20251104,ORL,Jalen Suggs,20:23,12,2,4,8,0.5,3,2
20251104,ORL,Anthony Black,26:09,7,4,3,7,0.286,1,1
20251104,ORL,Tristan Da Silva,25:20,20,4,2,11,0.727,2,3
20251104,ORL,Goga Bitadze,12:54,4,2,2,1,1.0,0,0
20251104,ORL,Jonathan Isaac,8:53,2,3,0,3,0.333,0,0
20251104,ORL,Tyus Jones,7:31,0,0,1,2,0.0,1,0
20251104,ORL,Jase Richardson,7:08,0,0,1,1,0.0,0,1
20251104,ORL,Jett Howard,5:59,3,0,0,2,0.5,0,0
20251104,ORL,Noah Penda,2:15,4,2,0,3,0.333,0,0
20251104,ATL,Dyson Daniels,35:15,18,6,6,9,0.889,2,3
20251104,ATL,Jalen Johnson,32:59,17,6,5,11,0.545,1,3
20251104,ATL,Nickeil Alexander-Walker,31:57,20,1,2,11,0.545,0,7
20251104,ATL,Kristaps Porziņģis,26:25,15,2,3,8,0.25,3,0
20251104,ATL,Zaccharie Risacher,25:30,21,4,1,14,0.5,1,0
20251104,ATL,Onyeka Okongwu,26:35,14,7,3,5,0.6,1,1
20251104,ATL,Luke Kennard,19:43,6,1,0,5,0.4,3,3
20251104,ATL,Mouhamed Gueye,18:01,5,3,0,4,0.5,0,0
20251104,ATL,Keaton Wallace,10:48,4,3,2,2,0.5,0,1
20251104,ATL,Vít Krejčí,10:40,7,1,1,3,1.0,0,0
20251104,ATL,Asa Newell,1:12,0,0,0,0,,0,0
20251104,ATL,Caleb Houstan,0:55,0,0,0,0,,0,0
20251104,PHI,Tyrese Maxey,39:16,39,5,5,26,0.538,1,4
20251104,PHI,VJ Edgecombe,37:43,12,11,4,12,0.333,2,2
20251104,PHI,Kelly Oubre Jr.,32:37,18,3,2,11,0.636,2,1
20251104,PHI,Joel Embiid,25:33,20,6,2,21,0.333,3,3
20251104,PHI,Jabari Walker,18:42,2,3,1,3,0.333,0,0
20251104,PHI,Quentin Grimes,29:34,10,3,4,11,0.364,4,4
20251104,PHI,Adem Bona,22:27,2,4,0,2,0.5,0,0
20251104,PHI,Trendon Watford,18:59,8,4,2,4,0.5,0,2
20251104,PHI,Jared McCain,15:09,0,1,2,4,0.0,0,0
20251104,CHI,Josh Giddey,37:24,29,15,12,19,0.526,1,5
20251104,CHI,Isaac Okoro,32:57,16,2,5,8,0.625,2,1
20251104,CHI,Nikola Vučević,31:04,19,10,0,14,0.571,1,1
20251104,CHI,Matas Buzelis,30:25,10,5,1,11,0.364,1,2
20251104,CHI,Tre Jones,26:50,8,4,2,9,0.444,3,1
20251104,CHI,Kevin Huerter,25:00,12,5,2,13,0.385,1,4
20251104,CHI,Patrick Williams,20:35,3,2,2,5,0.2,1,0
20251104,CHI,Jalen Smith,16:56,14,4,0,8,0.5,0,4
20251104,CHI,Dalen Terry,13:44,2,1,2,2,0.5,0,0
20251104,CHI,Julian Phillips,5:05,0,0,0,0,,1,0
20251104,CHO,Miles Bridges,37:02,22,8,3,19,0.368,1,1
20251104,CHO,Kon Knueppel,32:21,20,12,2,16,0.438,0,2
20251104,CHO,Sion James,31:19,6,5,2,4,0.25,1,2
20251104,CHO,Ryan Kalkbrenner,30:09,10,11,2,4,1.0,1,2
20251104,CHO,Collin Sexton,29:39,17,0,5,14,0.429,1,5
20251104,CHO,Tre Mann,24:24,18,2,2,13,0.615,2,4
20251104,CHO,Moussa Diabaté,17:51,6,5,2,3,0.667,2,1
20251104,CHO,KJ Simpson,13:17,8,3,0,6,0.5,0,1
20251104,CHO,Liam McNeeley,12:59,2,2,1,1,0.0,0,1
20251104,CHO,Pat Connaughton,10:58,3,1,1,2,0.5,0,0
20251104,NOP,Trey Murphy III,37:14,21,3,3,16,0.438,1,1
20251104,NOP,Herbert Jones,35:55,11,5,1,9,0.444,1,2
20251104,NOP,Jordan Poole,27:02,11,2,6,14,0.214,0,3
20251104,NOP,Jeremiah Fears,17:27,11,3,0,10,0.4,1,0
20251104,NOP,Kevon Looney,14:58,0,4,2,3,0.0,0,1
20251104,NOP,Jose Alvarado,30:33,18,3,6,11,0.636,2,1
20251104,NOP,Saddiq Bey,26:47,17,4,0,9,0.667,0,0
20251104,NOP,Derik Queen,17:58,12,8,7,7,0.714,4,3
20251104,NOP,Jordan Hawkins,17:02,2,1,0,4,0.25,0,0
20251104,NOP,Karlo Matković,15:04,13,6,2,7,0.857,0,1
20251104,PHO,Devin Booker,39:24,38,3,4,24,0.542,1,5
20251104,PHO,Grayson Allen,35:07,16,4,5,15,0.4,3,1
20251104,PHO,Ryan Dunn,31:23,10,2,1,12,0.333,3,1
20251104,PHO,Royce O'Neale,27:56,8,6,3,8,0.375,1,3
20251104,PHO,Mark Williams,27:21,16,16,4,12,0.5,1,2
20251104,PHO,Jordan Goodwin,24:00,5,3,1,4,0.5,0,1
20251104,PHO,Collin Gillespie,21:20,8,5,4,8,0.375,1,2
20251104,PHO,Oso Ighodaro,20:20,2,5,1,4,0.25,0,1
20251104,PHO,Isaiah Livers,6:30,2,2,1,1,1.0,0,1
20251104,PHO,Nick Richards,3:45,2,0,1,3,0.333,0,0
20251104,PHO,Nigel Hayes-Davis,2:56,0,0,0,0,,0,0
20251104,GSW,Stephen Curry,33:32,28,4,3,23,0.391,1,2
20251104,GSW,Draymond Green,32:50,2,5,8,2,0.5,1,4
20251104,GSW,Quinten Post,27:10,14,7,3,7,0.714,1,1
20251104,GSW,Jonathan Kuminga,24:39,9,5,2,7,0.571,1,4
20251104,GSW,Jimmy Butler,14:06,2,4,2,5,0.2,0,1
20251104,GSW,Moses Moody,33:54,24,5,2,11,0.636,1,1
20251104,GSW,Brandin Podziemski,24:12,13,2,4,11,0.455,1,1
20251104,GSW,Buddy Hield,19:55,12,2,2,7,0.571,1,1
20251104,GSW,Trayce Jackson-Davis,15:30,7,2,3,5,0.6,0,0
20251104,GSW,Pat Spencer,11:15,7,3,4,5,0.4,2,0
20251104,GSW,Gui Santos,2:58,0,0,0,0,,0,0
20251104,OKC,Chet Holmgren,30:03,11,5,3,8,0.5,1,3
20251104,OKC,Shai Gilgeous-Alexander,29:03,30,4,12,14,0.643,0,2
20251104,OKC,Cason Wallace,24:55,12,3,1,9,0.556,1,1
20251104,OKC,Isaiah Hartenstein,23:32,10,7,3,6,0.667,4,1
20251104,OKC,Luguentz Dort,14:45,6,3,0,4,0.5,0,0
20251104,OKC,Aaron Wiggins,25:55,12,2,2,10,0.5,0,0
20251104,OKC,Alex Caruso,23:41,8,1,3,6,0.5,2,0
20251104,OKC,Isaiah Joe,21:25,22,3,0,12,0.583,0,1
20251104,OKC,Ajay Mitchell,19:39,8,4,3,10,0.4,4,2
20251104,OKC,Jaylin Williams,13:37,3,5,0,3,0.333,0,0
20251104,OKC,Ousmane Dieng,5:45,0,0,1,0,,0,0
20251104,OKC,Branden Carlson,3:50,2,1,0,2,0.5,0,0
20251104,OKC,Chris Youngblood,3:50,2,2,0,2,0.0,0,0
20251104,LAC,Kris Dunn,30:09,6,5,3,4,0.5,2,3
20251104,LAC,James Harden,30:06,25,6,6,17,0.412,1,2
20251104,LAC,Derrick Jones Jr.,28:21,16,4,2,12,0.417,1,1
20251104,LAC,Ivica Zubac,25:37,7,7,2,8,0.375,2,2
20251104,LAC,Nicolas Batum,17:50,3,1,3,5,0.2,0,1
20251104,LAC,Bogdan Bogdanović,29:34,11,6,4,8,0.375,2,1
20251104,LAC,John Collins,24:56,17,4,1,8,0.625,1,5
20251104,LAC,Brook Lopez,15:48,12,2,0,7,0.571,0,2
20251104,LAC,Chris Paul,11:19,0,1,3,1,0.0,0,1
20251104,LAC,Cam Christie,6:35,5,2,0,4,0.5,0,0
20251104,LAC,Yanic Konan Niederhäuser,6:35,5,2,0,2,0.5,0,1
20251104,LAC,Kobe Brown,6:35,0,1,2,3,0.0,0,0
20251104,LAC,Jahmyl Telfort,6:35,0,1,0,1,0.0,0,0
20251105,PHI,Kelly Oubre Jr.,37:58,19,3,2,16,0.438,2,1
20251105,PHI,VJ Edgecombe,37:13,7,4,4,14,0.214,0,1
20251105,PHI,Tyrese Maxey,36:27,27,7,9,20,0.5,1,5
20251105,PHI,Adem Bona,18:18,4,4,0,3,0.333,2,3
20251105,PHI,Jabari Walker,8:19,0,3,0,0,,1,0
20251105,PHI,Quentin Grimes,31:58,27,3,3,15,0.6,0,4
20251105,PHI,Andre Drummond,28:09,13,13,1,7,0.857,1,1
20251105,PHI,Trendon Watford,23:03,16,3,6,9,0.556,2,2
20251105,PHI,Justin Edwards,16:23,8,3,1,6,0.5,0,0
20251105,PHI,Johni Broome,1:06,0,0,0,0,,0,0
20251105,PHI,Hunter Sallis,1:06,0,0,0,0,,0,1
20251105,CLE,Donovan Mitchell,35:04,46,4,8,21,0.714,1,2
20251105,CLE,Evan Mobley,34:02,23,5,3,17,0.529,1,4
20251105,CLE,Jarrett Allen,29:31,24,10,1,17,0.647,3,0
20251105,CLE,Jaylon Tyson,28:42,10,5,3,7,0.571,2,0
20251105,CLE,Darius Garland,26:05,8,2,4,11,0.273,0,3
20251105,CLE,Sam Merrill,26:48,14,0,0,6,0.667,0,1
20251105,CLE,Lonzo Ball,22:44,0,1,8,3,0.0,1,1
20251105,CLE,Craig Porter Jr.,18:04,0,2,4,4,0.0,0,1
20251105,CLE,Larry Nance Jr.,15:05,7,5,1,6,0.5,1,1
20251105,CLE,Thomas Bryant,1:06,0,0,0,0,,0,1
20251105,CLE,Tyrese Proctor,1:06,0,0,0,0,,0,0
20251105,CLE,Nae'Qwan Tomlin,1:06,0,0,0,0,,0,0
20251105,CLE,Dean Wade,0:38,0,0,1,0,,0,0
20251105,UTA,Lauri Markkanen,39:53,25,4,0,22,0.364,2,2
20251105,UTA,Svi Mykhailiuk,36:03,28,2,2,16,0.625,1,1
20251105,UTA,Keyonte George,34:52,19,2,6,18,0.333,0,2
20251105,UTA,Jusuf Nurkić,32:34,6,17,4,8,0.25,4,2
20251105,UTA,Taylor Hendricks,17:39,0,7,0,3,0.0,0,1
20251105,UTA,Kyle Filipowski,20:06,4,4,2,5,0.2,0,2
20251105,UTA,Ace Bailey,19:11,9,4,1,6,0.5,0,1
20251105,UTA,Walter Clayton,15:12,6,0,6,4,0.5,0,4
20251105,UTA,Kevin Love,13:55,3,3,3,3,0.0,0,0
20251105,UTA,Elijah Harkless,10:28,3,1,0,1,1.0,0,0
20251105,UTA,Brice Sensabaugh,0:07,0,0,0,0,,0,0
20251105,DET,Cade Cunningham,36:56,31,3,10,28,0.464,1,3
20251105,DET,Jalen Duren,34:37,22,22,3,15,0.667,0,1
20251105,DET,Isaiah Stewart,31:27,10,6,1,9,0.444,0,1
20251105,DET,Ausar Thompson,31:00,18,7,4,12,0.583,1,2
20251105,DET,Duncan Robinson,28:22,9,2,0,7,0.429,0,2
20251105,DET,Ron Holland,27:57,9,6,4,7,0.571,2,0
20251105,DET,Javonte Green,22:57,3,4,1,3,0.0,0,0
20251105,DET,Caris LeVert,19:28,10,2,1,8,0.375,1,3
20251105,DET,Paul Reed,7:16,2,0,0,2,0.5,0,1
20251105,BRK,Michael Porter Jr.,35:24,32,11,3,20,0.5,1,5
20251105,BRK,Terance Mann,35:07,15,1,6,12,0.417,2,1
20251105,BRK,Nic Claxton,33:34,18,10,6,9,0.556,3,0
20251105,BRK,Noah Clowney,29:38,17,4,1,9,0.667,0,3
20251105,BRK,Cam Thomas,5:35,0,0,1,2,0.0,0,0
20251105,BRK,Tyrese Martin,27:27,16,5,2,11,0.545,1,1
20251105,BRK,Ziaire Williams,24:26,3,3,2,8,0.125,0,2
20251105,BRK,Jalen Wilson,20:59,6,1,0,4,0.5,0,0
20251105,BRK,Day'Ron Sharpe,14:26,5,7,3,5,0.2,0,0
20251105,BRK,Egor Dёmin,13:24,0,3,2,6,0.0,2,0
20251105,IND,Pascal Siakam,36:04,23,6,10,21,0.476,1,7
20251105,IND,Ben Sheppard,34:58,18,4,3,13,0.538,1,1
20251105,IND,Jarace Walker,32:11,6,6,6,11,0.273,0,1
20251105,IND,Aaron Nesmith,32:09,15,7,2,17,0.353,1,3
20251105,IND,Isaiah Jackson,20:26,8,7,1,6,0.667,1,2
20251105,IND,Jeremiah Robinson-Earl,23:30,8,15,2,9,0.333,1,0
20251105,IND,Jay Huff,17:42,16,2,0,10,0.5,0,1
20251105,IND,Taelon Peter,16:29,3,3,4,4,0.25,0,1
20251105,IND,Tony Bradley,13:37,4,2,1,3,0.333,0,0
20251105,IND,Cody Martin,7:42,2,4,0,3,0.333,1,0
20251105,IND,RayJ Dennis,5:12,0,0,0,2,0.0,0,0
20251105,WAS,Alex Sarr,29:00,31,8,2,20,0.6,0,2
20251105,WAS,Kyshawn George,28:29,9,2,3,9,0.333,0,3
20251105,WAS,Justin Champagnie,19:03,12,6,0,4,1.0,1,1
20251105,WAS,CJ McCollum,17:33,3,1,4,10,0.1,0,0
20251105,WAS,Bilal Coulibaly,16:28,1,2,3,5,0.0,0,2
20251105,WAS,Bub Carrington,30:38,3,5,6,2,0.5,0,3
20251105,WAS,Tre Johnson,24:10,7,1,1,5,0.4,0,3
20251105,WAS,Malaki Branham,16:42,10,3,0,5,0.6,0,0
20251105,WAS,Marvin Bagley III,12:43,11,5,2,6,0.833,0,2
20251105,WAS,Corey Kispert,12:43,8,2,1,5,0.6,0,1
20251105,WAS,Will Riley,12:00,4,2,1,3,0.667,0,1
20251105,WAS,Cam Whitmore,7:57,2,0,0,3,0.333,1,1
20251105,WAS,Tristan Vukcevic,6:17,5,1,1,3,0.667,0,0
20251105,WAS,AJ Johnson,6:17,1,2,1,0,,0,0
20251105,BOS,Josh Minott,33:43,21,5,0,12,0.667,3,1
20251105,BOS,Derrick White,28:47,12,3,8,8,0.5,3,0
20251105,BOS,Jaylen Brown,25:53,35,5,5,21,0.619,1,1
20251105,BOS,Neemias Queta,24:13,15,12,5,7,1.0,1,0
20251105,BOS,Payton Pritchard,23:55,18,2,5,12,0.583,0,2
20251105,BOS,Anfernee Simons,29:50,18,0,2,16,0.438,1,1
20251105,BOS,Jordan Walsh,23:51,7,7,1,4,0.75,2,0
20251105,BOS,Sam Hauser,22:20,3,2,3,8,0.125,0,0
20251105,BOS,Hugo González,16:39,5,2,1,4,0.5,0,0
20251105,BOS,Luka Garza,7:06,2,2,1,2,0.0,1,0
20251105,BOS,Baylor Scheierman,3:43,0,0,0,1,0.0,0,0
20251105,MIN,Julius Randle,38:02,32,5,4,21,0.571,0,3
20251105,MIN,Donte DiVincenzo,36:02,21,3,4,15,0.467,1,2
20251105,MIN,Jaden McDaniels,31:38,13,4,3,10,0.4,0,3
20251105,MIN,Anthony Edwards,28:45,15,2,5,13,0.385,2,3
20251105,MIN,Rudy Gobert,28:12,7,9,0,3,1.0,0,2
20251105,MIN,Naz Reid,21:11,5,6,1,7,0.286,0,2
20251105,MIN,Mike Conley,18:19,8,0,6,2,1.0,0,1
20251105,MIN,Jaylen Clark,12:47,3,1,0,2,0.5,1,0
20251105,MIN,Rob Dillingham,11:52,6,0,4,7,0.286,1,1
20251105,MIN,Joan Beringer,3:18,2,0,0,1,1.0,0,0
20251105,MIN,Leonard Miller,3:18,2,1,0,2,0.5,1,0
20251105,MIN,Bones Hyland,3:18,0,0,2,0,,0,0
20251105,MIN,Joe Ingles,3:18,0,0,1,0,,0,0
20251105,NYK,Mikal Bridges,33:07,13,1,5,12,0.417,1,1
20251105,NYK,Jalen Brunson,32:37,23,7,10,20,0.45,1,4
20251105,NYK,OG Anunoby,31:30,25,8,1,17,0.588,2,1
20251105,NYK,Karl-Anthony Towns,31:16,15,10,4,11,0.455,0,4
20251105,NYK,Mitchell Robinson,16:12,8,10,1,5,0.8,1,1
20251105,NYK,Josh Hart,27:29,18,5,4,12,0.583,0,1
20251105,NYK,Miles McBride,21:20,14,3,4,10,0.6,1,0
20251105,NYK,Jordan Clarkson,15:43,7,0,0,6,0.5,1,1
20251105,NYK,Landry Shamet,11:33,3,1,0,1,1.0,0,0
20251105,NYK,Guerschon Yabusele,8:37,5,1,0,3,0.667,0,0
20251105,NYK,Tyler Kolek,3:18,0,1,2,2,0.0,0,1
20251105,NYK,Ariel Hukporti,2:26,4,1,0,2,1.0,0,0
20251105,NYK,Mohamed Diawara,2:26,2,1,0,1,1.0,0,0
20251105,NYK,Pacôme Dadiet,2:26,0,1,1,0,,0,0
20251105,HOU,Amen Thompson,38:50,28,10,7,26,0.5,2,2
20251105,HOU,Jabari Smith Jr.,35:31,16,4,2,8,0.75,0,3
20251105,HOU,Alperen Şengün,34:44,20,16,7,14,0.429,1,6
20251105,HOU,Kevin Durant,34:27,11,4,5,18,0.278,1,2
20251105,HOU,Josh Okogie,23:32,13,3,3,9,0.556,2,0
20251105,HOU,Tari Eason,31:43,16,5,1,13,0.385,1,0
20251105,HOU,Reed Sheppard,16:49,12,1,1,7,0.714,2,0
20251105,HOU,Clint Capela,16:01,6,10,2,2,1.0,0,0
20251105,HOU,Jae'Sean Tate,2:26,2,0,0,2,0.5,0,0
20251105,HOU,JD Davison,1:59,0,0,0,1,0.0,0,0
20251105,HOU,Jeff Green,1:59,0,1,0,1,0.0,0,0
20251105,HOU,Aaron Holiday,1:59,0,0,1,0,,0,0
20251105,MEM,Ja Morant,33:41,17,5,8,19,0.316,1,6
20251105,MEM,Jaren Jackson Jr.,29:20,9,6,1,6,0.333,1,0
20251105,MEM,Kentavious Caldwell-Pope,23:56,4,3,2,8,0.125,2,3
20251105,MEM,Jock Landale,20:32,11,3,1,7,0.571,1,2
20251105,MEM,Jaylen Wells,19:36,8,3,1,3,1.0,0,1
20251105,MEM,Cedric Coward,28:42,7,9,4,10,0.2,2,1
20251105,MEM,Santi Aldama,26:17,16,4,1,12,0.417,2,0
20251105,MEM,Cam Spencer,19:29,19,2,2,10,0.5,0,0
20251105,MEM,Charles Bassey,15:20,4,5,1,5,0.4,0,0
20251105,MEM,Vince Williams Jr.,15:11,10,4,3,5,0.6,1,2
20251105,MEM,PJ Hall,1:59,2,2,1,1,0.0,0,0
20251105,MEM,Javon Small,1:59,2,0,0,2,0.5,0,0
20251105,MEM,GG Jackson II,1:59,0,0,0,1,0.0,0,0
20251105,MEM,Olivier-Maxence Prosper,1:59,0,1,0,0,,0,0
20251105,NOP,Trey Murphy III,38:09,11,9,5,12,0.25,2,3
20251105,NOP,Herbert Jones,35:00,12,5,2,10,0.6,2,2
20251105,NOP,Saddiq Bey,29:34,22,9,1,14,0.643,0,1
20251105,NOP,Jeremiah Fears,25:25,13,5,3,15,0.333,1,3
20251105,NOP,Kevon Looney,14:59,8,6,2,8,0.5,0,0
20251105,NOP,Derik Queen,25:52,11,7,2,8,0.375,3,3
20251105,NOP,Jose Alvarado,22:35,13,8,2,8,0.5,0,1
20251105,NOP,Jordan Hawkins,19:52,9,2,1,13,0.308,2,0
20251105,NOP,Micah Peavy,18:19,0,3,0,1,0.0,0,0
20251105,NOP,Karlo Matković,10:16,2,2,0,2,0.5,0,0
20251105,DAL,P.J. Washington,38:04,15,11,1,13,0.385,1,4
20251105,DAL,Cooper Flagg,35:02,20,9,2,19,0.421,3,2
20251105,DAL,Max Christie,27:28,12,3,1,12,0.417,1,0
20251105,DAL,Daniel Gafford,24:44,15,8,0,8,0.75,2,2
20251105,DAL,D'Angelo Russell,20:42,9,0,3,10,0.3,0,2
20251105,DAL,Naji Marshall,25:52,7,5,5,5,0.4,1,1
20251105,DAL,Klay Thompson,21:25,11,4,3,7,0.571,1,3
20251105,DAL,Brandon Williams,18:43,10,1,3,9,0.444,2,1
20251105,DAL,Jaden Hardy,10:08,0,1,0,4,0.0,0,0
20251105,DAL,Dwight Powell,10:07,0,1,0,1,0.0,0,0
20251105,DAL,Caleb Martin,4:14,0,1,0,1,0.0,0,0
20251105,DAL,Moussa Cisse,3:31,0,0,0,0,,0,0
20251105,MIA,Andrew Wiggins,31:43,22,4,5,13,0.692,2,0
20251105,MIA,Davion Mitchell,31:19,10,3,9,6,0.667,0,3
20251105,MIA,Norman Powell,30:30,23,2,0,15,0.333,1,3
20251105,MIA,Pelle Larsson,23:30,6,3,3,4,0.25,0,1
20251105,MIA,Bam Adebayo,8:12,2,1,0,5,0.2,0,0
20251105,MIA,Kel'el Ware,27:10,13,13,0,6,0.667,4,1
20251105,MIA,Jaime Jaquez Jr.,26:24,21,3,2,14,0.643,1,1
20251105,MIA,Nikola Jović,19:34,5,3,3,6,0.167,0,3
20251105,MIA,Dru Smith,16:41,5,2,2,6,0.333,3,0
20251105,MIA,Simone Fontecchio,15:37,5,2,2,7,0.286,1,1
20251105,MIA,Keshad Johnson,9:21,0,2,0,4,0.0,1,1
20251105,DEN,Nikola Jokić,36:35,33,15,16,18,0.667,3,3
20251105,DEN,Christian Braun,35:18,11,8,7,14,0.357,2,0
20251105,DEN,Jamal Murray,33:37,14,8,3,15,0.267,2,2
20251105,DEN,Aaron Gordon,30:50,24,6,1,16,0.563,1,3
20251105,DEN,Cameron Johnson,23:02,9,2,1,10,0.3,0,0
20251105,DEN,Bruce Brown,27:38,5,3,2,7,0.286,2,3
20251105,DEN,Tim Hardaway Jr.,24:25,18,3,0,12,0.583,0,1
20251105,DEN,Peyton Watson,17:42,2,10,3,4,0.0,0,2
20251105,DEN,Jonas Valančiūnas,10:53,6,6,0,5,0.2,0,2
20251105,SAS,Stephon Castle,37:13,16,5,8,11,0.273,3,6
20251105,SAS,Devin Vassell,37:05,15,3,4,14,0.357,0,0
20251105,SAS,Julian Champagnie,33:07,14,7,0,14,0.357,1,4
20251105,SAS,Victor Wembanyama,32:41,19,8,3,14,0.357,1,5
20251105,SAS,Harrison Barnes,27:53,14,6,3,6,0.667,0,0
20251105,SAS,Keldon Johnson,24:04,12,1,1,4,1.0,1,1
20251105,SAS,Jeremy Sochan,22:35,16,2,0,7,0.857,1,0
20251105,SAS,Lindy Waters III,13:32,6,1,0,2,1.0,0,0
20251105,SAS,Kelly Olynyk,9:17,4,4,3,2,1.0,0,1
20251105,SAS,Jordan McLaughlin,2:33,0,0,0,0,,0,2
20251105,LAL,Luka Dončić,41:37,35,9,13,27,0.333,5,4
20251105,LAL,Jake LaRavia,37:31,8,6,1,9,0.333,0,2
20251105,LAL,Rui Hachimura,34:46,15,2,0,9,0.556,1,0
20251105,LAL,Marcus Smart,33:34,17,5,5,10,0.3,1,3
20251105,LAL,Deandre Ayton,33:07,22,10,0,13,0.692,1,0
20251105,LAL,Jarred Vanderbilt,17:13,5,0,2,3,0.667,0,0
20251105,LAL,Dalton Knecht,15:38,3,1,1,4,0.25,0,1
20251105,LAL,Jaxson Hayes,14:53,9,4,1,4,0.75,0,0
20251105,LAL,Nick Smith Jr.,6:31,2,0,0,1,1.0,0,2
20251105,LAL,Bronny James,5:10,2,1,0,3,0.333,0,0
20251105,OKC,Shai Gilgeous-Alexander,37:33,35,9,4,26,0.385,0,0
20251105,OKC,Cason Wallace,36:10,5,8,5,4,0.5,3,3
20251105,OKC,Ajay Mitchell,31:29,21,4,3,11,0.636,1,5
20251105,OKC,Isaiah Hartenstein,31:10,10,11,3,4,0.75,2,4
20251105,OKC,Aaron Wiggins,27:25,27,2,2,19,0.526,3,0
20251105,OKC,Isaiah Joe,25:40,14,0,2,12,0.333,0,2
20251105,OKC,Jaylin Williams,20:52,3,9,4,5,0.2,0,0
20251105,OKC,Ousmane Dieng,19:56,4,6,1,6,0.167,0,0
20251105,OKC,Branden Carlson,8:15,0,1,0,4,0.0,0,0
20251105,OKC,Brooks Barnhizer,1:31,0,0,0,0,,0,0
20251105,POR,Toumani Camara,37:15,16,5,2,9,0.667,0,3
20251105,POR,Deni Avdija,36:52,26,10,9,17,0.294,2,3
20251105,POR,Jrue Holiday,34:51,22,6,3,16,0.438,1,4
20251105,POR,Donovan Clingan,25:08,7,8,0,7,0.286,2,1
20251105,POR,Shaedon Sharpe,22:39,18,6,1,15,0.4,3,2
20251105,POR,Jerami Grant,33:49,20,5,5,14,0.429,0,1
20251105,POR,Duop Reath,20:13,12,0,2,5,0.8,0,0
20251105,POR,Kris Murray,17:32,0,3,2,2,0.0,0,1
20251105,POR,Sidy Cissoko,7:55,0,3,0,1,0.0,0,0
20251105,POR,Robert Williams,3:46,0,3,0,2,0.0,0,0
20251105,GSW,Moses Moody,38:32,28,3,3,15,0.6,2,3
20251105,GSW,Jonathan Kuminga,35:36,24,9,3,19,0.421,0,5
20251105,GSW,Will Richard,34:30,30,7,3,15,0.667,1,1
20251105,GSW,Brandin Podziemski,31:02,14,9,9,10,0.5,0,4
20251105,GSW,Quinten Post,15:39,0,4,1,5,0.0,2,0
20251105,GSW,Al Horford,26:31,0,7,2,8,0.0,2,1
20251105,GSW,Pat Spencer,16:58,6,1,1,7,0.429,0,2
20251105,GSW,Buddy Hield,13:49,9,1,2,5,0.6,1,1
20251105,GSW,Gary Payton II,11:22,3,2,3,1,1.0,1,1
20251105,GSW,Trayce Jackson-Davis,9:02,2,0,1,2,0.5,1,0
20251105,GSW,Gui Santos,6:59,0,1,0,2,0.0,0,0
20251105,SAC,DeMar DeRozan,35:43,25,2,2,20,0.4,1,1
20251105,SAC,Russell Westbrook,35:25,23,16,10,13,0.692,1,3
20251105,SAC,Nique Clifford,32:53,12,3,3,8,0.5,1,1
20251105,SAC,Dennis Schröder,32:17,18,7,7,17,0.353,0,3
20251105,SAC,Drew Eubanks,32:10,12,6,0,6,0.833,1,3
20251105,SAC,Malik Monk,25:16,21,4,2,12,0.5,0,2
20251105,SAC,Keon Ellis,17:04,0,2,2,1,0.0,2,1
20251105,SAC,Maxime Raynaud,15:06,6,3,0,3,0.333,1,1
20251105,SAC,Precious Achiuwa,9:17,4,3,0,2,1.0,0,1
20251105,SAC,Devin Carter,4:49,0,1,1,1,0.0,0,0
20251106,LAC,Ivica Zubac,27:09,23,11,2,14,0.571,2,2
20251106,LAC,Kris Dunn,23:48,9,2,6,4,0.75,1,2
20251106,LAC,Derrick Jones Jr.,22:07,10,1,0,4,0.75,1,0
20251106,LAC,Bradley Beal,19:39,5,1,1,14,0.143,0,2
20251106,LAC,Nicolas Batum,18:24,0,2,1,3,0.0,0,0
20251106,LAC,Bogdan Bogdanović,28:21,12,4,5,8,0.375,0,1
20251106,LAC,Cam Christie,25:07,17,2,3,7,0.714,1,0
20251106,LAC,John Collins,23:03,13,4,1,11,0.455,1,4
20251106,LAC,Brook Lopez,17:49,6,3,0,6,0.5,1,2
20251106,LAC,Kobe Brown,15:53,0,7,2,2,0.0,0,1
20251106,LAC,Chris Paul,9:30,2,2,2,3,0.333,1,0
20251106,LAC,Jahmyl Telfort,6:33,1,1,1,1,0.0,0,1
20251106,LAC,Yanic Konan Niederhäuser,2:37,4,1,0,2,1.0,0,0
20251106,PHO,Devin Booker,37:16,24,6,7,22,0.455,3,3
20251106,PHO,Grayson Allen,36:28,18,3,4,13,0.538,3,2
20251106,PHO,Royce O'Neale,28:27,17,4,2,11,0.545,0,1
20251106,PHO,Mark Williams,27:37,13,10,0,8,0.5,2,0
20251106,PHO,Jalen Green,22:59,29,3,3,20,0.5,2,2
20251106,PHO,Collin Gillespie,25:18,1,5,7,5,0.0,1,2
20251106,PHO,Ryan Dunn,24:56,10,5,3,7,0.429,1,2
20251106,PHO,Oso Ighodaro,11:34,0,3,1,1,0.0,1,0
20251106,PHO,Nick Richards,11:22,3,3,0,1,1.0,0,2
20251106,PHO,Jordan Goodwin,10:37,0,1,0,4,0.0,0,1
20251106,PHO,Rasheer Fleming,1:09,0,1,0,0,,0,0
20251106,PHO,Nigel Hayes-Davis,1:09,0,0,0,0,,0,0
20251106,PHO,Khaman Maluach,1:09,0,0,0,0,,0,0
20251107,BOS,Derrick White,37:08,16,2,10,16,0.438,3,1
20251107,BOS,Jaylen Brown,36:30,32,9,3,28,0.536,1,4
20251107,BOS,Payton Pritchard,31:55,27,2,4,16,0.5,1,3
20251107,BOS,Neemias Queta,30:02,5,8,2,8,0.25,1,0
20251107,BOS,Josh Minott,25:20,12,8,1,7,0.571,1,2
20251107,BOS,Sam Hauser,20:32,3,3,3,6,0.167,1,0
20251107,BOS,Jordan Walsh,18:48,2,6,0,3,0.333,1,2
20251107,BOS,Anfernee Simons,17:34,11,2,2,8,0.5,0,1
20251107,BOS,Luka Garza,13:22,2,0,0,3,0.333,0,0
20251107,BOS,Hugo González,8:49,0,4,1,0,,0,1
20251107,ORL,Franz Wagner,37:17,27,6,6,18,0.5,0,3
20251107,ORL,Paolo Banchero,36:27,15,9,4,10,0.4,1,2
20251107,ORL,Desmond Bane,36:05,22,6,7,15,0.533,1,1
20251107,ORL,Wendell Carter Jr.,31:08,18,5,1,10,0.5,2,3
20251107,ORL,Jalen Suggs,20:50,14,3,5,8,0.625,0,3
20251107,ORL,Anthony Black,32:38,13,4,4,11,0.455,4,1
20251107,ORL,Tristan Da Silva,17:46,11,2,0,8,0.5,0,0
20251107,ORL,Goga Bitadze,15:23,0,7,1,1,0.0,0,1
20251107,ORL,Tyus Jones,7:56,0,1,0,0,,0,0
20251107,ORL,Jonathan Isaac,4:30,3,1,0,1,1.0,0,1
20251107,CLE,Darius Garland,28:20,20,2,9,16,0.438,1,2
20251107,CLE,Evan Mobley,27:51,18,10,3,16,0.438,1,1
20251107,CLE,Jarrett Allen,26:00,16,14,3,13,0.538,2,1
20251107,CLE,Donovan Mitchell,25:37,24,5,5,20,0.4,4,2
20251107,CLE,De'Andre Hunter,21:16,8,5,2,9,0.222,1,2
20251107,CLE,Jaylon Tyson,23:24,10,4,2,7,0.429,1,0
20251107,CLE,Tyrese Proctor,18:46,17,2,3,6,0.833,0,1
20251107,CLE,Sam Merrill,18:21,14,2,2,6,0.833,1,0
20251107,CLE,Craig Porter Jr.,15:55,2,5,2,4,0.25,0,1
20251107,CLE,Larry Nance Jr.,14:15,5,2,1,3,0.667,0,0
20251107,CLE,Luke Travers,8:31,4,2,2,3,0.333,1,0
20251107,CLE,Nae'Qwan Tomlin,5:52,6,2,0,4,0.5,1,0
20251107,CLE,Thomas Bryant,5:52,4,2,0,3,0.667,2,0
20251107,WAS,Alex Sarr,30:27,20,4,4,17,0.588,1,3
20251107,WAS,Tre Johnson,28:49,19,3,1,11,0.636,0,2
20251107,WAS,Bub Carrington,28:04,6,4,11,12,0.167,0,2
20251107,WAS,CJ McCollum,27:53,25,2,3,16,0.5,1,3
20251107,WAS,Khris Middleton,21:54,4,2,4,3,0.667,0,2
20251107,WAS,Jamir Watkins,20:15,6,6,0,4,0.75,0,1
20251107,WAS,Corey Kispert,20:13,16,3,4,8,0.625,1,1
20251107,WAS,Justin Champagnie,18:56,6,11,2,6,0.167,2,1
20251107,WAS,Marvin Bagley III,11:41,2,7,0,4,0.0,0,0
20251107,WAS,Will Riley,10:17,0,2,1,3,0.0,0,0
20251107,WAS,AJ Johnson,8:50,4,0,2,4,0.25,0,1
20251107,WAS,Tristan Vukcevic,5:52,4,0,0,1,1.0,0,2
20251107,WAS,Cam Whitmore,4:56,0,0,0,1,0.0,0,1
20251107,WAS,Anthony Gill,1:53,3,0,0,1,1.0,0,1
20251107,TOR,Scottie Barnes,35:03,14,10,4,16,0.313,1,0
20251107,TOR,Brandon Ingram,34:44,20,6,4,19,0.368,1,2
20251107,TOR,Immanuel Quickley,34:14,18,5,6,11,0.455,3,2
20251107,TOR,RJ Barrett,33:16,19,5,4,15,0.467,0,1
20251107,TOR,Jakob Poeltl,25:13,12,10,1,5,0.8,1,2
20251107,TOR,Sandro Mamukelashvili,20:43,12,6,1,9,0.556,1,0
20251107,TOR,Collin Murray-Boyles,17:34,3,4,1,4,0.25,0,2
20251107,TOR,Jamal Shead,13:46,0,1,2,3,0.0,1,1
20251107,TOR,Gradey Dick,13:25,11,1,0,7,0.429,1,0
20251107,TOR,Jamison Battle,6:16,0,0,0,1,0.0,1,0
20251107,TOR,Ja'Kobe Walter,5:46,0,0,0,1,0.0,1,2
20251107,ATL,Dyson Daniels,34:48,7,8,8,10,0.2,2,2
20251107,ATL,Jalen Johnson,33:02,21,7,4,14,0.571,1,6
20251107,ATL,Zaccharie Risacher,30:26,16,5,0,16,0.375,2,0
20251107,ATL,Kristaps Porziņģis,29:40,17,7,3,16,0.25,0,0
20251107,ATL,Nickeil Alexander-Walker,29:38,20,2,3,14,0.5,0,3
20251107,ATL,Onyeka Okongwu,26:00,7,11,0,12,0.167,1,2
20251107,ATL,Keaton Wallace,19:54,7,3,3,5,0.6,2,1
20251107,ATL,Mouhamed Gueye,18:58,2,7,1,6,0.167,0,0
20251107,ATL,Vít Krejčí,17:34,0,4,2,3,0.0,0,1
20251107,DET,Ausar Thompson,33:33,14,6,4,14,0.5,3,1
20251107,DET,Cade Cunningham,32:44,34,1,10,18,0.722,1,4
20251107,DET,Duncan Robinson,31:26,7,1,8,6,0.5,2,1
20251107,DET,Jalen Duren,30:09,30,11,0,14,0.786,3,1
20251107,DET,Isaiah Stewart,8:52,4,3,1,2,1.0,0,1
20251107,DET,Ron Holland,24:59,5,5,1,6,0.333,0,3
20251107,DET,Caris LeVert,20:20,10,3,4,6,0.5,1,1
20251107,DET,Javonte Green,19:39,8,3,1,5,0.4,1,0
20251107,DET,Paul Reed,15:08,6,6,2,3,1.0,2,0
20251107,DET,Bobi Klintman,14:48,4,5,1,6,0.333,0,1
20251107,DET,Daniss Jenkins,5:20,3,1,0,3,0.333,1,0
20251107,DET,Chaz Lanier,3:02,0,1,0,2,0.0,0,0
20251107,BRK,Michael Porter Jr.,31:44,28,5,2,17,0.471,1,4
20251107,BRK,Nic Claxton,30:43,17,8,2,8,0.75,1,2
20251107,BRK,Noah Clowney,30:42,19,1,2,13,0.385,1,1
20251107,BRK,Egor Dёmin,23:03,8,3,7,8,0.375,1,1
20251107,BRK,Terance Mann,21:47,3,0,3,3,0.333,0,1
20251107,BRK,Drake Powell,27:08,6,4,2,7,0.429,0,3
20251107,BRK,Tyrese Martin,19:22,2,1,3,7,0.143,1,2
20251107,BRK,Day'Ron Sharpe,17:17,7,4,3,3,0.667,0,3
20251107,BRK,Ziaire Williams,16:58,6,2,1,6,0.167,0,1
20251107,BRK,Jalen Wilson,10:36,9,1,1,5,0.6,0,1
20251107,BRK,E.J. Liddell,5:20,2,1,0,2,0.5,0,0
20251107,BRK,Tyson Etienne,5:20,0,0,0,1,0.0,0,0
20251107,HOU,Amen Thompson,38:31,14,7,3,12,0.333,1,3
20251107,HOU,Kevin Durant,36:33,24,1,2,18,0.444,1,8
20251107,HOU,Alperen Şengün,35:59,25,8,8,22,0.455,1,3
20251107,HOU,Jabari Smith Jr.,26:40,5,8,2,6,0.333,0,1
20251107,HOU,Josh Okogie,24:50,12,3,0,7,0.571,5,3
20251107,HOU,Reed Sheppard,26:25,16,0,6,10,0.6,1,1
20251107,HOU,Tari Eason,24:52,11,3,2,6,0.667,2,4
20251107,HOU,Steven Adams,20:05,3,8,1,4,0.25,1,0
20251107,HOU,Clint Capela,6:02,0,3,1,0,,0,0
20251107,HOU,Jae'Sean Tate,0:03,0,0,0,0,,0,0
20251107,SAS,Harrison Barnes,38:48,24,5,2,11,0.727,2,3
20251107,SAS,Victor Wembanyama,37:12,22,8,4,16,0.5,1,4
20251107,SAS,Stephon Castle,36:22,14,6,13,12,0.417,2,5
20251107,SAS,Devin Vassell,33:03,15,3,3,12,0.333,4,1
20251107,SAS,Julian Champagnie,31:14,22,7,1,14,0.429,4,2
20251107,SAS,Keldon Johnson,27:06,8,6,4,8,0.375,1,2
20251107,SAS,Jeremy Sochan,15:16,2,2,2,5,0.0,0,3
20251107,SAS,Jordan McLaughlin,9:16,9,1,1,6,0.667,1,0
20251107,SAS,Lindy Waters III,6:00,3,1,0,2,0.5,0,0
20251107,SAS,Kelly Olynyk,5:43,2,1,0,1,1.0,0,0
20251107,DAL,Max Christie,28:09,18,1,1,12,0.583,0,2
20251107,DAL,Cooper Flagg,27:16,12,6,2,10,0.5,1,2
20251107,DAL,P.J. Washington,25:07,14,6,1,15,0.4,1,2
20251107,DAL,D'Angelo Russell,16:15,9,3,5,5,0.8,0,3
20251107,DAL,Daniel Gafford,12:23,0,1,0,1,0.0,0,0
20251107,DAL,Naji Marshall,25:06,16,7,4,13,0.462,1,1
20251107,DAL,Brandon Williams,22:03,11,1,3,8,0.625,2,3
20251107,DAL,Caleb Martin,17:30,0,3,0,1,0.0,0,0
20251107,DAL,Klay Thompson,17:01,0,1,3,6,0.0,1,0
20251107,DAL,Jaden Hardy,16:32,8,3,2,5,0.4,1,2
20251107,DAL,Moussa Cisse,14:11,10,8,0,5,0.8,0,2
20251107,DAL,Ryan Nembhard,9:35,6,0,2,5,0.6,0,0
20251107,DAL,Dwight Powell,8:54,0,4,2,0,,0,0
20251107,MEM,Ja Morant,32:12,21,5,13,20,0.35,3,7
20251107,MEM,Jock Landale,29:27,11,7,3,8,0.5,0,1
20251107,MEM,Jaren Jackson Jr.,28:49,17,4,0,9,0.667,0,1
20251107,MEM,Jaylen Wells,25:12,8,5,1,7,0.286,0,1
20251107,MEM,Kentavious Caldwell-Pope,24:05,12,3,1,7,0.714,0,0
20251107,MEM,Santi Aldama,28:06,16,2,2,12,0.417,0,2
20251107,MEM,Cedric Coward,27:56,21,9,4,10,0.7,0,0
20251107,MEM,Cam Spencer,18:39,12,2,2,9,0.556,2,1
20251107,MEM,Vince Williams Jr.,15:41,0,3,1,3,0.0,0,0
20251107,MEM,John Konchar,9:22,0,2,0,0,,2,0
20251107,MEM,PJ Hall,0:08,0,0,0,0,,0,0
20251107,MEM,GG Jackson II,0:08,0,0,0,0,,1,0
20251107,MEM,Olivier-Maxence Prosper,0:08,0,0,0,0,,0,0
20251107,MEM,Javon Small,0:08,0,0,0,0,,0,0
20251107,CHO,Miles Bridges,41:00,14,12,7,16,0.25,0,4
20251107,CHO,Kon Knueppel,40:07,30,8,3,23,0.391,1,2
20251107,CHO,Tre Mann,35:23,20,9,7,24,0.292,1,4
20251107,CHO,Sion James,32:56,10,2,1,8,0.5,0,3
20251107,CHO,Ryan Kalkbrenner,27:10,10,5,0,7,0.714,0,3
20251107,CHO,Moussa Diabaté,21:33,10,11,0,6,0.667,0,1
20251107,CHO,Liam McNeeley,19:18,8,4,1,6,0.333,1,0
20251107,CHO,KJ Simpson,12:37,0,1,3,3,0.0,1,0
20251107,CHO,Pat Connaughton,9:56,6,5,0,4,0.5,0,1
20251107,MIA,Andrew Wiggins,36:28,22,4,4,16,0.563,1,2
20251107,MIA,Davion Mitchell,32:23,9,5,5,7,0.571,3,1
20251107,MIA,Kel'el Ware,29:58,7,6,0,13,0.231,1,0
20251107,MIA,Norman Powell,27:25,25,4,3,20,0.5,0,2
20251107,MIA,Pelle Larsson,26:48,19,4,2,11,0.727,1,0
20251107,MIA,Jaime Jaquez Jr.,32:40,18,8,9,15,0.533,0,2
20251107,MIA,Nikola Jović,19:27,10,4,3,6,0.667,3,1
20251107,MIA,Simone Fontecchio,19:14,11,2,2,6,0.5,0,0
20251107,MIA,Dru Smith,15:37,5,0,3,5,0.4,1,0
20251107,CHI,Matas Buzelis,35:47,20,8,3,13,0.615,2,3
20251107,CHI,Josh Giddey,34:35,16,7,14,14,0.429,1,4
20251107,CHI,Nikola Vučević,31:12,16,6,1,13,0.538,1,2
20251107,CHI,Tre Jones,29:22,17,5,4,10,0.6,1,0
20251107,CHI,Isaac Okoro,16:33,6,4,0,6,0.5,1,0
20251107,CHI,Patrick Williams,23:23,6,6,0,6,0.333,1,0
20251107,CHI,Kevin Huerter,23:14,13,3,5,13,0.385,0,3
20251107,CHI,Ayo Dosunmu,20:02,7,0,3,6,0.5,2,1
20251107,CHI,Jalen Smith,16:48,7,5,3,6,0.5,0,1
20251107,CHI,Dalen Terry,5:18,2,1,1,1,1.0,0,0
20251107,CHI,Julian Phillips,3:46,0,0,0,2,0.0,0,0
20251107,MIL,Giannis Antetokounmpo,37:17,41,15,9,32,0.5,2,4
20251107,MIL,A.J. Green,34:34,6,4,5,8,0.25,0,1
20251107,MIL,Myles Turner,31:19,23,8,0,14,0.571,4,2
20251107,MIL,Ryan Rollins,30:53,20,6,4,13,0.538,3,1
20251107,MIL,Gary Trent Jr.,22:30,5,3,0,9,0.222,0,1
20251107,MIL,Kyle Kuzma,28:22,11,8,1,6,0.667,0,0
20251107,MIL,Cole Anthony,22:15,11,2,5,14,0.357,1,1
20251107,MIL,Bobby Portis,19:35,7,5,2,5,0.6,0,1
20251107,MIL,Amir Coffey,9:42,2,2,1,2,0.5,0,0
20251107,MIL,Jericho Sims,3:33,0,0,0,0,,0,0
20251107,UTA,Isaiah Collier,26:19,10,0,3,8,0.5,0,4
20251107,UTA,Keyonte George,25:54,18,4,2,14,0.5,1,3
20251107,UTA,Lauri Markkanen,21:10,12,2,2,14,0.286,3,0
20251107,UTA,Jusuf Nurkić,19:06,3,4,4,3,0.333,1,2
20251107,UTA,Svi Mykhailiuk,18:08,6,2,2,4,0.5,0,1
20251107,UTA,Ace Bailey,23:58,12,6,3,9,0.444,1,3
20251107,UTA,Brice Sensabaugh,23:05,5,0,3,12,0.167,0,0
20251107,UTA,Kyle Filipowski,21:41,9,10,2,9,0.333,2,2
20251107,UTA,Taylor Hendricks,17:23,4,2,1,6,0.333,2,0
20251107,UTA,Kyle Anderson,12:00,8,4,4,7,0.429,0,1
20251107,UTA,Walter Clayton,11:43,4,3,2,2,0.5,0,1
20251107,UTA,Cody Williams,9:40,5,1,0,6,0.333,1,0
20251107,UTA,Elijah Harkless,6:32,1,1,0,0,,0,0
20251107,UTA,Kevin Love,3:21,0,1,0,0,,0,0
20251107,MIN,Rudy Gobert,28:47,8,9,2,6,0.667,1,2
20251107,MIN,Jaden McDaniels,27:08,22,7,1,14,0.643,3,2
20251107,MIN,Julius Randle,26:11,19,10,12,12,0.5,1,7
20251107,MIN,Anthony Edwards,26:01,37,5,1,21,0.571,1,4
20251107,MIN,Donte DiVincenzo,20:38,3,6,2,4,0.25,1,1
20251107,MIN,Naz Reid,23:34,5,4,3,6,0.333,1,0
20251107,MIN,Jaylen Clark,19:48,6,1,2,4,0.5,2,0
20251107,MIN,Mike Conley,16:34,5,1,2,2,0.5,0,0
20251107,MIN,Rob Dillingham,11:16,8,2,1,9,0.444,0,0
20251107,MIN,Bones Hyland,8:44,12,1,3,4,1.0,0,0
20251107,MIN,Joan Beringer,8:44,6,3,0,3,1.0,0,2
20251107,MIN,Leonard Miller,8:44,6,3,0,2,1.0,0,2
20251107,MIN,Joe Ingles,8:38,0,0,3,1,0.0,0,0
20251107,MIN,Johnny Juzang,5:13,0,0,0,0,,0,1
20251107,GSW,Jimmy Butler,30:33,16,3,3,10,0.5,1,0
20251107,GSW,Jonathan Kuminga,26:50,6,7,3,10,0.3,0,2
20251107,GSW,Draymond Green,25:42,17,6,4,12,0.5,1,3
20251107,GSW,Brandin Podziemski,24:39,7,2,3,10,0.3,0,2
20251107,GSW,Moses Moody,19:17,2,3,3,9,0.111,0,1
20251107,GSW,Pat Spencer,23:21,10,6,5,10,0.3,1,2
20251107,GSW,Quinten Post,19:41,14,3,1,6,1.0,0,0
20251107,GSW,Buddy Hield,19:40,8,0,0,7,0.429,0,2
20251107,GSW,Will Richard,18:53,12,3,2,10,0.5,0,0
20251107,GSW,Trayce Jackson-Davis,18:30,9,7,3,8,0.5,0,0
20251107,GSW,Gary Payton II,6:27,2,2,1,2,0.5,0,0
20251107,GSW,Gui Santos,6:27,1,4,0,1,0.0,1,0
20251107,DEN,Christian Braun,31:32,12,7,4,11,0.455,1,3
20251107,DEN,Jamal Murray,30:57,23,4,8,12,0.667,2,3
20251107,DEN,Nikola Jokić,28:16,26,9,9,15,0.8,0,1
20251107,DEN,Cameron Johnson,25:09,0,1,4,3,0.0,1,0
20251107,DEN,Aaron Gordon,23:58,18,3,1,12,0.5,1,0
20251107,DEN,Peyton Watson,24:18,10,3,1,6,0.5,2,0
20251107,DEN,Tim Hardaway Jr.,18:56,7,3,2,5,0.4,0,0
20251107,DEN,Bruce Brown,18:24,6,1,1,4,0.25,0,1
20251107,DEN,Jonas Valančiūnas,15:42,16,6,1,8,0.75,0,0
20251107,DEN,Julian Strawther,6:34,4,1,0,2,0.0,0,0
20251107,DEN,Jalen Pickett,4:39,0,2,3,0,,0,0
20251107,DEN,Zeke Nnaji,4:02,5,0,0,2,1.0,0,0
20251107,DEN,Spencer Jones,4:02,2,0,0,1,1.0,1,0
20251107,DEN,Hunter Tyson,3:31,0,1,0,1,0.0,0,0
20251107,OKC,Ajay Mitchell,31:24,18,5,10,12,0.417,3,2
20251107,OKC,Isaiah Hartenstein,30:37,33,19,3,17,0.824,1,2
20251107,OKC,Shai Gilgeous-Alexander,29:27,30,1,3,20,0.6,2,1
20251107,OKC,Cason Wallace,27:16,15,2,2,8,0.75,1,0
20251107,OKC,Chet Holmgren,21:25,10,7,1,9,0.444,0,2
20251107,OKC,Isaiah Joe,27:50,14,6,1,8,0.5,1,2
20251107,OKC,Alex Caruso,21:58,3,2,5,3,0.333,1,0
20251107,OKC,Jaylin Williams,21:24,6,3,1,7,0.286,0,1
20251107,OKC,Ousmane Dieng,16:32,3,5,1,5,0.2,0,0
20251107,OKC,Chris Youngblood,7:55,0,0,0,2,0.0,0,0
20251107,OKC,Brooks Barnhizer,4:12,0,2,0,0,,0,1
20251107,SAC,Russell Westbrook,35:09,24,7,9,17,0.529,0,7
20251107,SAC,Zach LaVine,28:50,9,2,2,5,0.6,1,2
20251107,SAC,DeMar DeRozan,28:38,18,4,3,13,0.538,0,1
20251107,SAC,Dennis Schröder,25:07,2,2,8,10,0.0,0,0
20251107,SAC,Drew Eubanks,23:48,16,1,0,11,0.727,1,3
20251107,SAC,Malik Monk,23:54,15,3,1,9,0.667,1,1
20251107,SAC,Maxime Raynaud,23:46,8,10,1,10,0.3,1,1
20251107,SAC,Precious Achiuwa,16:52,4,4,0,5,0.2,1,0
20251107,SAC,Nique Clifford,16:35,0,3,2,4,0.0,0,0
20251107,SAC,Keon Ellis,12:00,3,1,0,5,0.2,0,0
20251107,SAC,Devin Carter,5:21,2,1,1,3,0.0,1,0
20251108,DAL,P.J. Washington,36:35,14,9,5,8,0.5,1,2
20251108,DAL,Cooper Flagg,33:43,12,7,6,15,0.4,2,4
20251108,DAL,Max Christie,30:30,12,7,2,14,0.286,3,0
20251108,DAL,Daniel Gafford,18:35,8,5,0,5,0.8,0,2
20251108,DAL,D'Angelo Russell,17:27,6,2,1,10,0.3,0,0
20251108,DAL,Naji Marshall,31:01,30,8,2,14,0.643,3,0
20251108,DAL,Brandon Williams,25:39,14,2,6,16,0.375,4,1
20251108,DAL,Moussa Cisse,19:02,5,9,1,3,0.667,0,2
20251108,DAL,Jaden Hardy,13:46,8,1,0,5,0.6,0,1
20251108,DAL,Ryan Nembhard,8:07,0,0,2,1,0.0,0,1
20251108,DAL,Dwight Powell,5:35,2,1,1,2,0.5,2,0
20251108,WAS,CJ McCollum,33:16,25,6,2,19,0.474,2,3
20251108,WAS,Alex Sarr,30:43,17,6,5,16,0.375,2,2
20251108,WAS,Kyshawn George,28:45,10,2,3,9,0.333,1,2
20251108,WAS,Tre Johnson,26:10,9,9,0,13,0.308,1,3
20251108,WAS,Justin Champagnie,11:54,0,5,0,0,,1,0
20251108,WAS,Cam Whitmore,29:15,19,3,0,13,0.538,0,0
20251108,WAS,Bub Carrington,28:08,9,3,2,7,0.286,0,5
20251108,WAS,Corey Kispert,24:20,4,1,2,3,0.333,0,0
20251108,WAS,Marvin Bagley III,17:17,10,5,1,7,0.571,0,2
20251108,WAS,Malaki Branham,9:42,2,4,2,2,0.5,0,1
20251108,WAS,Jamir Watkins,0:30,0,0,0,0,,0,0
20251108,TOR,Brandon Ingram,37:26,21,8,5,17,0.412,0,1
20251108,TOR,Immanuel Quickley,36:12,22,6,6,16,0.5,0,1
20251108,TOR,RJ Barrett,34:02,22,3,6,12,0.583,0,1
20251108,TOR,Scottie Barnes,31:43,18,5,4,14,0.5,2,2
20251108,TOR,Ochai Agbaji,15:04,0,2,0,1,0.0,0,0
20251108,TOR,Jamal Shead,23:59,9,3,5,7,0.429,1,2
20251108,TOR,Collin Murray-Boyles,21:40,12,7,1,6,0.667,1,1
20251108,TOR,Sandro Mamukelashvili,17:02,10,3,2,5,0.6,2,1
20251108,TOR,Gradey Dick,11:31,3,1,0,6,0.167,1,1
20251108,TOR,Ja'Kobe Walter,11:12,3,0,0,6,0.167,0,0
20251108,TOR,Jamison Battle,0:09,0,0,0,0,,0,0
20251108,PHI,Tyrese Maxey,42:38,31,4,7,24,0.5,1,1
20251108,PHI,Kelly Oubre Jr.,36:54,19,4,1,15,0.533,0,2
20251108,PHI,Trendon Watford,36:30,20,17,10,10,0.8,0,1
20251108,PHI,VJ Edgecombe,35:32,11,7,4,15,0.333,3,2
20251108,PHI,Joel Embiid,25:57,29,6,4,16,0.625,0,2
20251108,PHI,Quentin Grimes,27:47,13,2,2,8,0.5,0,3
20251108,PHI,Andre Drummond,16:04,4,8,1,5,0.2,0,1
20251108,PHI,Justin Edwards,7:14,3,2,1,2,0.5,0,1
20251108,PHI,Adem Bona,5:59,0,2,0,0,,0,0
20251108,PHI,Jabari Walker,5:25,0,2,1,1,0.0,0,0
20251108,LAL,Luka Dončić,26:39,22,5,11,17,0.412,1,5
20251108,LAL,Rui Hachimura,23:29,8,2,0,9,0.333,0,1
20251108,LAL,Jake LaRavia,23:12,13,5,2,7,0.571,2,2
20251108,LAL,Marcus Smart,20:56,5,0,2,4,0.5,2,2
20251108,LAL,Deandre Ayton,19:54,11,5,0,5,1.0,0,3
20251108,LAL,Jarred Vanderbilt,28:21,12,18,2,9,0.444,1,2
20251108,LAL,Dalton Knecht,24:35,14,4,1,11,0.455,0,1
20251108,LAL,Nick Smith Jr.,23:27,3,1,2,8,0.125,1,2
20251108,LAL,Bronny James,18:11,9,2,2,6,0.667,1,1
20251108,LAL,Jaxson Hayes,16:49,4,3,0,4,0.5,0,0
20251108,LAL,Maxi Kleber,14:27,1,2,1,1,0.0,0,0
20251108,ATL,Dyson Daniels,36:04,10,8,13,8,0.625,1,2
20251108,ATL,Keaton Wallace,35:45,14,2,7,15,0.333,1,1
20251108,ATL,Mouhamed Gueye,34:13,21,7,7,12,0.667,2,2
20251108,ATL,Onyeka Okongwu,32:04,12,8,4,14,0.429,3,2
20251108,ATL,Zaccharie Risacher,27:06,19,1,4,14,0.5,2,1
20251108,ATL,Asa Newell,26:39,17,5,0,12,0.583,4,1
20251108,ATL,Vít Krejčí,24:04,17,3,1,13,0.462,0,1
20251108,ATL,Caleb Houstan,19:19,8,2,1,3,0.667,0,1
20251108,ATL,Jacob Toppin,3:04,4,1,0,2,1.0,0,0
20251108,ATL,N'Faly Dante,1:42,0,0,0,0,,0,0
20251108,CHI,Josh Giddey,32:50,15,9,6,18,0.278,2,2
20251108,CHI,Isaac Okoro,32:33,19,4,3,7,0.714,0,1
20251108,CHI,Tre Jones,30:03,17,6,4,9,0.333,1,2
20251108,CHI,Nikola Vučević,29:26,9,5,4,11,0.364,2,2
20251108,CHI,Matas Buzelis,17:35,4,4,0,6,0.167,0,3
20251108,CHI,Kevin Huerter,28:34,15,3,3,10,0.6,3,1
20251108,CHI,Patrick Williams,23:28,11,1,2,5,0.6,0,0
20251108,CHI,Ayo Dosunmu,22:49,14,3,1,11,0.455,0,1
20251108,CHI,Jalen Smith,18:34,18,11,4,6,1.0,0,1
20251108,CHI,Julian Phillips,4:08,0,3,0,1,0.0,0,0
20251108,CLE,Donovan Mitchell,35:21,29,6,6,24,0.417,1,2
20251108,CLE,Evan Mobley,33:37,24,8,5,14,0.643,0,1
20251108,CLE,Jaylon Tyson,30:37,17,7,3,10,0.6,2,0
20251108,CLE,De'Andre Hunter,29:57,29,4,2,16,0.625,0,3
20251108,CLE,Jarrett Allen,24:37,11,3,2,8,0.5,1,2
20251108,CLE,Sam Merrill,27:31,8,2,8,8,0.375,0,1
20251108,CLE,Lonzo Ball,22:19,2,4,4,4,0.25,0,0
20251108,CLE,Dean Wade,19:10,2,3,0,5,0.2,2,0
20251108,CLE,Tyrese Proctor,12:38,6,2,1,5,0.4,0,0
20251108,CLE,Craig Porter Jr.,4:14,0,0,1,0,,0,0
20251108,POR,Toumani Camara,39:13,13,7,1,17,0.294,0,3
20251108,POR,Deni Avdija,36:33,33,11,8,21,0.571,0,3
20251108,POR,Jrue Holiday,34:55,18,9,13,19,0.316,4,3
20251108,POR,Shaedon Sharpe,28:14,21,9,1,19,0.474,1,6
20251108,POR,Donovan Clingan,20:54,13,7,0,9,0.667,2,0
20251108,POR,Jerami Grant,22:07,18,3,4,9,0.556,1,4
20251108,POR,Kris Murray,21:40,6,3,1,8,0.375,0,0
20251108,POR,Sidy Cissoko,17:18,3,2,0,4,0.25,0,0
20251108,POR,Duop Reath,11:37,6,3,0,3,0.667,0,1
20251108,POR,Robert Williams,7:29,0,3,1,0,,0,0
20251108,MIA,Andrew Wiggins,33:09,15,3,1,14,0.357,2,1
20251108,MIA,Norman Powell,30:04,22,2,3,16,0.438,2,1
20251108,MIA,Pelle Larsson,27:27,16,1,5,10,0.7,0,1
20251108,MIA,Davion Mitchell,25:48,11,2,8,7,0.571,5,1
20251108,MIA,Kel'el Ware,22:54,9,12,1,8,0.5,1,2
20251108,MIA,Nikola Jović,31:22,29,9,6,16,0.625,2,6
20251108,MIA,Jaime Jaquez Jr.,29:08,14,12,7,15,0.4,1,1
20251108,MIA,Dru Smith,22:19,13,5,6,6,0.667,4,1
20251108,MIA,Simone Fontecchio,17:49,7,1,0,4,0.5,0,0
20251108,NOP,Trey Murphy III,38:08,41,9,3,22,0.682,1,1
20251108,NOP,Herbert Jones,38:03,15,3,4,11,0.545,3,1
20251108,NOP,Jeremiah Fears,31:25,18,3,3,17,0.471,2,2
20251108,NOP,Saddiq Bey,29:54,10,2,4,11,0.364,1,0
20251108,NOP,Kevon Looney,16:51,5,6,0,3,0.333,0,1
20251108,NOP,Derik Queen,24:36,13,5,8,14,0.357,0,4
20251108,NOP,Jordan Hawkins,18:02,5,0,0,6,0.333,0,1
20251108,NOP,Micah Peavy,17:37,0,5,0,4,0.0,0,0
20251108,NOP,Jose Alvarado,16:35,8,2,5,3,0.667,0,0
20251108,NOP,Karlo Matković,8:49,4,5,0,3,0.667,0,1
20251108,SAS,Stephon Castle,35:04,16,4,13,14,0.429,1,2
20251108,SAS,Devin Vassell,32:57,16,2,0,13,0.462,0,0
20251108,SAS,Victor Wembanyama,32:27,18,18,3,19,0.421,1,5
20251108,SAS,De'Aaron Fox,30:31,24,3,3,14,0.643,1,2
20251108,SAS,Harrison Barnes,27:57,15,2,0,8,0.75,0,1
20251108,SAS,Julian Champagnie,25:38,14,1,2,7,0.571,0,1
20251108,SAS,Jeremy Sochan,20:00,8,3,4,5,0.8,1,1
20251108,SAS,Keldon Johnson,19:30,12,8,4,7,0.571,2,0
20251108,SAS,Lindy Waters III,10:26,3,1,2,2,0.5,0,0
20251108,SAS,Carter Bryant,5:30,0,1,0,1,0.0,0,0
20251108,IND,Pascal Siakam,33:08,14,6,5,16,0.313,0,2
20251108,IND,Andrew Nembhard,33:02,22,0,6,20,0.35,0,3
20251108,IND,Aaron Nesmith,26:12,25,1,0,10,0.7,4,1
20251108,IND,Jarace Walker,21:48,8,5,2,7,0.429,0,1
20251108,IND,Isaiah Jackson,18:30,4,6,1,5,0.2,3,0
20251108,IND,Ben Sheppard,22:45,5,2,0,8,0.25,0,1
20251108,IND,Jeremiah Robinson-Earl,18:48,7,5,1,8,0.375,1,1
20251108,IND,Tony Bradley,15:56,6,5,3,4,0.75,0,1
20251108,IND,Jay Huff,15:21,4,6,1,5,0.2,0,1
20251108,IND,Monte Morris,14:58,3,2,0,5,0.2,1,0
20251108,IND,Cody Martin,14:24,2,3,0,2,0.0,0,0
20251108,IND,RayJ Dennis,5:08,0,2,1,3,0.0,0,0
20251108,DEN,Nikola Jokić,31:43,32,14,14,14,0.714,1,8
20251108,DEN,Cameron Johnson,27:15,12,2,4,11,0.455,2,0
20251108,DEN,Peyton Watson,27:13,16,7,1,13,0.538,3,1
20251108,DEN,Christian Braun,26:58,8,5,2,8,0.375,1,2
20251108,DEN,Jalen Pickett,17:32,2,1,0,4,0.25,0,1
20251108,DEN,Bruce Brown,23:46,6,7,0,7,0.429,1,1
20251108,DEN,Tim Hardaway Jr.,23:38,17,3,4,13,0.462,0,1
20251108,DEN,Julian Strawther,21:37,12,6,2,10,0.5,0,0
20251108,DEN,Spencer Jones,19:55,6,1,2,4,0.5,0,0
20251108,DEN,Jonas Valančiūnas,13:55,6,5,3,6,0.5,0,1
20251108,DEN,Zeke Nnaji,3:14,0,1,0,1,0.0,0,1
20251108,DEN,Hunter Tyson,3:14,0,3,0,2,0.0,0,0
20251108,PHO,Devin Booker,37:34,21,10,9,19,0.421,0,5
20251108,PHO,Grayson Allen,31:12,14,0,3,12,0.417,1,2
20251108,PHO,Mark Williams,28:35,19,6,0,9,0.778,2,2
20251108,PHO,Dillon Brooks,27:43,16,2,3,6,0.667,2,1
20251108,PHO,Jalen Green,6:48,2,1,1,3,0.333,0,0
20251108,PHO,Royce O'Neale,28:49,12,7,5,8,0.5,2,1
20251108,PHO,Collin Gillespie,26:30,13,6,4,13,0.308,0,0
20251108,PHO,Ryan Dunn,19:43,6,4,1,5,0.6,1,0
20251108,PHO,Nick Richards,15:16,4,5,0,3,0.667,0,1
20251108,PHO,Jordan Goodwin,13:41,7,1,2,5,0.4,1,0
20251108,PHO,Oso Ighodaro,4:09,0,0,2,0,,0,0
20251108,LAC,James Harden,40:37,13,0,13,15,0.267,0,3
20251108,LAC,Ivica Zubac,35:07,21,15,4,12,0.833,0,3
20251108,LAC,Kris Dunn,33:13,6,2,3,5,0.6,2,2
20251108,LAC,Derrick Jones Jr.,27:12,7,0,1,7,0.286,0,0
20251108,LAC,Bradley Beal,19:37,12,0,3,9,0.444,1,1
20251108,LAC,John Collins,28:23,19,4,2,12,0.667,1,0
20251108,LAC,Nicolas Batum,25:27,9,3,0,7,0.429,1,2
20251108,LAC,Cam Christie,17:31,8,3,0,5,0.6,0,0
20251108,LAC,Brook Lopez,12:53,8,0,0,5,0.8,0,0
20251109,HOU,Alperen Şengün,39:40,23,11,7,15,0.667,0,5
20251109,HOU,Amen Thompson,37:29,14,8,5,13,0.462,3,3
20251109,HOU,Kevin Durant,37:21,31,3,7,15,0.733,0,3
20251109,HOU,Jabari Smith Jr.,31:10,16,9,1,15,0.333,0,2
20251109,HOU,Josh Okogie,17:05,0,1,1,3,0.0,0,0
20251109,HOU,Reed Sheppard,29:12,16,0,2,10,0.6,4,2
20251109,HOU,Steven Adams,22:18,12,6,1,7,0.714,0,1
20251109,HOU,Tari Eason,18:56,6,8,0,8,0.375,0,0
20251109,HOU,Clint Capela,6:49,4,4,0,4,0.5,1,1
20251109,MIL,Giannis Antetokounmpo,35:38,37,8,3,25,0.56,0,3
20251109,MIL,Myles Turner,33:43,13,6,1,11,0.545,3,1
20251109,MIL,Ryan Rollins,30:07,19,2,5,12,0.583,1,2
20251109,MIL,Gary Trent Jr.,29:27,9,2,1,6,0.5,2,0
20251109,MIL,A.J. Green,26:26,3,1,4,5,0.2,2,2
20251109,MIL,Kyle Kuzma,29:36,11,1,1,7,0.571,0,0
20251109,MIL,Bobby Portis,23:33,11,1,4,4,1.0,3,1
20251109,MIL,Cole Anthony,17:53,12,5,6,9,0.556,0,4
20251109,MIL,Amir Coffey,13:37,0,1,0,0,,0,0
20251109,OKC,Shai Gilgeous-Alexander,35:19,35,7,6,22,0.5,2,1
20251109,OKC,Cason Wallace,34:12,6,4,1,10,0.2,2,0
20251109,OKC,Ajay Mitchell,31:57,21,6,4,15,0.533,3,0
20251109,OKC,Isaiah Hartenstein,30:17,18,13,2,11,0.727,0,3
20251109,OKC,Chet Holmgren,30:08,21,7,2,14,0.571,1,0
20251109,OKC,Isaiah Joe,21:22,8,2,0,10,0.3,0,0
20251109,OKC,Alex Caruso,20:59,5,4,2,6,0.167,1,2
20251109,OKC,Jaylin Williams,16:45,0,3,1,5,0.0,0,0
20251109,OKC,Ousmane Dieng,7:09,0,1,0,1,0.0,1,0
20251109,OKC,Brooks Barnhizer,7:02,0,4,1,1,0.0,0,0
20251109,OKC,Chris Youngblood,4:50,0,0,0,0,,0,0
20251109,MEM,Ja Morant,33:37,11,3,8,18,0.167,1,3
20251109,MEM,Jaren Jackson Jr.,28:36,17,7,2,16,0.375,0,1
20251109,MEM,Jock Landale,27:35,10,5,3,7,0.571,0,0
20251109,MEM,Kentavious Caldwell-Pope,23:09,9,4,3,8,0.5,1,1
20251109,MEM,Jaylen Wells,22:53,12,1,2,10,0.5,0,2
20251109,MEM,Santi Aldama,29:33,12,9,4,10,0.5,1,4
20251109,MEM,Cedric Coward,28:53,13,10,4,12,0.333,0,0
20251109,MEM,Cam Spencer,20:07,9,1,1,6,0.333,0,1
20251109,MEM,Vince Williams Jr.,14:23,3,6,0,3,0.333,0,1
20251109,MEM,John Konchar,8:56,3,3,3,1,1.0,0,1
20251109,MEM,GG Jackson II,0:58,1,1,0,0,,0,0
20251109,MEM,Olivier-Maxence Prosper,0:58,0,0,0,0,,0,0
20251109,MEM,PJ Hall,0:22,0,0,0,0,,0,0
20251109,BRK,Michael Porter Jr.,25:52,25,4,0,18,0.5,1,2
20251109,BRK,Egor Dёmin,25:28,10,4,3,6,0.667,0,3
20251109,BRK,Noah Clowney,22:27,4,1,2,9,0.111,0,0
20251109,BRK,Nic Claxton,22:00,12,5,5,4,0.75,0,2
20251109,BRK,Terance Mann,17:44,0,1,4,2,0.0,0,1
20251109,BRK,Ziaire Williams,28:21,13,3,1,8,0.625,1,2
20251109,BRK,Tyrese Martin,24:51,5,8,2,10,0.2,0,2
20251109,BRK,Drake Powell,22:31,15,2,3,8,0.625,1,3
20251109,BRK,Jalen Wilson,20:16,0,3,0,8,0.0,1,2
20251109,BRK,Day'Ron Sharpe,12:11,10,6,1,3,1.0,1,2
20251109,BRK,Tyson Etienne,10:14,0,0,0,4,0.0,0,0
20251109,BRK,E.J. Liddell,8:05,4,1,0,2,0.5,0,0
20251109,NYK,Jalen Brunson,28:47,19,0,7,14,0.429,0,4
20251109,NYK,Karl-Anthony Towns,28:20,28,12,2,17,0.588,2,2
20251109,NYK,Mikal Bridges,27:41,16,1,5,8,0.75,0,0
20251109,NYK,OG Anunoby,27:06,19,8,3,11,0.545,1,1
20251109,NYK,Mitchell Robinson,16:36,8,8,0,4,1.0,2,0
20251109,NYK,Landry Shamet,21:18,8,1,3,5,0.4,0,0
20251109,NYK,Josh Hart,21:06,11,7,2,7,0.714,1,1
20251109,NYK,Jordan Clarkson,18:07,11,2,3,8,0.625,2,1
20251109,NYK,Miles McBride,16:12,0,2,3,4,0.0,1,2
20251109,NYK,Guerschon Yabusele,10:25,5,2,0,6,0.167,0,0
20251109,NYK,Ariel Hukporti,8:05,2,2,0,1,1.0,0,3
20251109,NYK,Pacôme Dadiet,5:53,2,1,0,2,0.0,0,0
20251109,NYK,Mohamed Diawara,5:13,5,0,0,2,1.0,0,0
20251109,NYK,Tyler Kolek,5:13,0,0,3,0,,0,0
20251109,BOS,Derrick White,36:26,21,3,4,18,0.389,3,2
20251109,BOS,Jaylen Brown,33:36,27,5,1,24,0.417,1,4
20251109,BOS,Payton Pritchard,33:02,5,5,5,8,0.25,0,3
20251109,BOS,Neemias Queta,25:43,8,6,0,6,0.5,0,1
20251109,BOS,Josh Minott,15:58,0,2,1,2,0.0,1,0
20251109,BOS,Jordan Walsh,25:33,6,6,4,3,0.667,2,0
20251109,BOS,Anfernee Simons,22:41,25,1,3,13,0.615,0,2
20251109,BOS,Sam Hauser,17:23,0,4,0,2,0.0,0,0
20251109,BOS,Luka Garza,17:02,16,8,3,8,0.875,1,1
20251109,BOS,Hugo González,12:36,3,1,1,1,1.0,2,1
20251109,ORL,Franz Wagner,37:11,20,9,3,17,0.294,2,2
20251109,ORL,Desmond Bane,35:20,9,5,6,9,0.444,0,1
20251109,ORL,Paolo Banchero,34:38,28,6,4,16,0.563,0,6
20251109,ORL,Wendell Carter Jr.,31:45,12,4,1,10,0.4,1,3
20251109,ORL,Jalen Suggs,28:39,20,8,4,8,0.75,3,3
20251109,ORL,Tristan Da Silva,22:58,12,5,0,9,0.444,0,0
20251109,ORL,Anthony Black,19:45,4,3,0,6,0.333,1,1
20251109,ORL,Goga Bitadze,14:53,2,2,1,2,0.5,1,0
20251109,ORL,Tyus Jones,10:14,0,0,2,0,,0,1
20251109,ORL,Jonathan Isaac,4:27,0,0,0,1,0.0,0,0
20251109,ORL,Noah Penda,0:10,0,0,0,0,,0,0
20251109,DET,Cade Cunningham,40:37,26,4,11,20,0.45,1,5
20251109,DET,Jalen Duren,37:23,21,16,1,11,0.727,2,3
20251109,DET,Ausar Thompson,33:54,14,5,4,10,0.6,3,2
20251109,DET,Ron Holland,33:11,9,4,1,15,0.2,2,1
20251109,DET,Duncan Robinson,30:00,17,1,1,11,0.455,3,0
20251109,DET,Javonte Green,28:13,6,2,2,5,0.4,1,2
20251109,DET,Caris LeVert,20:29,14,0,3,6,0.667,0,1
20251109,DET,Paul Reed,10:37,4,5,0,3,0.667,0,0
20251109,DET,Bobi Klintman,5:36,0,0,0,1,0.0,0,1
20251109,PHI,Tyrese Maxey,38:08,33,4,7,26,0.385,2,3
20251109,PHI,Kelly Oubre Jr.,36:19,13,5,3,13,0.385,0,3
20251109,PHI,Andre Drummond,34:34,17,12,2,9,0.667,1,0
20251109,PHI,VJ Edgecombe,31:41,11,6,2,9,0.333,1,5
20251109,PHI,Trendon Watford,24:50,7,3,2,8,0.375,1,2
20251109,PHI,Quentin Grimes,29:42,13,5,4,8,0.5,1,3
20251109,PHI,Jabari Walker,17:30,12,5,0,6,0.833,0,2
20251109,PHI,Adem Bona,12:29,2,4,0,1,0.0,1,0
20251109,PHI,Jared McCain,8:51,0,0,1,3,0.0,1,0
20251109,PHI,Eric Gordon,5:56,0,0,1,1,0.0,0,1
20251109,IND,Jarace Walker,31:33,12,2,0,14,0.286,0,6
20251109,IND,Andrew Nembhard,29:44,14,2,9,16,0.313,2,2
20251109,IND,Ben Sheppard,26:54,3,4,0,10,0.1,0,0
20251109,IND,Jay Huff,21:38,12,11,2,11,0.455,0,1
20251109,IND,Isaiah Jackson,21:01,12,6,1,9,0.667,0,2
20251109,IND,Jeremiah Robinson-Earl,32:02,9,12,1,11,0.273,2,1
20251109,IND,Cody Martin,27:40,2,6,2,5,0.2,3,4
20251109,IND,Monte Morris,20:18,8,2,4,5,0.6,0,0
20251109,IND,Tony Bradley,16:18,6,6,1,6,0.333,0,0
20251109,IND,RayJ Dennis,6:26,5,1,0,4,0.5,0,3
20251109,IND,Taelon Peter,6:26,0,1,1,3,0.0,0,1
20251109,GSW,Brandin Podziemski,31:40,14,6,1,11,0.364,2,2
20251109,GSW,Jimmy Butler,30:06,21,9,7,15,0.667,2,1
20251109,GSW,Draymond Green,24:39,3,2,3,3,0.333,0,4
20251109,GSW,Quinten Post,24:03,14,8,2,10,0.4,1,0
20251109,GSW,Jonathan Kuminga,20:22,5,8,2,9,0.111,0,1
20251109,GSW,Moses Moody,22:59,13,3,1,11,0.364,2,0
20251109,GSW,Buddy Hield,19:46,8,4,2,7,0.429,1,0
20251109,GSW,Will Richard,19:29,15,3,1,8,0.5,1,0
20251109,GSW,Al Horford,18:02,12,4,1,6,0.667,0,2
20251109,GSW,Pat Spencer,16:11,2,0,2,3,0.0,1,0
20251109,GSW,Trayce Jackson-Davis,5:00,4,0,0,2,1.0,0,0
20251109,GSW,Gui Santos,3:52,3,2,0,3,0.333,0,0
20251109,GSW,Gary Payton II,3:52,0,1,0,0,,1,0
20251109,MIN,Rudy Gobert,33:46,19,12,1,10,0.9,1,1
20251109,MIN,Anthony Edwards,29:39,26,4,5,16,0.438,2,2
20251109,MIN,Donte DiVincenzo,28:21,8,4,4,7,0.286,2,0
20251109,MIN,Julius Randle,26:28,19,6,4,16,0.5,1,1
20251109,MIN,Jaden McDaniels,26:10,21,5,3,10,0.8,0,2
20251109,MIN,Naz Reid,25:14,13,4,2,14,0.357,2,1
20251109,MIN,Mike Conley,17:33,6,3,3,3,0.667,1,0
20251109,MIN,Rob Dillingham,15:36,11,0,3,8,0.375,0,2
20251109,MIN,Jaylen Clark,15:27,11,2,1,4,0.75,0,1
20251109,MIN,Bones Hyland,6:18,4,1,0,3,0.667,1,0
20251109,MIN,Joan Beringer,5:36,2,0,0,1,1.0,1,0
20251109,MIN,Johnny Juzang,4:56,2,2,1,3,0.333,0,0
20251109,MIN,Leonard Miller,4:56,2,1,1,2,0.5,0,0
20251109,SAC,Domantas Sabonis,29:50,20,13,3,17,0.294,1,3
20251109,SAC,Zach LaVine,29:36,26,4,2,17,0.588,1,1
20251109,SAC,Precious Achiuwa,29:13,12,10,0,7,0.714,0,1
20251109,SAC,DeMar DeRozan,28:57,22,3,2,11,0.636,1,2
20251109,SAC,Dennis Schröder,28:29,3,3,2,6,0.167,1,1
20251109,SAC,Nique Clifford,22:39,10,5,5,7,0.571,1,3
20251109,SAC,Malik Monk,19:36,2,0,5,7,0.143,0,0
20251109,SAC,Russell Westbrook,15:54,6,0,1,7,0.286,1,2
20251109,SAC,Drew Eubanks,13:23,6,1,1,4,0.5,1,1
20251109,SAC,Keon Ellis,12:00,5,3,2,4,0.25,0,0
20251109,SAC,Devin Carter,5:36,0,1,2,1,0.0,1,2
20251109,SAC,Maxime Raynaud,4:47,5,0,0,2,1.0,0,0
20251110,LAL,Luka Dončić,38:25,38,6,7,28,0.5,1,2
20251110,LAL,Marcus Smart,36:35,13,4,5,9,0.444,7,3
20251110,LAL,Rui Hachimura,35:36,21,3,2,12,0.75,1,1
20251110,LAL,Deandre Ayton,32:57,14,6,0,10,0.7,0,3
20251110,LAL,Austin Reaves,29:25,24,5,7,17,0.412,2,1
20251110,LAL,Jake LaRavia,24:52,6,1,3,8,0.25,1,0
20251110,LAL,Jarred Vanderbilt,16:10,0,1,1,0,,0,1
20251110,LAL,Jaxson Hayes,14:53,2,5,0,2,0.5,0,0
20251110,LAL,Dalton Knecht,11:07,3,5,0,4,0.25,0,0
20251110,CHO,Miles Bridges,40:01,34,8,5,19,0.579,1,2
20251110,CHO,Kon Knueppel,38:04,19,10,9,11,0.545,1,3
20251110,CHO,Collin Sexton,25:33,13,0,3,9,0.444,1,4
20251110,CHO,Sion James,24:34,7,1,1,5,0.4,0,2
20251110,CHO,Ryan Kalkbrenner,19:16,9,4,0,4,0.75,0,4
20251110,CHO,Moussa Diabaté,28:44,8,3,1,4,1.0,2,0
20251110,CHO,KJ Simpson,20:06,8,3,4,6,0.5,0,3
20251110,CHO,Tre Mann,18:04,6,2,5,6,0.333,0,2
20251110,CHO,Liam McNeeley,17:39,7,1,0,7,0.286,0,1
20251110,CHO,Pat Connaughton,7:59,0,5,0,0,,1,1
20251110,WAS,CJ McCollum,42:51,42,6,4,25,0.56,1,4
20251110,WAS,Alex Sarr,37:19,15,15,2,16,0.438,1,3
20251110,WAS,Kyshawn George,29:14,14,4,6,10,0.5,0,3
20251110,WAS,Khris Middleton,26:28,6,3,2,10,0.3,3,2
20251110,WAS,Tre Johnson,23:15,10,4,3,7,0.571,0,1
20251110,WAS,Bub Carrington,34:45,11,7,5,7,0.571,0,3
20251110,WAS,Cam Whitmore,29:19,20,2,1,11,0.545,2,1
20251110,WAS,Corey Kispert,22:52,8,3,2,3,1.0,0,0
20251110,WAS,Marvin Bagley III,15:39,9,2,1,6,0.667,3,3
20251110,WAS,Justin Champagnie,2:51,0,0,0,0,,0,0
20251110,WAS,Malaki Branham,0:27,0,0,0,0,,0,0
20251110,DET,Cade Cunningham,44:35,46,12,11,45,0.311,5,2
20251110,DET,Jalen Duren,39:49,19,14,3,10,0.6,2,5
20251110,DET,Javonte Green,38:02,11,11,3,11,0.364,1,2
20251110,DET,Duncan Robinson,37:50,13,3,2,11,0.455,1,0
20251110,DET,Ron Holland,23:39,5,1,1,4,0.25,1,2
20251110,DET,Daniss Jenkins,33:59,24,8,3,17,0.529,4,2
20251110,DET,Chaz Lanier,26:31,8,3,2,7,0.429,1,0
20251110,DET,Paul Reed,13:29,8,9,0,5,0.8,1,0
20251110,DET,Bobi Klintman,7:06,3,2,2,4,0.25,0,1
20251110,POR,Jrue Holiday,35:39,13,7,7,14,0.429,2,3
20251110,POR,Deni Avdija,35:07,27,5,5,18,0.389,0,2
20251110,POR,Toumani Camara,33:51,8,5,3,9,0.333,1,1
20251110,POR,Donovan Clingan,29:16,2,9,0,5,0.2,0,0
20251110,POR,Shaedon Sharpe,28:40,31,3,1,18,0.667,0,1
20251110,POR,Jerami Grant,30:46,17,1,4,17,0.353,0,1
20251110,POR,Kris Murray,18:33,3,2,1,4,0.25,1,0
20251110,POR,Robert Williams,14:27,7,4,0,4,0.75,1,0
20251110,POR,Sidy Cissoko,9:51,4,2,1,1,1.0,0,0
20251110,POR,Duop Reath,3:50,0,0,0,0,,0,0
20251110,ORL,Franz Wagner,36:26,19,9,6,10,0.5,1,2
20251110,ORL,Paolo Banchero,34:49,28,9,3,18,0.556,1,2
20251110,ORL,Desmond Bane,33:12,22,3,7,19,0.474,0,3
20251110,ORL,Anthony Black,32:25,8,4,2,8,0.25,1,2
20251110,ORL,Wendell Carter Jr.,29:41,19,9,5,12,0.667,0,4
20251110,ORL,Jett Howard,19:08,3,2,2,5,0.2,0,0
20251110,ORL,Goga Bitadze,17:48,7,5,1,3,0.333,1,0
20251110,ORL,Tristan Da Silva,17:14,2,3,0,6,0.167,0,0
20251110,ORL,Jonathan Isaac,13:44,7,6,0,5,0.4,2,0
20251110,ORL,Tyus Jones,5:33,0,0,0,1,0.0,0,0
20251110,CLE,Donovan Mitchell,40:55,28,15,8,28,0.357,1,1
20251110,CLE,Evan Mobley,38:43,21,10,5,15,0.533,0,2
20251110,CLE,De'Andre Hunter,35:16,23,4,4,19,0.474,1,1
20251110,CLE,Jarrett Allen,20:53,14,7,2,9,0.667,0,3
20251110,CLE,Darius Garland,18:57,11,5,2,9,0.222,2,0
20251110,CLE,Sam Merrill,32:38,12,2,2,16,0.25,0,0
20251110,CLE,Jaylon Tyson,31:05,9,9,1,10,0.3,3,0
20251110,CLE,Dean Wade,21:37,9,3,0,5,0.6,0,0
20251110,CLE,Lonzo Ball,19:31,9,4,2,7,0.429,1,0
20251110,CLE,Craig Porter Jr.,5:25,2,1,0,2,0.5,0,0
20251110,MIA,Norman Powell,38:34,33,2,2,19,0.421,1,1
20251110,MIA,Davion Mitchell,38:12,11,2,8,9,0.444,1,5
20251110,MIA,Andrew Wiggins,37:26,23,2,5,13,0.615,1,2
20251110,MIA,Kel'el Ware,33:38,14,20,1,14,0.5,1,0
20251110,MIA,Pelle Larsson,26:29,10,5,4,8,0.5,0,3
20251110,MIA,Jaime Jaquez Jr.,33:20,22,13,7,12,0.583,1,2
20251110,MIA,Nikola Jović,26:18,8,8,4,10,0.3,0,1
20251110,MIA,Simone Fontecchio,16:15,13,4,0,9,0.444,0,0
20251110,MIA,Dru Smith,14:48,6,0,1,4,0.25,0,0
20251110,SAS,De'Aaron Fox,36:48,21,4,5,14,0.571,0,6
20251110,SAS,Victor Wembanyama,35:55,38,12,5,19,0.579,1,3
20251110,SAS,Stephon Castle,31:46,19,5,11,18,0.444,3,1
20251110,SAS,Harrison Barnes,27:56,7,3,2,4,0.5,1,1
20251110,SAS,Devin Vassell,21:11,4,4,0,4,0.5,0,0
20251110,SAS,Julian Champagnie,22:16,0,2,1,5,0.0,3,3
20251110,SAS,Luke Kornet,20:08,16,7,2,6,1.0,0,0
20251110,SAS,Keldon Johnson,19:19,10,7,1,9,0.556,1,1
20251110,SAS,Jeremy Sochan,10:09,1,1,0,1,0.0,1,0
20251110,SAS,Lindy Waters III,7:02,3,1,1,3,0.333,0,0
20251110,SAS,Carter Bryant,3:45,2,1,0,3,0.333,0,0
20251110,SAS,Kelly Olynyk,3:45,0,0,2,0,,0,0
20251110,CHI,Kevin Huerter,33:29,23,5,5,14,0.571,0,1
20251110,CHI,Tre Jones,33:13,20,7,7,15,0.533,2,1
20251110,CHI,Nikola Vučević,28:36,11,8,6,14,0.286,0,1
20251110,CHI,Matas Buzelis,24:45,15,5,0,9,0.556,1,1
20251110,CHI,Isaac Okoro,20:49,2,2,3,5,0.0,0,2
20251110,CHI,Ayo Dosunmu,33:00,20,2,5,12,0.5,2,1
20251110,CHI,Patrick Williams,25:15,5,2,0,6,0.333,4,3
20251110,CHI,Jalen Smith,21:21,11,12,2,13,0.385,0,1
20251110,CHI,Julian Phillips,9:03,0,1,0,1,0.0,1,1
20251110,CHI,Jevon Carter,8:03,6,1,1,3,0.667,0,0
20251110,CHI,Dalen Terry,2:26,4,0,0,1,1.0,0,0
20251110,MIL,Giannis Antetokounmpo,37:23,30,8,6,18,0.611,1,5
20251110,MIL,Ryan Rollins,32:43,13,4,8,13,0.385,2,1
20251110,MIL,Myles Turner,27:52,14,7,2,12,0.25,1,1
20251110,MIL,A.J. Green,27:10,13,5,2,9,0.444,1,0
20251110,MIL,Gary Trent Jr.,26:56,3,2,1,4,0.25,1,1
20251110,MIL,Kyle Kuzma,31:37,26,5,2,17,0.588,1,0
20251110,MIL,Bobby Portis,27:19,13,7,0,8,0.625,0,0
20251110,MIL,Cole Anthony,16:45,4,5,3,7,0.286,1,4
20251110,MIL,Amir Coffey,10:10,0,1,0,2,0.0,0,0
20251110,MIL,Gary Harris,2:05,0,0,0,1,0.0,1,1
20251110,DAL,Cooper Flagg,34:45,26,9,4,15,0.6,2,1
20251110,DAL,Brandon Williams,33:10,19,6,3,12,0.333,1,4
20251110,DAL,Max Christie,30:24,13,5,3,12,0.417,0,1
20251110,DAL,Daniel Gafford,23:23,7,8,3,8,0.25,1,1
20251110,DAL,P.J. Washington,22:28,16,7,1,11,0.364,1,3
20251110,DAL,Naji Marshall,25:09,9,5,3,8,0.5,1,1
20251110,DAL,Moussa Cisse,19:41,7,4,0,4,0.75,0,0
20251110,DAL,Klay Thompson,16:45,6,2,3,7,0.286,0,0
20251110,DAL,D'Angelo Russell,16:17,7,3,3,6,0.333,1,1
20251110,DAL,Caleb Martin,9:25,2,2,2,2,0.5,1,0
20251110,DAL,Jaden Hardy,4:35,2,1,0,3,0.333,0,2
20251110,DAL,Dwight Powell,3:58,0,0,0,1,0.0,0,0
20251110,NOP,Trey Murphy III,32:53,21,10,4,14,0.429,2,6
20251110,NOP,Jeremiah Fears,30:41,15,2,1,13,0.308,2,5
20251110,NOP,Saddiq Bey,29:05,15,7,0,14,0.429,1,0
20251110,NOP,Herbert Jones,28:33,7,2,4,7,0.429,1,1
20251110,NOP,Kevon Looney,16:19,2,6,2,4,0.25,1,0
20251110,NOP,Derik Queen,24:58,12,6,1,10,0.5,2,3
20251110,NOP,Jose Alvarado,23:22,8,3,4,6,0.333,2,1
20251110,NOP,Karlo Matković,16:43,11,2,2,5,0.8,0,0
20251110,NOP,Micah Peavy,16:09,4,1,0,5,0.4,0,1
20251110,NOP,Jordan Hawkins,16:00,1,1,0,3,0.0,0,1
20251110,NOP,Bryce McGowens,5:17,2,0,0,2,0.5,1,1
20251110,PHO,Grayson Allen,27:31,42,2,4,17,0.706,3,1
20251110,PHO,Devin Booker,26:35,19,0,3,13,0.615,1,3
20251110,PHO,Dillon Brooks,25:37,18,5,0,13,0.308,1,3
20251110,PHO,Royce O'Neale,23:06,14,5,2,9,0.556,1,1
20251110,PHO,Mark Williams,20:14,2,7,1,1,0.0,1,0
20251110,PHO,Ryan Dunn,23:34,2,4,3,3,0.333,0,3
20251110,PHO,Jordan Goodwin,23:08,4,5,4,6,0.333,3,1
20251110,PHO,Oso Ighodaro,19:10,2,5,4,2,0.5,0,2
20251110,PHO,Collin Gillespie,13:23,6,1,5,5,0.4,1,2
20251110,PHO,Isaiah Livers,11:15,3,1,2,2,0.5,0,0
20251110,PHO,Rasheer Fleming,8:40,5,0,0,3,0.667,0,0
20251110,PHO,Nick Richards,8:23,2,5,1,0,,0,0
20251110,PHO,Nigel Hayes-Davis,4:56,2,1,0,3,0.333,1,0
20251110,PHO,Khaman Maluach,4:28,0,2,0,1,0.0,0,2
20251110,MIN,Anthony Edwards,38:00,35,6,6,25,0.52,0,1
20251110,MIN,Donte DiVincenzo,37:28,14,1,2,11,0.364,1,1
20251110,MIN,Jaden McDaniels,34:49,16,6,3,13,0.462,2,1
20251110,MIN,Julius Randle,34:08,27,8,7,16,0.438,3,2
20251110,MIN,Rudy Gobert,33:35,14,12,1,8,0.875,0,2
20251110,MIN,Naz Reid,28:02,7,5,3,10,0.3,1,0
20251110,MIN,Mike Conley,17:33,5,2,2,3,0.333,0,2
20251110,MIN,Jaylen Clark,12:35,2,1,0,2,0.5,1,1
20251110,MIN,Rob Dillingham,3:50,0,1,1,1,0.0,0,0
20251110,UTA,Keyonte George,36:03,27,6,6,18,0.5,0,3
20251110,UTA,Lauri Markkanen,34:47,21,8,3,15,0.4,1,1
20251110,UTA,Svi Mykhailiuk,28:20,11,3,2,13,0.308,0,1
20251110,UTA,Ace Bailey,27:32,10,7,2,9,0.444,3,2
20251110,UTA,Jusuf Nurkić,25:23,6,10,3,11,0.182,1,1
20251110,UTA,Kyle Filipowski,26:29,7,3,3,6,0.333,0,2
20251110,UTA,Walter Clayton,17:46,6,3,2,8,0.25,0,1
20251110,UTA,Kevin Love,16:42,10,3,1,6,0.5,0,1
20251110,UTA,Isaiah Collier,15:47,5,3,7,3,0.667,0,2
20251110,UTA,Brice Sensabaugh,11:11,10,4,1,6,0.667,0,1
20251110,ATL,Dyson Daniels,38:39,6,3,8,9,0.333,3,4
20251110,ATL,Jalen Johnson,34:45,16,10,8,16,0.438,1,1
20251110,ATL,Zaccharie Risacher,31:00,11,5,0,11,0.364,1,2
20251110,ATL,Kristaps Porziņģis,26:22,20,3,4,12,0.417,0,0
20251110,ATL,Keaton Wallace,24:18,5,4,1,3,0.667,0,1
20251110,ATL,Vít Krejčí,30:00,28,3,2,13,0.692,0,0
20251110,ATL,Onyeka Okongwu,26:25,10,6,3,10,0.4,0,1
20251110,ATL,Luke Kennard,20:04,7,4,2,9,0.333,1,1
20251110,ATL,Mouhamed Gueye,8:28,2,3,2,1,1.0,1,1
20251110,LAC,James Harden,38:45,35,10,11,23,0.522,0,6
20251110,LAC,Kris Dunn,36:24,11,2,0,10,0.5,2,0
20251110,LAC,Derrick Jones Jr.,33:18,11,2,2,8,0.375,2,0
20251110,LAC,John Collins,31:22,9,7,0,11,0.273,1,0
20251110,LAC,Ivica Zubac,30:07,13,12,1,10,0.6,0,2
20251110,LAC,Nicolas Batum,19:33,2,4,0,5,0.2,1,0
20251110,LAC,Cam Christie,18:22,3,3,3,7,0.143,1,0
20251110,LAC,Brook Lopez,16:37,9,0,2,5,0.4,0,3
20251110,LAC,Kobe Brown,15:32,9,2,0,3,1.0,0,0
20251111,TOR,Brandon Ingram,32:42,25,5,4,17,0.471,1,0
20251111,TOR,Immanuel Quickley,31:40,24,8,5,17,0.588,2,1
20251111,TOR,Scottie Barnes,30:38,15,11,5,9,0.667,1,2
20251111,TOR,Jakob Poeltl,29:36,12,10,2,6,0.833,1,0
20251111,TOR,RJ Barrett,28:31,13,4,6,21,0.286,0,1
20251111,TOR,Gradey Dick,19:47,6,3,2,7,0.429,0,1
20251111,TOR,Collin Murray-Boyles,19:36,9,4,1,2,1.0,0,0
20251111,TOR,Jamal Shead,17:47,6,1,5,4,0.5,0,2
20251111,TOR,Ja'Kobe Walter,15:08,6,1,0,6,0.333,0,1
20251111,TOR,Jamison Battle,13:06,3,3,1,2,0.5,0,0
20251111,TOR,Jonathan Mogbo,1:29,0,0,0,0,,0,0
20251111,BRK,Michael Porter Jr.,35:41,21,6,3,14,0.357,0,3
20251111,BRK,Nic Claxton,35:28,21,8,4,14,0.571,2,2
20251111,BRK,Noah Clowney,34:42,18,8,3,9,0.444,2,4
20251111,BRK,Terance Mann,32:28,9,3,4,8,0.375,0,1
20251111,BRK,Egor Dёmin,27:31,16,4,5,11,0.455,1,1
20251111,BRK,Drake Powell,21:31,6,1,3,6,0.333,2,1
20251111,BRK,Ziaire Williams,17:00,2,2,0,8,0.0,0,0
20251111,BRK,Jalen Wilson,15:35,9,1,0,7,0.429,0,0
20251111,BRK,Tyrese Martin,13:34,0,1,1,1,0.0,0,0
20251111,BRK,Tyson Etienne,2:10,3,0,0,2,0.5,0,0
20251111,BRK,Ben Saraf,2:10,2,1,1,1,1.0,0,0
20251111,BRK,Danny Wolf,2:10,2,1,0,0,,0,0
20251111,MEM,Ja Morant,33:32,16,3,10,14,0.286,0,8
20251111,MEM,Jaren Jackson Jr.,29:40,19,6,3,14,0.5,0,5
20251111,MEM,Jaylen Wells,29:09,18,3,4,11,0.636,2,1
20251111,MEM,Jock Landale,25:51,8,8,1,7,0.571,0,1
20251111,MEM,Kentavious Caldwell-Pope,15:12,4,2,0,3,0.667,2,0
20251111,MEM,Cedric Coward,30:11,11,3,5,10,0.3,2,2
20251111,MEM,Santi Aldama,30:09,19,7,3,10,0.8,0,0
20251111,MEM,Vince Williams Jr.,24:17,14,9,6,7,0.571,0,5
20251111,MEM,Cam Spencer,18:47,11,2,4,8,0.5,1,0
20251111,MEM,John Konchar,3:12,0,1,0,0,,0,0
20251111,NYK,Mikal Bridges,38:03,22,7,5,17,0.471,4,0
20251111,NYK,Jalen Brunson,36:08,32,5,10,19,0.579,0,6
20251111,NYK,OG Anunoby,35:34,16,4,3,17,0.412,2,4
20251111,NYK,Karl-Anthony Towns,31:40,21,13,4,17,0.412,3,2
20251111,NYK,Landry Shamet,20:52,10,1,0,5,0.6,1,0
20251111,NYK,Josh Hart,30:19,8,4,8,7,0.286,2,1
20251111,NYK,Jordan Clarkson,16:46,13,3,2,7,0.714,0,1
20251111,NYK,Miles McBride,15:39,9,1,2,6,0.5,0,0
20251111,NYK,Guerschon Yabusele,14:59,2,6,1,3,0.333,0,0
20251111,GSW,Jonathan Kuminga,23:43,13,3,4,9,0.667,0,5
20251111,GSW,Jimmy Butler,22:10,12,3,2,3,0.667,3,1
20251111,GSW,Draymond Green,21:55,3,2,4,4,0.25,1,3
20251111,GSW,Stephen Curry,19:59,11,1,0,13,0.308,1,1
20251111,GSW,Quinten Post,16:35,6,3,2,6,0.333,0,1
20251111,GSW,Trayce Jackson-Davis,22:20,6,6,1,4,0.5,0,6
20251111,GSW,Will Richard,22:01,9,0,1,6,0.5,1,0
20251111,GSW,Brandin Podziemski,20:34,10,4,1,6,0.5,3,0
20251111,GSW,Moses Moody,20:06,10,0,0,6,0.5,1,1
20251111,GSW,Gary Payton II,14:58,2,6,3,3,0.333,2,0
20251111,GSW,Pat Spencer,12:00,12,1,1,8,0.375,1,0
20251111,GSW,Gui Santos,12:00,4,3,0,3,0.667,1,0
20251111,GSW,Buddy Hield,11:40,4,0,4,3,0.333,2,2
20251111,OKC,Ajay Mitchell,30:54,17,3,2,13,0.462,1,1
20251111,OKC,Shai Gilgeous-Alexander,28:29,28,5,11,19,0.474,3,2
20251111,OKC,Chet Holmgren,24:39,23,11,2,9,1.0,0,2
20251111,OKC,Cason Wallace,20:45,3,1,2,5,0.2,0,1
20251111,OKC,Isaiah Hartenstein,19:33,8,7,2,5,0.8,0,3
20251111,OKC,Jaylin Williams,30:03,12,6,5,7,0.571,1,2
20251111,OKC,Isaiah Joe,29:07,18,1,1,11,0.364,0,3
20251111,OKC,Ousmane Dieng,20:15,5,1,0,5,0.2,0,2
20251111,OKC,Brooks Barnhizer,15:36,4,3,0,2,0.5,1,0
20251111,OKC,Alex Caruso,15:16,8,2,3,6,0.5,5,3
20251111,OKC,Chris Youngblood,5:24,0,0,1,1,0.0,1,0
20251111,BOS,Jaylen Brown,35:10,24,6,5,18,0.444,0,2
20251111,BOS,Derrick White,35:01,18,5,7,20,0.35,0,2
20251111,BOS,Payton Pritchard,31:23,5,3,3,9,0.222,1,1
20251111,BOS,Neemias Queta,28:40,8,10,2,8,0.5,0,2
20251111,BOS,Josh Minott,8:16,3,1,0,1,1.0,0,0
20251111,BOS,Jordan Walsh,29:18,8,7,1,7,0.429,2,0
20251111,BOS,Anfernee Simons,25:57,17,4,5,15,0.333,0,2
20251111,BOS,Sam Hauser,21:08,3,7,0,5,0.2,0,0
20251111,BOS,Luka Garza,19:20,9,8,0,7,0.429,0,0
20251111,BOS,Hugo González,5:47,5,2,0,2,1.0,1,1
20251111,PHI,VJ Edgecombe,34:39,6,3,3,11,0.182,0,0
20251111,PHI,Tyrese Maxey,33:39,21,5,9,17,0.294,1,0
20251111,PHI,Andre Drummond,33:20,14,13,0,11,0.545,0,0
20251111,PHI,Kelly Oubre Jr.,30:49,12,7,0,11,0.455,0,2
20251111,PHI,Trendon Watford,21:23,7,2,1,10,0.3,0,1
20251111,PHI,Quentin Grimes,27:50,18,6,4,10,0.6,0,4
20251111,PHI,Justin Edwards,26:39,22,3,3,9,0.889,1,1
20251111,PHI,Adem Bona,14:33,2,4,0,1,1.0,0,0
20251111,PHI,Jabari Walker,10:21,0,0,3,2,0.0,0,0
20251111,PHI,Jared McCain,6:48,0,1,1,2,0.0,0,1
20251111,IND,Pascal Siakam,35:05,27,5,4,16,0.563,0,2
20251111,IND,Aaron Nesmith,31:53,17,4,7,14,0.357,1,0
20251111,IND,Andrew Nembhard,29:31,25,2,7,15,0.6,0,1
20251111,IND,Jeremiah Robinson-Earl,21:45,6,4,3,4,0.5,1,0
20251111,IND,Tony Bradley,19:38,8,1,2,6,0.667,0,0
20251111,IND,Isaiah Jackson,22:37,12,10,2,9,0.667,2,1
20251111,IND,Jarace Walker,22:07,11,1,0,8,0.125,1,3
20251111,IND,Ben Sheppard,17:02,4,2,0,5,0.4,1,0
20251111,IND,Monte Morris,12:23,2,1,3,5,0.2,0,1
20251111,IND,T.J. McConnell,11:26,12,1,1,12,0.5,0,0
20251111,IND,Jay Huff,11:08,3,3,0,5,0.2,0,0
20251111,IND,Cody Martin,5:25,1,1,0,0,,0,0
20251111,UTA,Lauri Markkanen,34:34,35,3,2,19,0.684,0,0
20251111,UTA,Jusuf Nurkić,30:44,11,11,4,6,0.5,0,3
20251111,UTA,Svi Mykhailiuk,27:17,20,4,4,10,0.8,0,1
20251111,UTA,Keyonte George,26:44,10,5,7,12,0.25,0,3
20251111,UTA,Ace Bailey,25:35,20,4,1,13,0.538,0,1
20251111,UTA,Isaiah Collier,26:55,14,6,11,6,0.833,0,2
20251111,UTA,Kyle Filipowski,20:12,16,7,3,8,0.5,0,1
20251111,UTA,Cody Williams,18:38,2,1,2,4,0.25,1,0
20251111,UTA,Brice Sensabaugh,15:58,16,4,1,11,0.545,2,1
20251111,UTA,Walter Clayton,12:09,8,0,3,3,0.333,0,2
20251111,UTA,Elijah Harkless,1:14,0,0,0,0,,0,0
20251111,DEN,Jamal Murray,37:08,23,3,8,15,0.467,0,3
20251111,DEN,Nikola Jokić,32:47,35,15,7,19,0.842,2,3
20251111,DEN,Aaron Gordon,30:09,17,7,3,11,0.455,0,2
20251111,DEN,Christian Braun,29:42,12,1,1,7,0.571,1,0
20251111,DEN,Cameron Johnson,22:17,5,2,2,6,0.333,0,1
20251111,DEN,Bruce Brown,27:17,14,7,1,8,0.625,2,0
20251111,DEN,Tim Hardaway Jr.,24:06,6,2,1,8,0.25,0,0
20251111,DEN,Peyton Watson,18:17,0,3,0,3,0.0,1,1
20251111,DEN,Jonas Valančiūnas,15:13,10,7,1,8,0.375,0,2
20251111,DEN,Julian Strawther,3:04,0,1,0,1,0.0,0,0
20251111,SAC,Zach LaVine,34:33,12,4,3,12,0.417,0,1
20251111,SAC,DeMar DeRozan,30:59,18,1,2,15,0.467,1,0
20251111,SAC,Domantas Sabonis,25:36,19,8,4,12,0.667,0,0
20251111,SAC,Dennis Schröder,20:50,0,0,3,3,0.0,0,3
20251111,SAC,Precious Achiuwa,17:58,6,3,3,5,0.6,1,1
20251111,SAC,Russell Westbrook,31:02,14,8,11,12,0.25,0,2
20251111,SAC,Malik Monk,28:29,12,1,2,12,0.417,1,1
20251111,SAC,Drew Eubanks,22:15,19,7,1,9,0.889,0,1
20251111,SAC,Keon Ellis,14:21,3,0,0,1,1.0,1,0
20251111,SAC,Nique Clifford,13:57,5,3,2,4,0.25,0,1
20251112,MIL,Ryan Rollins,31:46,25,5,6,15,0.667,1,2
20251112,MIL,Kyle Kuzma,29:44,8,3,4,12,0.25,1,1
20251112,MIL,Gary Trent Jr.,29:17,2,0,4,5,0.2,1,1
20251112,MIL,Myles Turner,28:51,21,3,2,14,0.5,2,1
20251112,MIL,A.J. Green,26:51,3,3,2,4,0.25,0,0
20251112,MIL,Bobby Portis,23:11,14,8,1,12,0.583,0,2
20251112,MIL,Jericho Sims,17:59,2,7,2,2,0.5,0,1
20251112,MIL,Cole Anthony,15:00,4,2,3,12,0.167,0,0
20251112,MIL,Amir Coffey,11:38,2,1,0,3,0.333,0,0
20251112,MIL,Mark Sears,5:52,7,0,1,3,0.667,0,1
20251112,MIL,Gary Harris,5:41,0,0,1,0,,1,0
20251112,MIL,Andre Jackson Jr.,5:41,0,1,3,0,,0,0
20251112,MIL,Pete Nance,4:19,10,1,0,5,0.8,0,0
20251112,MIL,Thanasis Antetokounmpo,4:10,2,0,0,1,1.0,0,0
20251112,CHO,Kon Knueppel,34:18,16,6,1,13,0.385,0,3
20251112,CHO,Miles Bridges,32:48,20,6,6,19,0.368,1,3
20251112,CHO,Collin Sexton,31:32,16,5,8,14,0.357,2,3
20251112,CHO,Sion James,29:45,4,2,1,5,0.2,0,0
20251112,CHO,Ryan Kalkbrenner,26:31,17,9,0,8,1.0,1,0
20251112,CHO,Tre Mann,25:25,13,1,3,10,0.5,0,3
20251112,CHO,Moussa Diabaté,23:10,7,13,2,3,0.333,1,1
20251112,CHO,Liam McNeeley,11:55,5,3,2,4,0.25,0,0
20251112,CHO,Pat Connaughton,11:16,11,2,2,6,0.667,0,0
20251112,CHO,KJ Simpson,9:01,2,2,2,4,0.25,0,0
20251112,CHO,Mason Plumlee,4:19,0,1,0,0,,0,0
20251112,CHI,Matas Buzelis,33:57,21,14,2,14,0.5,0,4
20251112,CHI,Isaac Okoro,31:44,15,4,2,7,0.714,0,1
20251112,CHI,Tre Jones,30:18,11,2,5,6,0.5,3,2
20251112,CHI,Kevin Huerter,27:12,20,2,2,17,0.588,2,2
20251112,CHI,Nikola Vučević,25:29,6,6,3,10,0.3,0,3
20251112,CHI,Patrick Williams,23:32,7,5,1,8,0.375,1,3
20251112,CHI,Ayo Dosunmu,21:56,12,3,2,12,0.333,2,4
20251112,CHI,Jevon Carter,17:28,11,2,3,4,0.75,2,1
20251112,CHI,Jalen Smith,13:54,9,4,0,8,0.375,0,0
20251112,CHI,Dalen Terry,10:25,1,1,1,0,,1,1
20251112,CHI,Julian Phillips,4:05,0,1,0,0,,0,0
20251112,DET,Daniss Jenkins,40:07,18,4,12,19,0.474,2,3
20251112,DET,Javonte Green,32:03,9,4,0,7,0.429,1,3
20251112,DET,Paul Reed,30:45,28,13,6,13,0.846,4,4
20251112,DET,Ron Holland,28:29,9,6,1,11,0.364,3,2
20251112,DET,Duncan Robinson,28:25,23,2,1,13,0.615,1,1
20251112,DET,Caris LeVert,21:54,17,1,5,11,0.727,1,3
20251112,DET,Chaz Lanier,18:20,6,1,1,4,0.25,0,0
20251112,DET,Tolu Smith,16:11,6,7,2,4,0.75,0,0
20251112,DET,Bobi Klintman,13:51,6,6,1,7,0.286,0,2
20251112,DET,Wendell Moore Jr.,9:55,2,0,1,1,1.0,1,0
20251112,ORL,Franz Wagner,36:49,28,9,4,22,0.455,2,0
20251112,ORL,Desmond Bane,33:55,22,6,8,15,0.467,0,3
20251112,ORL,Wendell Carter Jr.,31:25,13,8,2,8,0.75,0,4
20251112,ORL,Jalen Suggs,26:23,14,2,3,10,0.4,1,2
20251112,ORL,Paolo Banchero,12:00,4,4,2,4,0.25,1,1
20251112,ORL,Anthony Black,23:09,17,3,3,11,0.636,2,2
20251112,ORL,Tristan Da Silva,22:11,8,5,2,5,0.6,0,1
20251112,ORL,Jonathan Isaac,16:27,3,5,0,3,0.0,1,0
20251112,ORL,Goga Bitadze,16:15,10,3,0,2,1.0,1,1
20251112,ORL,Tyus Jones,13:01,0,1,3,2,0.0,2,0
20251112,ORL,Jett Howard,4:41,5,0,0,4,0.5,0,0
20251112,ORL,Noah Penda,1:52,0,3,1,0,,0,1
20251112,ORL,Jase Richardson,1:52,0,0,1,0,,0,0
20251112,NYK,Jalen Brunson,36:55,31,3,6,23,0.435,0,2
20251112,NYK,Karl-Anthony Towns,34:31,15,12,4,15,0.4,1,2
20251112,NYK,OG Anunoby,33:56,8,4,1,4,0.5,1,3
20251112,NYK,Mikal Bridges,28:00,6,2,2,9,0.333,2,0
20251112,NYK,Mitchell Robinson,17:12,2,8,0,2,0.5,0,0
20251112,NYK,Landry Shamet,27:07,11,3,1,6,0.667,1,0
20251112,NYK,Miles McBride,20:42,9,1,1,8,0.375,2,3
20251112,NYK,Josh Hart,18:00,10,3,2,10,0.4,1,3
20251112,NYK,Jordan Clarkson,10:38,5,1,1,5,0.4,1,1
20251112,NYK,Guerschon Yabusele,5:25,6,0,1,3,0.667,1,0
20251112,NYK,Tyler Kolek,1:54,2,0,0,1,1.0,0,0
20251112,NYK,Mohamed Diawara,1:54,0,0,0,0,,0,0
20251112,NYK,Ariel Hukporti,1:54,0,0,0,0,,0,0
20251112,NYK,Pacôme Dadiet,1:52,2,0,1,2,0.5,0,0
20251112,MEM,Vince Williams Jr.,24:34,12,5,2,12,0.333,0,1
20251112,MEM,Jock Landale,24:28,11,6,4,10,0.5,1,1
20251112,MEM,Jaylen Wells,24:23,5,4,0,10,0.2,2,0
20251112,MEM,Jaren Jackson Jr.,23:17,18,2,0,15,0.467,1,3
20251112,MEM,Kentavious Caldwell-Pope,18:42,0,3,3,3,0.0,1,1
20251112,MEM,Cam Spencer,29:23,5,2,3,5,0.2,0,0
20251112,MEM,Olivier-Maxence Prosper,26:06,8,4,4,7,0.286,0,1
20251112,MEM,Cedric Coward,25:34,12,6,3,12,0.25,0,2
20251112,MEM,Santi Aldama,23:35,14,6,4,11,0.364,2,1
20251112,MEM,GG Jackson II,7:02,6,0,1,6,0.333,1,0
20251112,MEM,PJ Hall,7:02,4,3,1,4,0.5,0,0
20251112,MEM,John Konchar,5:54,0,0,0,0,,0,0
20251112,BOS,Payton Pritchard,30:22,24,6,9,15,0.533,0,0
20251112,BOS,Derrick White,26:10,20,5,4,11,0.545,2,2
20251112,BOS,Jaylen Brown,25:18,19,6,6,16,0.5,0,2
20251112,BOS,Neemias Queta,20:02,13,8,2,6,1.0,1,0
20251112,BOS,Jordan Walsh,17:50,7,6,0,7,0.429,0,0
20251112,BOS,Sam Hauser,22:33,5,2,1,8,0.25,1,1
20251112,BOS,Josh Minott,21:59,9,5,4,8,0.5,0,3
20251112,BOS,Anfernee Simons,21:49,6,4,7,10,0.2,0,1
20251112,BOS,Luka Garza,17:10,14,7,1,8,0.75,0,0
20251112,BOS,Chris Boucher,12:47,2,7,0,3,0.333,0,0
20251112,BOS,Baylor Scheierman,11:32,6,1,0,3,0.667,0,0
20251112,BOS,Hugo González,8:12,0,1,0,2,0.0,0,1
20251112,BOS,Ron Harper Jr.,4:16,6,0,0,2,1.0,0,0
20251112,CLE,De'Andre Hunter,28:21,21,6,2,13,0.615,2,3
20251112,CLE,Jarrett Allen,27:26,30,10,2,20,0.6,0,1
20251112,CLE,Dean Wade,26:13,8,3,2,7,0.429,1,1
20251112,CLE,Sam Merrill,20:39,5,0,3,10,0.1,1,0
20251112,CLE,Lonzo Ball,20:29,15,2,8,8,0.5,1,3
20251112,CLE,Craig Porter Jr.,32:10,19,4,9,12,0.583,3,2
20251112,CLE,Tyrese Proctor,22:44,12,2,2,15,0.267,0,0
20251112,CLE,Larry Nance Jr.,19:25,3,5,2,3,0.333,2,1
20251112,CLE,Nae'Qwan Tomlin,17:39,9,6,2,7,0.286,2,1
20251112,CLE,Thomas Bryant,12:48,4,7,0,4,0.5,0,0
20251112,CLE,Luke Travers,12:06,4,4,0,5,0.2,1,0
20251112,MIA,Davion Mitchell,33:53,16,3,4,13,0.538,1,1
20251112,MIA,Andrew Wiggins,33:14,17,9,6,13,0.538,0,5
20251112,MIA,Norman Powell,32:30,27,2,5,18,0.556,0,3
20251112,MIA,Kel'el Ware,27:43,15,13,1,7,0.857,1,1
20251112,MIA,Pelle Larsson,27:25,9,0,4,7,0.429,0,3
20251112,MIA,Jaime Jaquez Jr.,29:51,11,3,4,15,0.267,0,1
20251112,MIA,Nikola Jović,22:03,2,4,3,6,0.167,2,4
20251112,MIA,Simone Fontecchio,19:14,13,4,0,7,0.571,1,2
20251112,MIA,Dru Smith,14:07,6,6,2,8,0.375,1,1
20251112,WAS,Kyshawn George,35:43,16,7,9,17,0.412,2,3
20251112,WAS,Alex Sarr,31:58,25,11,4,15,0.667,0,2
20251112,WAS,CJ McCollum,29:21,10,2,3,11,0.182,0,0
20251112,WAS,Tre Johnson,27:26,12,1,1,10,0.4,1,1
20251112,WAS,Khris Middleton,22:38,7,2,3,6,0.5,1,2
20251112,WAS,Cam Whitmore,25:03,11,3,1,9,0.556,1,1
20251112,WAS,Bub Carrington,19:28,7,1,2,7,0.429,1,2
20251112,WAS,Corey Kispert,18:34,8,2,0,7,0.286,0,1
20251112,WAS,Marvin Bagley III,12:29,9,5,1,4,1.0,0,0
20251112,WAS,Tristan Vukcevic,7:17,3,1,0,3,0.333,0,0
20251112,WAS,Malaki Branham,3:21,2,0,1,1,0.0,0,0
20251112,WAS,Will Riley,3:21,2,1,0,1,1.0,0,0
20251112,WAS,Justin Champagnie,3:21,0,1,0,1,0.0,0,0
20251112,HOU,Amen Thompson,34:56,18,1,8,11,0.727,3,2
20251112,HOU,Kevin Durant,30:52,23,5,4,16,0.438,2,1
20251112,HOU,Jabari Smith Jr.,29:53,15,8,3,13,0.462,1,1
20251112,HOU,Alperen Şengün,27:46,16,13,6,13,0.462,0,2
20251112,HOU,Josh Okogie,25:54,7,5,1,8,0.375,1,0
20251112,HOU,Reed Sheppard,24:40,21,3,3,11,0.727,2,3
20251112,HOU,Tari Eason,20:47,20,6,0,12,0.583,0,0
20251112,HOU,Steven Adams,16:53,5,8,4,5,0.4,0,1
20251112,HOU,Clint Capela,9:55,2,2,0,1,1.0,0,0
20251112,HOU,Jae'Sean Tate,8:21,2,1,1,1,1.0,0,0
20251112,HOU,JD Davison,3:21,3,0,0,2,0.5,0,0
20251112,HOU,Jeff Green,3:21,3,1,0,2,0.5,0,0
20251112,HOU,Aaron Holiday,3:21,0,0,2,1,0.0,0,0
20251112,POR,Toumani Camara,38:26,13,3,5,8,0.5,2,4
20251112,POR,Jrue Holiday,36:32,17,4,12,12,0.5,0,3
20251112,POR,Deni Avdija,34:56,32,1,2,18,0.667,1,0
20251112,POR,Shaedon Sharpe,29:46,35,5,3,18,0.722,2,1
20251112,POR,Donovan Clingan,27:28,9,10,0,9,0.444,0,3
20251112,POR,Kris Murray,22:24,6,7,1,4,0.75,0,0
20251112,POR,Sidy Cissoko,16:48,2,0,1,2,0.5,0,1
20251112,POR,Robert Williams,16:41,6,6,1,5,0.6,0,1
20251112,POR,Jerami Grant,7:03,2,2,1,3,0.333,0,0
20251112,POR,Rayan Rupert,5:43,0,0,0,2,0.0,0,0
20251112,POR,Duop Reath,4:13,3,1,0,2,0.5,0,0
20251112,NOP,Trey Murphy III,39:29,22,5,5,18,0.444,1,1
20251112,NOP,Saddiq Bey,35:14,25,6,5,16,0.5,0,1
20251112,NOP,Herbert Jones,34:00,11,1,3,9,0.444,1,1
20251112,NOP,Jeremiah Fears,26:06,15,3,4,11,0.364,2,2
20251112,NOP,Kevon Looney,8:10,0,2,1,1,0.0,1,1
20251112,NOP,Derik Queen,37:45,26,7,4,18,0.667,0,1
20251112,NOP,Jose Alvarado,21:54,5,1,3,7,0.286,1,3
20251112,NOP,Karlo Matković,14:00,5,3,1,4,0.5,0,0
20251112,NOP,Micah Peavy,12:26,2,5,2,2,0.5,0,0
20251112,NOP,Jordan Hawkins,8:53,6,2,0,5,0.4,0,0
20251112,NOP,Yves Missi,2:03,0,0,0,0,,0,0
20251112,GSW,Jimmy Butler,33:48,28,6,8,12,0.583,3,0
20251112,GSW,Stephen Curry,33:32,46,5,5,25,0.52,2,1
20251112,GSW,Draymond Green,26:41,6,5,4,10,0.1,1,4
20251112,GSW,Moses Moody,26:10,19,3,3,13,0.462,0,0
20251112,GSW,Will Richard,21:41,3,1,1,2,0.5,1,3
20251112,GSW,Brandin Podziemski,28:52,6,6,4,7,0.286,3,3
20251112,GSW,Al Horford,22:30,9,3,3,7,0.429,0,1
20251112,GSW,Buddy Hield,15:31,4,1,0,4,0.25,1,1
20251112,GSW,Gary Payton II,14:34,4,6,2,4,0.5,1,1
20251112,GSW,Jonathan Kuminga,12:06,0,4,0,1,0.0,0,1
20251112,GSW,Quinten Post,4:36,0,0,0,0,,1,0
20251112,SAS,Victor Wembanyama,36:21,31,15,10,22,0.5,0,8
20251112,SAS,De'Aaron Fox,35:32,13,5,5,14,0.357,0,6
20251112,SAS,Devin Vassell,35:02,15,2,1,13,0.385,0,0
20251112,SAS,Stephon Castle,31:13,23,10,10,16,0.563,0,2
20251112,SAS,Harrison Barnes,25:08,11,2,0,9,0.444,3,2
20251112,SAS,Keldon Johnson,24:28,6,9,1,9,0.333,2,1
20251112,SAS,Luke Kornet,22:11,12,0,1,6,1.0,0,0
20251112,SAS,Julian Champagnie,19:59,6,3,1,3,0.667,0,1
20251112,SAS,Jeremy Sochan,6:17,3,3,1,1,1.0,0,0
20251112,SAS,Lindy Waters III,3:49,0,0,0,1,0.0,0,0
20251112,PHO,Devin Booker,38:25,26,3,9,19,0.368,2,5
20251112,PHO,Grayson Allen,32:51,23,5,3,17,0.471,3,2
20251112,PHO,Dillon Brooks,30:58,18,2,4,14,0.429,1,0
20251112,PHO,Royce O'Neale,27:32,13,6,4,7,0.571,1,2
20251112,PHO,Mark Williams,26:16,10,4,2,6,0.833,2,1
20251112,PHO,Ryan Dunn,23:37,8,4,1,9,0.444,2,0
20251112,PHO,Jordan Goodwin,20:01,13,6,2,11,0.455,1,0
20251112,PHO,Collin Gillespie,19:08,4,6,5,5,0.2,0,0
20251112,PHO,Oso Ighodaro,11:42,2,3,0,2,0.5,1,1
20251112,PHO,Nick Richards,9:30,6,7,1,5,0.6,0,1
20251112,DAL,Max Christie,34:07,12,6,7,9,0.444,0,1
20251112,DAL,Cooper Flagg,33:42,16,6,6,15,0.4,3,4
20251112,DAL,Brandon Williams,33:15,17,5,9,13,0.538,3,4
20251112,DAL,Daniel Gafford,26:39,15,9,0,7,0.857,1,2
20251112,DAL,P.J. Washington,5:25,6,0,0,5,0.6,1,0
20251112,DAL,Klay Thompson,30:44,19,3,1,17,0.353,0,1
20251112,DAL,Naji Marshall,26:08,12,4,3,6,0.667,1,2
20251112,DAL,Moussa Cisse,14:47,4,9,0,2,1.0,0,2
20251112,DAL,D'Angelo Russell,14:20,5,0,3,7,0.286,1,1
20251112,DAL,Jaden Hardy,12:07,8,1,0,4,0.75,0,2
20251112,DAL,Caleb Martin,7:00,0,1,3,1,0.0,0,0
20251112,DAL,Dwight Powell,1:46,0,1,0,0,,0,0
20251112,LAL,Rui Hachimura,32:53,13,5,1,11,0.455,2,0
20251112,LAL,Luka Dončić,32:49,19,7,7,20,0.35,2,4
20251112,LAL,Austin Reaves,30:21,13,5,3,12,0.333,1,5
20251112,LAL,Marcus Smart,27:43,9,1,0,5,0.2,1,2
20251112,LAL,Deandre Ayton,25:49,6,5,1,5,0.6,1,4
20251112,LAL,Jake LaRavia,22:01,5,1,2,6,0.167,0,1
20251112,LAL,Dalton Knecht,19:11,16,2,1,7,0.857,0,0
20251112,LAL,Jarred Vanderbilt,18:44,6,9,2,4,0.5,0,3
20251112,LAL,Jaxson Hayes,13:53,2,2,0,1,1.0,0,1
20251112,LAL,Maxi Kleber,8:18,3,4,0,2,0.5,1,0
20251112,LAL,Bronny James,8:18,0,1,2,4,0.0,1,0
20251112,OKC,Shai Gilgeous-Alexander,29:23,30,5,9,18,0.556,2,1
20251112,OKC,Ajay Mitchell,26:27,14,3,3,13,0.462,3,3
20251112,OKC,Cason Wallace,24:03,6,0,1,6,0.333,2,0
20251112,OKC,Isaiah Hartenstein,20:10,11,8,0,6,0.833,1,2
20251112,OKC,Chet Holmgren,20:04,11,3,1,7,0.571,0,0
20251112,OKC,Isaiah Joe,34:39,21,2,5,11,0.455,2,1
20251112,OKC,Jaylin Williams,19:32,6,7,4,6,0.333,0,1
20251112,OKC,Branden Carlson,16:59,0,5,1,4,0.0,2,0
20251112,OKC,Alex Caruso,16:54,10,4,3,7,0.571,2,1
20251112,OKC,Ousmane Dieng,15:13,10,2,1,8,0.625,0,2
20251112,OKC,Brooks Barnhizer,8:18,2,2,0,1,1.0,0,0
20251112,OKC,Chris Youngblood,8:18,0,1,0,1,0.0,0,0
20251112,ATL,Dyson Daniels,26:59,5,6,7,9,0.222,2,2
20251112,ATL,Jalen Johnson,23:50,24,10,8,10,0.9,1,1
20251112,ATL,Kristaps Porziņģis,23:19,13,4,6,12,0.417,0,1
20251112,ATL,Zaccharie Risacher,22:13,15,3,1,8,0.875,1,2
20251112,ATL,Nickeil Alexander-Walker,21:44,14,6,5,11,0.455,0,4
20251112,ATL,Keaton Wallace,23:16,4,2,4,4,0.5,4,2
20251112,ATL,Vít Krejčí,20:52,11,3,4,6,0.667,0,0
20251112,ATL,Luke Kennard,20:49,13,3,2,8,0.625,2,1
20251112,ATL,Onyeka Okongwu,20:38,21,3,2,7,0.857,1,3
20251112,ATL,Mouhamed Gueye,20:24,2,3,2,4,0.25,2,0
20251112,ATL,Caleb Houstan,8:07,6,1,1,5,0.4,1,2
20251112,ATL,Asa Newell,7:49,5,1,0,1,1.0,0,1
20251112,SAC,Domantas Sabonis,26:24,12,5,2,9,0.444,2,4
20251112,SAC,Dennis Schröder,25:51,9,3,4,8,0.375,1,1
20251112,SAC,Russell Westbrook,22:27,10,2,3,11,0.364,0,3
20251112,SAC,Precious Achiuwa,19:58,10,5,2,6,0.667,0,0
20251112,SAC,DeMar DeRozan,19:14,4,2,2,6,0.167,1,2
20251112,SAC,Keon Ellis,30:33,20,0,1,14,0.5,2,1
20251112,SAC,Nique Clifford,30:33,9,4,4,11,0.273,0,1
20251112,SAC,Devin Carter,21:46,11,6,3,12,0.333,1,2
20251112,SAC,Maxime Raynaud,14:46,7,4,1,6,0.5,0,3
20251112,SAC,Daeqwon Plowden,14:00,2,2,0,5,0.2,0,0
20251112,SAC,Doug McDermott,7:45,6,0,0,3,0.667,0,1
20251112,SAC,Drew Eubanks,6:43,0,2,0,1,0.0,0,0
20251112,DEN,Nikola Jokić,33:34,55,12,6,23,0.783,1,2
20251112,DEN,Jamal Murray,32:48,15,5,4,16,0.313,4,3
20251112,DEN,Aaron Gordon,30:47,18,5,0,12,0.5,1,1
20251112,DEN,Christian Braun,16:09,6,4,4,2,1.0,0,1
20251112,DEN,Cameron Johnson,7:50,2,3,0,3,0.333,0,0
20251112,DEN,Bruce Brown,27:51,2,4,0,4,0.25,0,0
20251112,DEN,Peyton Watson,22:06,2,2,1,4,0.25,0,0
20251112,DEN,Tim Hardaway Jr.,20:44,12,1,3,7,0.429,1,0
20251112,DEN,Spencer Jones,15:26,3,0,1,1,1.0,1,0
20251112,DEN,Julian Strawther,11:21,4,1,0,5,0.4,0,1
20251112,DEN,Jonas Valančiūnas,10:57,8,3,1,4,0.75,0,1
20251112,DEN,Jalen Pickett,3:29,3,1,1,1,1.0,0,2
20251112,DEN,Zeke Nnaji,3:29,0,0,1,0,,0,0
20251112,DEN,Hunter Tyson,3:29,0,1,0,2,0.0,1,0
20251112,LAC,Ivica Zubac,31:34,18,9,1,14,0.643,0,2
20251112,LAC,James Harden,29:46,23,8,5,15,0.4,0,2
20251112,LAC,John Collins,20:44,2,4,0,6,0.167,0,2
20251112,LAC,Derrick Jones Jr.,19:38,8,4,4,8,0.5,1,2
20251112,LAC,Kris Dunn,15:30,3,0,2,4,0.25,1,1
20251112,LAC,Jordan Miller,26:24,22,4,1,10,0.6,1,0
20251112,LAC,Kobe Sanders,24:43,9,1,3,7,0.429,0,1
20251112,LAC,Nicolas Batum,22:05,6,2,3,3,0.667,1,0
20251112,LAC,Bogdan Bogdanović,20:12,11,0,6,8,0.5,0,2
20251112,LAC,Brook Lopez,15:55,10,1,1,7,0.571,0,1
20251112,LAC,Kobe Brown,7:23,2,2,1,2,0.5,0,1
20251112,LAC,Cam Christie,6:06,2,1,1,0,,0,0
20251113,TOR,Brandon Ingram,35:19,11,5,4,15,0.333,0,3
20251113,TOR,Scottie Barnes,34:34,28,10,8,22,0.545,1,2
20251113,TOR,Immanuel Quickley,31:53,25,1,6,13,0.769,0,2
20251113,TOR,Jakob Poeltl,29:25,20,7,3,10,0.7,2,0
20251113,TOR,RJ Barrett,26:57,9,9,4,9,0.333,1,1
20251113,TOR,Jamal Shead,23:49,8,2,7,7,0.429,0,2
20251113,TOR,Gradey Dick,20:56,6,0,2,3,0.667,1,1
20251113,TOR,Sandro Mamukelashvili,17:01,13,5,1,5,0.8,0,1
20251113,TOR,Ja'Kobe Walter,12:52,4,3,2,3,0.667,1,0
20251113,TOR,Jamison Battle,5:40,2,1,0,1,1.0,0,1
20251113,TOR,Garrett Temple,1:34,0,0,0,0,,0,0
20251113,CLE,Donovan Mitchell,35:41,31,6,6,18,0.389,1,7
20251113,CLE,Evan Mobley,34:47,7,9,3,7,0.286,1,1
20251113,CLE,De'Andre Hunter,27:27,16,2,6,16,0.438,0,0
20251113,CLE,Sam Merrill,27:12,12,2,3,11,0.364,0,0
20251113,CLE,Jarrett Allen,20:54,6,8,0,6,0.5,1,2
20251113,CLE,Craig Porter Jr.,24:25,10,1,5,6,0.667,1,0
20251113,CLE,Nae'Qwan Tomlin,21:31,18,6,0,10,0.8,2,0
20251113,CLE,Dean Wade,20:49,2,3,1,5,0.2,0,0
20251113,CLE,Tyrese Proctor,11:08,7,0,1,8,0.375,0,0
20251113,CLE,Larry Nance Jr.,7:03,0,0,1,0,,0,2
20251113,CLE,Thomas Bryant,6:49,4,0,0,4,0.5,0,0
20251113,CLE,Luke Travers,2:14,0,0,0,0,,1,0
20251113,IND,Pascal Siakam,30:56,19,5,2,14,0.429,0,2
20251113,IND,Andrew Nembhard,27:27,21,2,8,15,0.333,0,3
20251113,IND,Jeremiah Robinson-Earl,27:24,6,7,0,4,0.5,0,0
20251113,IND,Aaron Nesmith,20:03,10,3,1,9,0.333,1,0
20251113,IND,Tony Bradley,17:09,10,3,0,7,0.714,0,1
20251113,IND,Jarace Walker,26:23,2,4,2,10,0.0,0,1
20251113,IND,Ben Sheppard,21:41,6,6,1,7,0.286,0,1
20251113,IND,Isaiah Jackson,16:34,8,4,0,4,0.75,0,1
20251113,IND,T.J. McConnell,15:07,5,1,2,8,0.25,2,0
20251113,IND,Jay Huff,14:17,3,0,1,2,0.5,0,1
20251113,IND,Monte Morris,10:15,2,1,1,3,0.333,0,0
20251113,IND,Taelon Peter,9:23,3,4,1,3,0.333,1,2
20251113,IND,RayJ Dennis,3:21,3,1,1,2,0.5,0,0
20251113,PHO,Devin Booker,29:20,33,5,7,22,0.545,0,1
20251113,PHO,Dillon Brooks,28:02,32,1,0,18,0.667,1,2
20251113,PHO,Royce O'Neale,22:58,5,3,3,4,0.5,0,1
20251113,PHO,Nick Richards,15:13,4,1,0,0,,0,0
20251113,PHO,Grayson Allen,12:10,12,1,2,6,0.833,1,0
20251113,PHO,Oso Ighodaro,26:23,17,7,0,9,0.778,3,1
20251113,PHO,Collin Gillespie,23:29,10,4,1,7,0.429,0,2
20251113,PHO,Jordan Goodwin,22:36,10,9,5,7,0.571,1,0
20251113,PHO,Isaiah Livers,19:32,3,5,0,3,0.333,0,0
20251113,PHO,Ryan Dunn,18:58,3,3,0,2,0.5,0,1
20251113,PHO,Nigel Hayes-Davis,7:45,0,1,1,2,0.0,0,1
20251113,PHO,Rasheer Fleming,7:10,2,1,0,3,0.333,0,1
20251113,PHO,Khaman Maluach,6:24,2,2,0,2,0.5,0,1
20251113,ATL,Jalen Johnson,40:38,31,18,14,19,0.526,7,6
20251113,ATL,Onyeka Okongwu,35:20,32,11,2,18,0.611,2,4
20251113,ATL,Nickeil Alexander-Walker,29:37,16,2,5,11,0.364,2,2
20251113,ATL,Dyson Daniels,26:40,2,2,3,2,0.5,1,0
20251113,ATL,Zaccharie Risacher,19:11,11,3,2,7,0.714,0,0
20251113,ATL,Vít Krejčí,32:18,20,1,3,9,0.778,3,1
20251113,ATL,Luke Kennard,20:13,12,2,1,8,0.5,2,1
20251113,ATL,Keaton Wallace,15:27,0,2,5,6,0.0,1,0
20251113,ATL,Mouhamed Gueye,14:50,8,2,1,9,0.444,0,2
20251113,ATL,Asa Newell,5:46,0,0,0,1,0.0,0,0
20251113,UTA,Keyonte George,37:13,19,6,7,19,0.368,1,3
20251113,UTA,Lauri Markkanen,35:57,40,7,2,25,0.6,1,4
20251113,UTA,Ace Bailey,31:50,21,5,3,13,0.615,2,3
20251113,UTA,Jusuf Nurkić,28:10,10,10,8,7,0.571,5,6
20251113,UTA,Svi Mykhailiuk,24:43,0,1,3,4,0.0,0,0
20251113,UTA,Isaiah Collier,25:15,10,5,7,7,0.429,0,1
20251113,UTA,Kyle Filipowski,17:34,8,9,3,5,0.6,0,2
20251113,UTA,Kevin Love,15:28,3,3,4,3,0.333,0,2
20251113,UTA,Cody Williams,12:07,2,0,0,3,0.333,0,0
20251113,UTA,Brice Sensabaugh,11:43,9,3,2,6,0.5,0,3
20251114,MIA,Andrew Wiggins,35:36,15,7,3,18,0.333,0,3
20251114,MIA,Kel'el Ware,34:59,15,10,1,8,0.625,1,0
20251114,MIA,Davion Mitchell,33:16,11,4,11,6,0.5,1,1
20251114,MIA,Norman Powell,32:53,38,5,0,22,0.545,1,1
20251114,MIA,Pelle Larsson,24:01,14,2,2,8,0.5,0,2
20251114,MIA,Jaime Jaquez Jr.,34:10,23,9,7,20,0.45,0,1
20251114,MIA,Simone Fontecchio,14:43,9,2,0,7,0.429,0,1
20251114,MIA,Dru Smith,14:42,4,2,2,1,1.0,1,1
20251114,MIA,Nikola Jović,13:25,3,4,4,4,0.25,0,1
20251114,MIA,Keshad Johnson,2:14,0,1,0,1,0.0,0,0
20251114,NYK,Mikal Bridges,42:22,15,5,5,21,0.286,7,2
20251114,NYK,Karl-Anthony Towns,38:02,39,11,4,26,0.5,1,0
20251114,NYK,Miles McBride,29:56,9,4,4,10,0.4,0,0
20251114,NYK,Mitchell Robinson,14:08,0,10,2,2,0.0,0,2
20251114,NYK,OG Anunoby,5:08,2,3,0,4,0.25,0,0
20251114,NYK,Landry Shamet,37:15,36,2,3,19,0.632,0,1
20251114,NYK,Josh Hart,33:35,12,11,10,8,0.625,1,3
20251114,NYK,Jordan Clarkson,33:13,24,5,3,13,0.462,0,0
20251114,NYK,Guerschon Yabusele,6:20,3,0,1,1,1.0,0,0
20251114,NYK,Ariel Hukporti,0:02,0,0,0,0,,0,0
20251114,BRK,Michael Porter Jr.,36:03,24,11,7,23,0.435,1,0
20251114,BRK,Nic Claxton,33:49,13,5,3,12,0.5,0,0
20251114,BRK,Terance Mann,28:03,12,0,0,10,0.5,0,0
20251114,BRK,Noah Clowney,27:15,12,4,3,8,0.25,1,2
20251114,BRK,Egor Dёmin,18:08,8,3,2,9,0.222,0,1
20251114,BRK,Ziaire Williams,36:05,15,1,0,11,0.545,3,1
20251114,BRK,Tyrese Martin,24:06,4,2,2,7,0.286,2,1
20251114,BRK,Drake Powell,22:20,6,3,3,5,0.6,1,0
20251114,BRK,Day'Ron Sharpe,14:11,4,5,3,4,0.5,1,0
20251114,ORL,Desmond Bane,39:55,19,5,2,18,0.389,0,3
20251114,ORL,Franz Wagner,37:05,25,6,5,17,0.412,0,3
20251114,ORL,Tristan Da Silva,32:28,22,9,1,14,0.571,0,3
20251114,ORL,Wendell Carter Jr.,31:45,7,5,3,2,0.5,0,2
20251114,ORL,Jalen Suggs,28:13,14,7,6,11,0.455,0,5
20251114,ORL,Anthony Black,16:34,2,0,2,4,0.25,0,1
20251114,ORL,Goga Bitadze,16:15,6,8,0,4,0.75,0,2
20251114,ORL,Jonathan Isaac,14:19,4,5,0,2,1.0,0,0
20251114,ORL,Tyus Jones,13:09,0,1,2,2,0.0,3,0
20251114,ORL,Jett Howard,9:50,6,0,0,4,0.5,0,0
20251114,ORL,Jamal Cain,0:27,0,0,0,0,,0,0
20251114,PHI,Tyrese Maxey,39:37,31,7,3,31,0.419,4,3
20251114,PHI,VJ Edgecombe,37:27,18,7,3,15,0.4,1,2
20251114,PHI,Andre Drummond,35:44,12,11,2,6,0.833,1,3
20251114,PHI,Kelly Oubre Jr.,14:56,3,1,1,5,0.2,2,1
20251114,PHI,Trendon Watford,14:19,5,1,1,5,0.4,0,1
20251114,PHI,Quentin Grimes,32:25,9,1,5,10,0.3,1,2
20251114,PHI,Dominick Barlow,28:56,10,8,3,8,0.5,0,2
20251114,PHI,Justin Edwards,17:21,13,1,1,7,0.571,0,1
20251114,PHI,Jabari Walker,10:00,2,4,0,1,0.0,0,0
20251114,PHI,Adem Bona,9:15,2,5,0,2,0.5,0,0
20251114,DET,Javonte Green,36:41,21,9,3,12,0.417,1,1
20251114,DET,Daniss Jenkins,35:04,19,3,8,15,0.4,1,2
20251114,DET,Duncan Robinson,31:29,15,6,3,12,0.417,2,1
20251114,DET,Paul Reed,25:08,10,8,3,9,0.556,2,3
20251114,DET,Ron Holland,24:18,9,5,2,15,0.267,3,3
20251114,DET,Caris LeVert,22:57,14,2,6,8,0.625,0,1
20251114,DET,Isaiah Stewart,22:52,14,7,1,11,0.545,0,2
20251114,DET,Chaz Lanier,18:40,6,4,4,6,0.333,0,0
20251114,DET,Wendell Moore Jr.,18:08,4,2,2,3,0.667,0,0
20251114,DET,Bobi Klintman,4:43,2,0,0,1,1.0,0,0
20251114,POR,Toumani Camara,33:24,16,3,0,12,0.5,0,4
20251114,POR,Shaedon Sharpe,31:08,19,8,3,16,0.438,1,3
20251114,POR,Deni Avdija,30:18,22,10,4,15,0.467,0,7
20251114,POR,Jrue Holiday,29:28,13,4,6,9,0.444,2,2
20251114,POR,Donovan Clingan,23:59,9,8,0,9,0.444,0,1
20251114,POR,Jerami Grant,28:44,13,2,3,8,0.5,0,1
20251114,POR,Kris Murray,22:07,5,3,1,6,0.333,0,1
20251114,POR,Robert Williams,14:50,4,3,0,5,0.4,1,1
20251114,POR,Sidy Cissoko,10:03,4,2,1,3,0.667,0,0
20251114,POR,Duop Reath,6:49,5,1,0,2,1.0,0,0
20251114,POR,Caleb Love,4:35,5,0,0,4,0.5,0,0
20251114,POR,Rayan Rupert,4:35,1,0,0,0,,0,0
20251114,HOU,Alperen Şengün,36:27,25,10,9,13,0.692,3,0
20251114,HOU,Kevin Durant,35:43,30,5,3,19,0.632,1,3
20251114,HOU,Amen Thompson,32:27,19,2,4,17,0.353,1,0
20251114,HOU,Jabari Smith Jr.,26:44,22,5,3,16,0.563,0,0
20251114,HOU,Josh Okogie,20:48,11,3,1,9,0.556,4,1
20251114,HOU,Reed Sheppard,25:48,13,3,3,12,0.417,4,0
20251114,HOU,Steven Adams,17:31,5,11,0,4,0.5,1,0
20251114,HOU,Aaron Holiday,13:06,10,0,1,6,0.5,1,1
20251114,HOU,Tari Eason,10:39,3,5,2,6,0.167,1,1
20251114,HOU,Clint Capela,9:14,2,4,0,3,0.333,0,0
20251114,HOU,Jeff Green,4:04,0,0,0,0,,0,0
20251114,HOU,Jae'Sean Tate,4:04,0,1,0,1,0.0,0,0
20251114,HOU,JD Davison,3:25,0,0,0,0,,0,0
20251114,CHO,Moussa Diabaté,43:17,15,11,1,8,0.625,1,1
20251114,CHO,Miles Bridges,42:23,32,7,2,24,0.5,0,1
20251114,CHO,Sion James,41:59,12,7,3,10,0.4,5,2
20251114,CHO,Kon Knueppel,41:13,32,3,3,20,0.6,3,2
20251114,CHO,LaMelo Ball,27:24,16,3,10,15,0.333,0,2
20251114,CHO,Tre Mann,29:14,9,7,7,10,0.4,0,3
20251114,CHO,Collin Sexton,15:56,14,1,4,7,0.571,0,1
20251114,CHO,Pat Connaughton,10:00,0,0,1,3,0.0,2,0
20251114,CHO,Mason Plumlee,9:43,4,0,0,1,1.0,0,1
20251114,CHO,Antonio Reeves,3:51,0,0,0,0,,0,0
20251114,MIL,Giannis Antetokounmpo,40:24,25,7,18,18,0.667,2,7
20251114,MIL,Kyle Kuzma,38:36,29,10,5,17,0.647,4,3
20251114,MIL,Ryan Rollins,34:22,20,8,4,12,0.667,0,2
20251114,MIL,Myles Turner,33:26,18,3,1,9,0.667,0,0
20251114,MIL,A.J. Green,25:30,13,0,2,4,0.5,0,0
20251114,MIL,Gary Harris,22:49,10,1,0,5,0.8,2,1
20251114,MIL,Gary Trent Jr.,21:29,8,0,1,5,0.6,1,0
20251114,MIL,Bobby Portis,19:20,12,4,1,7,0.571,0,3
20251114,MIL,Cole Anthony,18:30,10,3,5,7,0.571,1,4
20251114,MIL,Jericho Sims,10:10,2,3,0,1,1.0,0,2
20251114,MIL,Thanasis Antetokounmpo,0:08,0,0,0,0,,0,0
20251114,MIL,Andre Jackson Jr.,0:08,0,0,0,0,,0,0
20251114,MIL,Mark Sears,0:08,0,0,0,0,,0,0
20251114,SAC,Domantas Sabonis,39:21,34,11,3,24,0.583,0,2
20251114,SAC,Zach LaVine,36:15,25,6,3,17,0.471,1,4
20251114,SAC,DeMar DeRozan,34:04,6,3,5,10,0.3,2,0
20251114,SAC,Russell Westbrook,31:01,13,10,14,11,0.455,0,6
20251114,SAC,Precious Achiuwa,19:39,4,3,0,4,0.5,3,0
20251114,SAC,Dennis Schröder,28:24,14,6,6,13,0.385,1,1
20251114,SAC,Keon Ellis,22:24,9,1,0,8,0.375,4,1
20251114,SAC,Malik Monk,15:31,0,1,0,4,0.0,1,1
20251114,SAC,Nique Clifford,6:44,0,0,1,1,0.0,0,0
20251114,SAC,Drew Eubanks,6:37,5,3,0,1,1.0,0,0
20251114,MIN,Anthony Edwards,35:49,30,4,4,20,0.45,2,3
20251114,MIN,Rudy Gobert,34:20,11,8,1,6,0.667,1,1
20251114,MIN,Julius Randle,32:20,26,11,5,16,0.563,1,2
20251114,MIN,Jaden McDaniels,31:09,13,4,3,9,0.667,0,4
20251114,MIN,Donte DiVincenzo,30:26,20,6,5,11,0.545,1,2
20251114,MIN,Naz Reid,24:59,12,12,4,12,0.417,2,3
20251114,MIN,Jaylen Clark,21:44,5,1,0,5,0.2,1,0
20251114,MIN,Mike Conley,17:49,6,1,3,5,0.4,1,0
20251114,MIN,Rob Dillingham,9:18,0,3,3,1,0.0,1,2
20251114,MIN,Leonard Miller,0:35,1,1,0,1,0.0,0,0
20251114,MIN,Joan Beringer,0:35,0,0,0,0,,0,0
20251114,MIN,Johnny Juzang,0:35,0,0,0,0,,0,0
20251114,MIN,Bones Hyland,0:21,0,0,0,0,,0,0
20251114,LAL,Luka Dončić,40:13,24,7,12,16,0.375,2,3
20251114,LAL,Austin Reaves,38:54,31,4,7,16,0.563,1,4
20251114,LAL,Deandre Ayton,35:34,20,16,2,11,0.909,2,4
20251114,LAL,Rui Hachimura,35:04,14,4,0,10,0.6,1,1
20251114,LAL,Marcus Smart,34:25,13,5,5,15,0.4,2,2
20251114,LAL,Jake LaRavia,21:41,6,3,0,4,0.75,3,2
20251114,LAL,Jaxson Hayes,12:26,2,3,1,3,0.333,0,0
20251114,LAL,Jarred Vanderbilt,11:19,3,2,1,4,0.25,2,1
20251114,LAL,Dalton Knecht,10:24,5,1,0,5,0.4,0,0
20251114,NOP,Trey Murphy III,38:54,35,7,0,21,0.619,1,6
20251114,NOP,Saddiq Bey,36:32,11,7,7,13,0.231,1,1
20251114,NOP,Herbert Jones,34:27,13,5,3,14,0.286,1,2
20251114,NOP,Jeremiah Fears,28:42,19,4,3,16,0.5,7,3
20251114,NOP,Kevon Looney,10:56,2,0,2,1,1.0,0,0
20251114,NOP,Derik Queen,29:22,9,10,5,10,0.4,0,5
20251114,NOP,Jose Alvarado,21:22,8,2,2,8,0.375,1,1
20251114,NOP,Karlo Matković,12:58,4,3,0,2,1.0,0,1
20251114,NOP,Yves Missi,10:18,0,1,1,0,,0,0
20251114,NOP,Jordan Hawkins,9:09,3,3,1,2,0.5,0,1
20251114,NOP,Micah Peavy,7:20,0,0,0,2,0.0,0,0
20251114,LAC,James Harden,51:03,41,14,11,25,0.52,1,3
20251114,LAC,Ivica Zubac,46:11,27,11,2,15,0.733,1,5
20251114,LAC,Derrick Jones Jr.,40:16,15,4,0,10,0.4,3,2
20251114,LAC,Kris Dunn,32:14,9,2,5,8,0.25,2,1
20251114,LAC,John Collins,23:33,8,3,0,8,0.375,2,3
20251114,LAC,Bogdan Bogdanović,37:06,21,3,3,14,0.571,4,1
20251114,LAC,Nicolas Batum,24:55,7,2,0,6,0.333,3,1
20251114,LAC,Kobe Sanders,13:30,3,1,1,5,0.2,0,2
20251114,LAC,Jordan Miller,11:24,2,2,0,3,0.333,0,2
20251114,LAC,Brook Lopez,9:48,0,3,0,1,0.0,0,0
20251114,DAL,Cooper Flagg,47:39,16,5,0,13,0.615,1,4
20251114,DAL,Naji Marshall,47:09,28,8,2,19,0.421,1,0
20251114,DAL,Max Christie,36:46,10,7,0,9,0.333,2,2
20251114,DAL,Daniel Gafford,27:23,10,8,1,7,0.571,1,3
20251114,DAL,Brandon Williams,18:08,7,2,5,9,0.222,2,0
20251114,DAL,D'Angelo Russell,38:39,28,6,5,24,0.458,2,7
20251114,DAL,Klay Thompson,27:33,13,2,2,11,0.364,0,2
20251114,DAL,Caleb Martin,18:22,2,4,3,1,0.0,0,2
20251114,DAL,Dereck Lively II,17:15,4,5,0,3,0.333,1,1
20251114,DAL,Moussa Cisse,11:06,9,3,0,3,1.0,1,1
20251114,GSW,Stephen Curry,36:03,49,4,2,26,0.615,2,3
20251114,GSW,Jimmy Butler,34:39,21,8,1,14,0.5,2,1
20251114,GSW,Draymond Green,33:07,6,8,8,12,0.25,0,4
20251114,GSW,Moses Moody,29:39,4,3,1,8,0.25,0,2
20251114,GSW,Will Richard,15:55,10,1,0,7,0.571,2,0
20251114,GSW,Brandin Podziemski,29:57,10,3,3,8,0.375,0,0
20251114,GSW,Al Horford,23:33,0,3,0,4,0.0,2,0
20251114,GSW,Gary Payton II,15:37,6,3,2,7,0.286,1,2
20251114,GSW,Buddy Hield,14:15,0,4,1,1,0.0,0,1
20251114,GSW,Quinten Post,7:15,3,2,0,3,0.333,0,1
20251114,SAS,Victor Wembanyama,38:14,26,12,4,21,0.476,1,3
20251114,SAS,Stephon Castle,36:26,13,9,6,6,0.667,1,4
20251114,SAS,De'Aaron Fox,33:12,24,4,10,22,0.455,3,4
20251114,SAS,Devin Vassell,31:51,11,3,2,10,0.4,2,2
20251114,SAS,Harrison Barnes,28:08,7,4,1,5,0.4,1,2
20251114,SAS,Julian Champagnie,22:49,14,2,0,9,0.444,0,1
20251114,SAS,Keldon Johnson,19:01,4,5,3,7,0.286,0,1
20251114,SAS,Luke Kornet,17:19,4,5,0,2,0.5,0,1
20251114,SAS,Jeremy Sochan,13:00,5,3,2,3,0.667,0,2
20251115,MEM,Jaren Jackson Jr.,32:40,26,5,2,23,0.261,0,2
20251115,MEM,Zach Edey,24:43,13,7,0,7,0.429,2,1
20251115,MEM,Cedric Coward,24:32,10,8,2,8,0.375,0,2
20251115,MEM,Jaylen Wells,23:51,8,2,0,8,0.375,0,2
20251115,MEM,Ja Morant,5:59,7,1,2,2,1.0,0,1
20251115,MEM,Vince Williams Jr.,26:46,8,4,5,9,0.333,2,4
20251115,MEM,Santi Aldama,25:01,12,11,2,9,0.556,1,0
20251115,MEM,Kentavious Caldwell-Pope,23:19,6,0,3,4,0.5,0,1
20251115,MEM,Cam Spencer,19:49,3,1,3,4,0.25,1,0
20251115,MEM,Jock Landale,19:23,5,5,1,8,0.25,1,2
20251115,MEM,John Konchar,13:57,2,2,1,4,0.25,2,0
20251115,CLE,Evan Mobley,35:19,22,13,4,16,0.438,0,4
20251115,CLE,Donovan Mitchell,32:55,30,5,5,21,0.476,2,4
20251115,CLE,De'Andre Hunter,32:07,9,3,3,8,0.5,0,0
20251115,CLE,Sam Merrill,27:11,13,4,1,9,0.556,1,2
20251115,CLE,Jarrett Allen,26:21,16,6,2,8,0.625,0,2
20251115,CLE,Dean Wade,24:30,4,4,2,4,0.5,0,1
20251115,CLE,Lonzo Ball,22:02,9,7,5,5,0.6,2,5
20251115,CLE,Nae'Qwan Tomlin,17:53,2,4,1,4,0.25,1,0
20251115,CLE,Craig Porter Jr.,12:59,3,3,1,4,0.25,1,1
20251115,CLE,Larry Nance Jr.,4:33,0,0,0,2,0.0,0,1
20251115,CLE,Tyrese Proctor,4:10,0,0,0,2,0.0,0,0
20251115,OKC,Chet Holmgren,32:22,25,8,2,20,0.5,0,2
20251115,OKC,Cason Wallace,30:25,10,2,4,7,0.571,3,3
20251115,OKC,Isaiah Hartenstein,30:22,12,12,5,10,0.6,1,2
20251115,OKC,Shai Gilgeous-Alexander,29:26,33,4,7,19,0.684,2,1
20251115,OKC,Luguentz Dort,21:54,3,4,1,4,0.25,0,1
20251115,OKC,Ajay Mitchell,30:36,14,6,4,15,0.4,1,3
20251115,OKC,Isaiah Joe,21:09,3,5,1,5,0.2,2,1
20251115,OKC,Branden Carlson,16:36,7,2,0,5,0.6,0,1
20251115,OKC,Ousmane Dieng,13:55,2,2,1,3,0.333,0,0
20251115,OKC,Brooks Barnhizer,11:33,0,5,1,1,0.0,0,0
20251115,OKC,Alex Caruso,1:42,0,0,0,0,,0,0
20251115,CHO,Miles Bridges,30:07,15,4,4,16,0.375,0,0
20251115,CHO,Collin Sexton,29:44,13,4,3,13,0.385,1,3
20251115,CHO,Kon Knueppel,27:21,8,4,3,10,0.3,0,5
20251115,CHO,Sion James,26:07,3,2,1,7,0.143,0,0
20251115,CHO,Ryan Kalkbrenner,25:42,13,7,0,6,0.667,1,0
20251115,CHO,Moussa Diabaté,23:45,13,11,4,7,0.857,1,2
20251115,CHO,Tre Mann,20:49,10,2,1,14,0.286,0,0
20251115,CHO,KJ Simpson,18:02,9,1,5,13,0.308,2,2
20251115,CHO,Antonio Reeves,17:13,9,2,0,6,0.5,0,0
20251115,CHO,Pat Connaughton,16:26,3,4,1,4,0.25,1,0
20251115,CHO,Mason Plumlee,4:44,0,1,1,0,,0,0
20251115,TOR,Scottie Barnes,31:45,14,11,6,7,0.429,1,2
20251115,TOR,Brandon Ingram,29:54,19,5,2,12,0.5,3,2
20251115,TOR,Immanuel Quickley,29:28,12,3,7,10,0.5,0,2
20251115,TOR,RJ Barrett,28:02,22,6,4,17,0.529,0,1
20251115,TOR,Jakob Poeltl,25:51,22,9,1,9,0.889,1,1
20251115,TOR,Sandro Mamukelashvili,22:09,12,4,3,9,0.556,1,0
20251115,TOR,Gradey Dick,19:21,8,6,1,8,0.5,1,1
20251115,TOR,Collin Murray-Boyles,17:07,10,2,1,6,0.667,1,1
20251115,TOR,Jamal Shead,17:02,7,0,4,6,0.5,2,0
20251115,TOR,Ja'Kobe Walter,14:49,3,0,0,2,0.5,3,2
20251115,TOR,Garrett Temple,4:32,0,0,0,1,0.0,0,0
20251115,IND,Pascal Siakam,35:36,30,4,3,19,0.526,2,0
20251115,IND,Andrew Nembhard,31:29,22,4,5,12,0.583,0,1
20251115,IND,Jeremiah Robinson-Earl,30:17,7,6,0,6,0.5,0,4
20251115,IND,Jarace Walker,29:31,8,8,2,9,0.222,2,4
20251115,IND,Tony Bradley,18:39,5,1,1,3,0.667,0,0
20251115,IND,Ben Sheppard,20:20,3,3,1,5,0.2,1,1
20251115,IND,Isaiah Jackson,18:37,6,6,1,2,0.5,0,1
20251115,IND,T.J. McConnell,16:28,9,1,4,11,0.364,0,0
20251115,IND,Jay Huff,15:54,8,3,0,9,0.333,0,1
20251115,IND,Taelon Peter,13:17,5,3,4,7,0.286,0,1
20251115,IND,RayJ Dennis,5:20,7,0,0,3,0.667,0,2
20251115,IND,Monte Morris,4:32,1,1,1,1,0.0,0,0
20251115,LAL,Luka Dončić,38:13,41,9,6,19,0.474,1,3
20251115,LAL,Jake LaRavia,36:32,4,6,1,10,0.1,2,1
20251115,LAL,Austin Reaves,36:08,25,6,8,17,0.529,1,3
20251115,LAL,Deandre Ayton,28:26,20,10,0,13,0.692,2,3
20251115,LAL,Bronny James,9:54,0,1,1,2,0.0,1,0
20251115,LAL,Dalton Knecht,33:48,9,6,1,8,0.5,3,1
20251115,LAL,Maxi Kleber,25:01,3,1,3,1,1.0,0,0
20251115,LAL,Jaxson Hayes,16:41,10,6,1,4,0.75,2,2
20251115,LAL,Jarred Vanderbilt,7:43,0,1,1,0,,0,2
20251115,LAL,Adou Thiero,4:41,4,1,0,1,1.0,0,0
20251115,LAL,Nick Smith Jr.,2:53,3,0,1,2,0.5,1,0
20251115,MIL,Giannis Antetokounmpo,31:35,32,10,5,15,0.6,0,5
20251115,MIL,Myles Turner,30:12,3,8,1,4,0.25,0,1
20251115,MIL,Ryan Rollins,27:14,10,1,3,11,0.364,2,3
20251115,MIL,A.J. Green,25:06,15,3,0,10,0.5,0,1
20251115,MIL,Kyle Kuzma,19:35,1,1,0,6,0.0,0,1
20251115,MIL,Gary Harris,26:15,6,1,1,5,0.4,0,0
20251115,MIL,Gary Trent Jr.,23:51,13,0,1,12,0.417,0,0
20251115,MIL,Bobby Portis,17:56,8,6,0,8,0.375,0,0
20251115,MIL,Cole Anthony,17:41,0,5,7,5,0.0,2,2
20251115,MIL,Jericho Sims,7:45,0,2,1,0,,1,0
20251115,MIL,Andre Jackson Jr.,3:35,0,0,1,1,0.0,0,2
20251115,MIL,Mark Sears,3:05,4,1,0,2,1.0,0,2
20251115,MIL,Amir Coffey,3:05,3,0,0,1,1.0,0,0
20251115,MIL,Thanasis Antetokounmpo,3:05,0,1,0,0,,1,0
20251115,DEN,Jamal Murray,38:36,23,6,12,22,0.409,1,3
20251115,DEN,Nikola Jokić,37:10,27,12,11,15,0.533,2,6
20251115,DEN,Aaron Gordon,35:43,23,10,1,15,0.533,2,1
20251115,DEN,Peyton Watson,34:04,12,3,0,11,0.455,2,1
20251115,DEN,Tim Hardaway Jr.,29:29,23,3,1,8,0.75,0,0
20251115,DEN,Bruce Brown,30:05,7,6,1,7,0.143,0,0
20251115,DEN,Spencer Jones,17:19,2,0,1,0,,2,1
20251115,DEN,Jonas Valančiūnas,11:30,6,6,2,3,0.667,0,0
20251115,DEN,Julian Strawther,6:04,0,1,0,2,0.0,0,0
20251115,MIN,Julius Randle,38:09,26,6,8,17,0.529,2,2
20251115,MIN,Anthony Edwards,37:56,26,8,6,23,0.348,3,3
20251115,MIN,Donte DiVincenzo,34:09,11,5,1,11,0.364,0,2
20251115,MIN,Jaden McDaniels,32:46,15,4,3,15,0.467,2,0
20251115,MIN,Rudy Gobert,23:10,4,6,0,3,0.667,0,4
20251115,MIN,Naz Reid,31:07,19,6,3,11,0.636,1,1
20251115,MIN,Mike Conley,24:53,5,1,2,5,0.4,0,0
20251115,MIN,Jaylen Clark,11:06,3,2,0,1,1.0,0,1
20251115,MIN,Rob Dillingham,6:44,3,2,0,2,0.5,1,0
20251116,LAC,James Harden,37:49,37,7,8,22,0.409,1,3
20251116,LAC,Ivica Zubac,33:38,16,12,2,10,0.6,1,1
20251116,LAC,John Collins,30:17,17,2,0,13,0.615,0,0
20251116,LAC,Kris Dunn,24:30,6,4,3,5,0.2,0,3
20251116,LAC,Derrick Jones Jr.,10:56,5,1,0,5,0.4,0,1
20251116,LAC,Bogdan Bogdanović,34:45,11,4,3,10,0.4,0,2
20251116,LAC,Kobe Sanders,22:37,11,6,2,7,0.571,1,1
20251116,LAC,Nicolas Batum,20:17,6,4,0,4,0.5,0,1
20251116,LAC,Brook Lopez,14:09,5,2,3,2,0.5,1,0
20251116,LAC,Jordan Miller,11:02,4,2,2,3,0.333,0,1
20251116,BOS,Derrick White,38:52,22,7,9,17,0.412,0,1
20251116,BOS,Jaylen Brown,38:37,33,13,3,33,0.424,2,1
20251116,BOS,Neemias Queta,33:28,14,9,3,16,0.438,1,0
20251116,BOS,Jordan Walsh,33:13,6,8,3,5,0.4,3,0
20251116,BOS,Payton Pritchard,33:05,30,3,2,16,0.625,0,0
20251116,BOS,Baylor Scheierman,18:11,3,2,2,3,0.333,0,1
20251116,BOS,Luka Garza,14:24,13,4,0,6,0.833,0,0
20251116,BOS,Anfernee Simons,11:57,0,0,2,3,0.0,0,2
20251116,BOS,Josh Minott,11:29,0,1,1,1,0.0,0,0
20251116,BOS,Sam Hauser,6:45,0,2,1,3,0.0,0,1
20251116,SAC,DeMar DeRozan,39:04,27,2,4,15,0.8,2,1
20251116,SAC,Domantas Sabonis,36:11,17,13,5,14,0.5,3,3
20251116,SAC,Russell Westbrook,34:41,14,9,7,11,0.364,2,5
20251116,SAC,Zach LaVine,24:34,8,2,3,7,0.429,1,2
20251116,SAC,Keon Ellis,14:48,2,1,0,3,0.333,0,0
20251116,SAC,Dennis Schröder,35:13,22,6,5,13,0.615,1,0
20251116,SAC,Malik Monk,28:08,16,2,1,17,0.294,1,1
20251116,SAC,Drew Eubanks,11:49,2,1,0,2,0.5,0,0
20251116,SAC,Nique Clifford,10:57,1,0,0,3,0.0,0,0
20251116,SAC,Precious Achiuwa,4:35,1,1,0,2,0.0,0,0
20251116,SAS,De'Aaron Fox,34:34,28,2,11,20,0.55,1,2
20251116,SAS,Devin Vassell,33:54,16,3,7,14,0.429,2,1
20251116,SAS,Harrison Barnes,30:12,20,2,3,11,0.636,2,0
20251116,SAS,Luke Kornet,27:38,13,11,1,5,1.0,0,2
20251116,SAS,Stephon Castle,15:34,4,0,5,4,0.25,1,3
20251116,SAS,Julian Champagnie,26:09,12,2,0,9,0.444,1,1
20251116,SAS,Keldon Johnson,22:49,14,12,1,11,0.636,0,0
20251116,SAS,Jeremy Sochan,22:13,11,5,2,5,0.8,0,2
20251116,SAS,Kelly Olynyk,18:27,5,6,8,5,0.4,0,2
20251116,SAS,Carter Bryant,6:35,0,2,0,3,0.0,0,1
20251116,SAS,Bismack Biyombo,1:55,0,1,0,0,,0,0
20251116,BRK,Michael Porter Jr.,33:56,34,9,7,18,0.611,0,2
20251116,BRK,Nic Claxton,30:11,17,8,7,7,0.714,0,2
20251116,BRK,Noah Clowney,29:44,12,4,1,6,0.667,1,1
20251116,BRK,Terance Mann,29:07,10,7,3,8,0.25,0,2
20251116,BRK,Egor Dёmin,19:44,5,1,5,5,0.4,1,1
20251116,BRK,Ziaire Williams,30:03,13,4,0,7,0.429,0,1
20251116,BRK,Tyrese Martin,26:01,20,2,4,12,0.667,1,2
20251116,BRK,Drake Powell,18:53,6,4,2,6,0.5,1,1
20251116,BRK,Day'Ron Sharpe,15:33,6,5,3,4,0.5,0,2
20251116,BRK,Tyson Etienne,2:16,3,0,0,3,0.333,0,0
20251116,BRK,Jalen Wilson,2:16,3,0,0,1,1.0,0,0
20251116,BRK,E.J. Liddell,2:16,0,0,0,2,0.0,0,0
20251116,WAS,CJ McCollum,32:09,17,2,3,12,0.5,2,1
20251116,WAS,Kyshawn George,31:44,29,6,5,16,0.563,0,4
20251116,WAS,Bilal Coulibaly,27:35,6,3,4,6,0.333,2,0
20251116,WAS,Khris Middleton,27:22,14,5,2,7,0.571,1,1
20251116,WAS,Alex Sarr,23:06,9,3,1,12,0.333,0,0
20251116,WAS,Bub Carrington,20:08,5,4,3,5,0.4,1,0
20251116,WAS,Tre Johnson,17:00,6,0,1,9,0.333,0,1
20251116,WAS,Marvin Bagley III,16:45,4,3,1,3,0.333,0,1
20251116,WAS,Corey Kispert,15:10,4,2,0,4,0.5,1,0
20251116,WAS,Cam Whitmore,13:09,6,2,1,5,0.4,0,1
20251116,WAS,Tristan Vukcevic,6:37,2,2,0,1,1.0,0,1
20251116,WAS,Justin Champagnie,6:31,4,0,0,3,0.333,0,0
20251116,WAS,AJ Johnson,2:44,0,1,0,1,0.0,0,0
20251116,ORL,Desmond Bane,44:15,26,4,4,20,0.45,1,3
20251116,ORL,Franz Wagner,42:50,29,5,4,21,0.381,2,2
20251116,ORL,Tristan Da Silva,40:22,13,6,2,10,0.5,3,0
20251116,ORL,Wendell Carter Jr.,37:25,15,6,2,11,0.455,1,1
20251116,ORL,Anthony Black,35:46,18,3,4,14,0.5,1,2
20251116,ORL,Jett Howard,19:39,5,2,2,6,0.333,1,0
20251116,ORL,Goga Bitadze,15:33,4,4,1,2,0.5,1,0
20251116,ORL,Tyus Jones,15:20,0,2,2,4,0.0,1,0
20251116,ORL,Jonathan Isaac,13:50,3,6,0,3,0.333,0,0
20251116,HOU,Kevin Durant,45:05,35,5,6,24,0.542,0,5
20251116,HOU,Alperen Şengün,44:36,30,12,8,31,0.355,0,5
20251116,HOU,Jabari Smith Jr.,43:09,10,10,0,9,0.444,1,1
20251116,HOU,Amen Thompson,38:48,12,10,2,13,0.308,0,1
20251116,HOU,Josh Okogie,21:47,1,2,1,0,,2,0
20251116,HOU,Reed Sheppard,28:46,16,7,2,11,0.545,1,0
20251116,HOU,Steven Adams,27:15,3,13,0,8,0.125,0,2
20251116,HOU,Aaron Holiday,15:35,10,1,0,4,0.75,0,0
20251116,GSW,Moses Moody,33:04,32,4,0,16,0.625,3,1
20251116,GSW,Jimmy Butler,31:15,18,3,10,8,0.75,3,6
20251116,GSW,Stephen Curry,28:07,9,5,3,11,0.182,0,4
20251116,GSW,Draymond Green,24:47,8,10,6,13,0.231,2,5
20251116,GSW,Will Richard,22:13,9,7,1,9,0.444,0,2
20251116,GSW,Brandin Podziemski,25:47,19,3,3,13,0.615,0,0
20251116,GSW,Al Horford,20:11,6,2,6,5,0.4,2,1
20251116,GSW,Buddy Hield,19:51,11,2,2,8,0.5,3,1
20251116,GSW,Gary Payton II,12:03,0,3,0,2,0.0,1,0
20251116,GSW,Quinten Post,10:14,4,7,0,4,0.25,0,0
20251116,GSW,Gui Santos,4:43,3,0,0,3,0.333,0,0
20251116,GSW,Pat Spencer,4:43,3,0,2,1,1.0,0,1
20251116,GSW,Trayce Jackson-Davis,3:02,2,1,1,1,1.0,0,0
20251116,NOP,Trey Murphy III,31:09,20,8,2,13,0.462,3,5
20251116,NOP,Saddiq Bey,28:47,11,7,1,10,0.4,2,2
20251116,NOP,Herbert Jones,28:43,6,2,1,7,0.286,2,2
20251116,NOP,Jeremiah Fears,25:09,17,5,1,14,0.5,0,4
20251116,NOP,Derik Queen,24:34,9,7,6,4,0.5,0,1
20251116,NOP,Jose Alvarado,25:14,18,1,3,12,0.5,0,4
20251116,NOP,Yves Missi,24:45,8,7,2,8,0.5,1,1
20251116,NOP,Karlo Matković,20:01,4,2,3,3,0.667,2,1
20251116,NOP,Jordan Hawkins,14:45,5,4,2,6,0.333,0,0
20251116,NOP,Bryce McGowens,12:35,8,1,0,6,0.5,1,0
20251116,NOP,Micah Peavy,4:18,0,1,1,0,,0,0
20251116,POR,Toumani Camara,40:31,11,10,3,13,0.385,1,2
20251116,POR,Jerami Grant,39:23,26,5,2,20,0.35,0,1
20251116,POR,Deni Avdija,39:07,29,6,7,20,0.5,0,4
20251116,POR,Shaedon Sharpe,38:31,36,4,6,32,0.375,1,3
20251116,POR,Donovan Clingan,27:54,16,11,2,11,0.545,0,0
20251116,POR,Kris Murray,32:13,6,5,2,2,1.0,3,0
20251116,POR,Robert Williams,16:38,6,5,1,5,0.6,2,0
20251116,POR,Caleb Love,14:15,2,2,2,6,0.167,1,0
20251116,POR,Sidy Cissoko,11:41,1,2,1,2,0.0,0,1
20251116,POR,Rayan Rupert,4:46,0,3,0,2,0.0,0,0
20251116,DAL,P.J. Washington,38:20,21,7,2,16,0.438,1,5
20251116,DAL,Cooper Flagg,37:06,21,8,5,16,0.563,1,0
20251116,DAL,Daniel Gafford,31:11,20,6,2,8,0.75,1,0
20251116,DAL,Brandon Williams,30:44,15,3,6,10,0.5,1,1
20251116,DAL,Max Christie,28:19,14,4,4,7,0.571,1,1
20251116,DAL,Naji Marshall,27:04,9,9,3,6,0.5,2,2
20251116,DAL,Klay Thompson,25:40,19,3,2,16,0.438,0,1
20251116,DAL,D'Angelo Russell,22:16,12,2,7,11,0.364,0,2
20251116,DAL,Dereck Lively II,11:52,2,3,1,2,0.5,0,2
20251116,DAL,Moussa Cisse,7:24,5,1,0,3,0.667,0,0
20251116,DAL,Caleb Martin,5:04,0,1,1,0,,0,0
20251116,ATL,Jalen Johnson,39:27,25,10,7,13,0.692,1,5
20251116,ATL,Onyeka Okongwu,37:11,27,4,5,15,0.6,2,2
20251116,ATL,Dyson Daniels,36:39,11,7,12,6,0.833,3,4
20251116,ATL,Nickeil Alexander-Walker,35:16,26,3,4,18,0.5,2,2
20251116,ATL,Zaccharie Risacher,26:06,15,3,4,13,0.462,2,1
20251116,ATL,Vít Krejčí,21:54,7,3,2,7,0.429,0,1
20251116,ATL,Keaton Wallace,12:28,5,1,1,4,0.5,1,1
20251116,ATL,Luke Kennard,11:35,0,1,0,2,0.0,0,0
20251116,ATL,Mouhamed Gueye,10:23,0,1,0,2,0.0,0,1
20251116,ATL,Asa Newell,9:01,8,1,0,5,0.4,0,0
20251116,PHO,Devin Booker,37:36,27,2,7,23,0.435,1,5
20251116,PHO,Dillon Brooks,35:32,34,6,1,25,0.56,3,3
20251116,PHO,Mark Williams,28:06,8,4,1,5,0.8,0,2
20251116,PHO,Royce O'Neale,24:56,3,6,1,9,0.111,0,0
20251116,PHO,Ryan Dunn,23:56,12,4,4,9,0.444,2,1
20251116,PHO,Collin Gillespie,31:51,15,8,7,13,0.385,2,2
20251116,PHO,Jordan Goodwin,21:46,14,7,2,9,0.667,1,1
20251116,PHO,Isaiah Livers,17:09,6,5,0,2,1.0,0,0
20251116,PHO,Nick Richards,13:53,3,5,0,2,0.5,0,2
20251116,PHO,Oso Ighodaro,5:15,0,0,0,0,,0,1
20251116,CHI,Josh Giddey,42:18,26,13,13,21,0.429,2,6
20251116,CHI,Nikola Vučević,41:24,21,12,2,17,0.471,0,0
20251116,CHI,Isaac Okoro,40:22,5,6,3,7,0.286,1,1
20251116,CHI,Matas Buzelis,33:14,18,6,1,13,0.538,1,0
20251116,CHI,Kevin Huerter,32:31,6,8,2,8,0.25,1,1
20251116,CHI,Coby White,30:19,27,4,8,14,0.357,1,3
20251116,CHI,Ayo Dosunmu,25:49,18,1,5,10,0.6,0,3
20251116,CHI,Jalen Smith,16:36,8,8,3,8,0.375,0,1
20251116,CHI,Patrick Williams,14:09,8,1,1,5,0.6,1,2
20251116,CHI,Julian Phillips,13:19,10,1,0,5,0.8,0,0
20251116,UTA,Lauri Markkanen,46:22,47,7,2,33,0.455,2,1
20251116,UTA,Keyonte George,43:58,33,2,6,27,0.37,4,4
20251116,UTA,Jusuf Nurkić,38:02,5,14,5,6,0.333,3,1
20251116,UTA,Svi Mykhailiuk,28:39,10,0,3,6,0.667,0,0
20251116,UTA,Ace Bailey,10:26,5,1,0,5,0.4,0,0
20251116,UTA,Isaiah Collier,36:30,16,4,9,6,0.667,2,3
20251116,UTA,Brice Sensabaugh,27:49,16,6,1,9,0.556,1,0
20251116,UTA,Kyle Filipowski,21:07,8,9,1,7,0.571,1,0
20251116,UTA,Cody Williams,18:40,0,2,0,4,0.0,0,0
20251116,UTA,Kevin Love,18:27,10,8,2,8,0.375,0,0
20251117,MIL,A.J. Green,40:29,12,3,4,10,0.4,1,0
20251117,MIL,Myles Turner,37:10,15,7,2,9,0.444,3,2
20251117,MIL,Ryan Rollins,28:46,24,3,5,22,0.409,1,4
20251117,MIL,Kyle Kuzma,24:09,10,5,2,12,0.333,1,0
20251117,MIL,Giannis Antetokounmpo,13:00,14,5,4,10,0.6,1,4
20251117,MIL,Gary Trent Jr.,31:27,12,2,0,10,0.5,1,2
20251117,MIL,Bobby Portis,26:43,11,6,0,7,0.429,1,0
20251117,MIL,Cole Anthony,21:30,4,1,8,8,0.25,0,2
20251117,MIL,Jericho Sims,11:31,2,2,1,2,0.5,0,0
20251117,MIL,Gary Harris,5:15,2,0,0,3,0.333,0,0
20251117,CLE,Evan Mobley,36:02,14,6,6,9,0.444,0,6
20251117,CLE,Donovan Mitchell,35:45,37,5,7,22,0.636,1,2
20251117,CLE,Sam Merrill,27:52,20,5,0,10,0.7,0,1
20251117,CLE,De'Andre Hunter,25:35,11,5,1,11,0.455,0,2
20251117,CLE,Jarrett Allen,24:46,12,6,2,7,0.571,0,2
20251117,CLE,Dean Wade,27:32,5,8,3,3,0.667,2,0
20251117,CLE,Lonzo Ball,23:04,6,5,5,8,0.25,2,1
20251117,CLE,Craig Porter Jr.,20:08,11,1,0,6,0.833,2,1
20251117,CLE,Nae'Qwan Tomlin,12:11,2,2,1,2,0.5,0,1
20251117,CLE,Thomas Bryant,7:05,0,2,0,1,0.0,0,0
20251117,IND,Pascal Siakam,33:49,29,7,1,17,0.471,1,3
20251117,IND,Andrew Nembhard,31:31,15,1,4,10,0.4,0,5
20251117,IND,Jarace Walker,28:27,8,3,1,4,0.5,2,3
20251117,IND,Isaiah Jackson,26:35,16,10,3,7,0.857,2,1
20251117,IND,Bennedict Mathurin,25:15,25,3,2,16,0.438,1,4
20251117,IND,Ben Sheppard,28:41,4,4,4,7,0.286,1,0
20251117,IND,Jeremiah Robinson-Earl,20:22,4,9,0,8,0.25,0,0
20251117,IND,Tony Bradley,17:29,4,5,1,6,0.167,0,3
20251117,IND,T.J. McConnell,15:26,0,1,2,4,0.0,1,1
20251117,IND,Jay Huff,8:03,5,0,0,4,0.5,0,0
20251117,IND,Monte Morris,2:11,2,0,0,1,1.0,0,1
20251117,IND,Taelon Peter,2:11,0,0,1,0,,0,0
20251117,DET,Duncan Robinson,34:17,13,2,4,12,0.333,2,1
20251117,DET,Daniss Jenkins,33:27,26,2,8,21,0.524,1,4
20251117,DET,Ron Holland,30:31,7,7,2,6,0.5,1,3
20251117,DET,Jalen Duren,28:34,31,15,3,13,0.923,0,1
20251117,DET,Isaiah Stewart,20:26,10,2,0,7,0.429,0,2
20251117,DET,Javonte Green,27:08,20,4,0,11,0.636,2,0
20251117,DET,Chaz Lanier,18:24,3,2,1,3,0.333,1,0
20251117,DET,Caris LeVert,17:26,8,5,8,8,0.5,0,3
20251117,DET,Wendell Moore Jr.,15:00,0,2,0,2,0.0,1,1
20251117,DET,Paul Reed,13:28,7,2,3,3,0.667,1,1
20251117,DET,Isaac Jones,1:19,2,0,0,2,0.5,0,0
20251117,LAC,James Harden,36:47,28,6,5,25,0.28,1,4
20251117,LAC,Ivica Zubac,33:56,14,13,1,13,0.538,1,0
20251117,LAC,Kobe Sanders,30:24,17,1,1,11,0.455,1,1
20251117,LAC,John Collins,27:15,11,7,0,8,0.375,0,1
20251117,LAC,Kris Dunn,27:06,7,2,5,5,0.6,1,1
20251117,LAC,Bogdan Bogdanović,26:29,9,7,5,9,0.333,1,0
20251117,LAC,Nicolas Batum,20:47,11,6,1,7,0.429,1,1
20251117,LAC,Brook Lopez,14:02,6,1,0,5,0.4,0,1
20251117,LAC,Cam Christie,12:01,2,0,0,2,0.5,0,1
20251117,LAC,Chris Paul,11:13,3,2,0,2,0.5,0,0
20251117,PHI,Tyrese Maxey,40:57,39,3,6,27,0.481,1,4
20251117,PHI,Andre Drummond,37:56,14,18,0,8,0.625,1,1
20251117,PHI,VJ Edgecombe,37:19,14,6,6,13,0.462,0,0
20251117,PHI,Dominick Barlow,21:12,7,1,0,4,0.75,3,2
20251117,PHI,Paul George,21:06,9,7,3,9,0.222,0,1
20251117,PHI,Quentin Grimes,35:34,19,2,3,10,0.6,1,0
20251117,PHI,Trendon Watford,18:56,8,4,4,6,0.667,1,1
20251117,PHI,Justin Edwards,18:02,0,5,4,6,0.0,0,0
20251117,PHI,Jared McCain,5:06,0,0,0,0,,0,0
20251117,PHI,Jabari Walker,3:52,0,0,0,1,0.0,0,0
20251117,NYK,Landry Shamet,39:26,10,3,4,11,0.182,0,0
20251117,NYK,Mikal Bridges,39:13,23,3,4,14,0.643,2,2
20251117,NYK,Miles McBride,38:44,25,4,0,23,0.435,0,1
20251117,NYK,Karl-Anthony Towns,32:37,22,15,2,19,0.368,0,4
20251117,NYK,Mitchell Robinson,18:29,5,11,1,3,0.667,1,1
20251117,NYK,Josh Hart,34:05,14,5,9,11,0.545,2,6
20251117,NYK,Jordan Clarkson,26:03,14,3,3,13,0.538,1,1
20251117,NYK,Guerschon Yabusele,10:00,0,3,0,0,,0,0
20251117,NYK,Mohamed Diawara,1:23,0,1,0,0,,1,0
20251117,MIA,Andrew Wiggins,32:57,6,4,4,15,0.2,0,0
20251117,MIA,Davion Mitchell,32:30,18,3,5,12,0.583,0,3
20251117,MIA,Norman Powell,31:43,19,1,3,20,0.45,1,2
20251117,MIA,Kel'el Ware,30:41,16,14,1,9,0.778,1,0
20251117,MIA,Pelle Larsson,26:16,13,7,4,9,0.444,0,2
20251117,MIA,Jaime Jaquez Jr.,32:28,13,1,4,11,0.455,0,5
20251117,MIA,Simone Fontecchio,20:36,14,4,3,11,0.455,2,0
20251117,MIA,Dru Smith,15:30,11,3,3,5,0.6,1,0
20251117,MIA,Nikola Jović,14:59,5,1,2,7,0.286,0,0
20251117,MIA,Keshad Johnson,2:20,0,2,0,2,0.0,0,0
20251117,CHO,Miles Bridges,38:29,22,8,3,22,0.409,3,4
20251117,CHO,Kon Knueppel,35:46,24,7,1,16,0.563,3,3
20251117,CHO,Ryan Kalkbrenner,28:28,7,10,0,3,0.667,0,2
20251117,CHO,LaMelo Ball,27:32,20,5,8,19,0.316,1,3
20251117,CHO,Sion James,24:55,0,5,2,4,0.0,1,2
20251117,CHO,Collin Sexton,27:45,17,3,2,12,0.417,0,1
20251117,CHO,Moussa Diabaté,19:35,8,7,2,3,1.0,0,1
20251117,CHO,Drew Peterson,16:08,1,1,1,3,0.0,0,0
20251117,CHO,Tre Mann,12:19,4,1,0,3,0.667,3,0
20251117,CHO,Pat Connaughton,9:03,5,1,0,2,0.5,0,0
20251117,TOR,Brandon Ingram,37:29,27,6,3,21,0.429,2,5
20251117,TOR,Scottie Barnes,33:18,16,6,6,16,0.5,1,1
20251117,TOR,RJ Barrett,32:54,16,3,3,16,0.438,1,1
20251117,TOR,Jakob Poeltl,31:41,13,9,1,7,0.857,0,1
20251117,TOR,Immanuel Quickley,31:05,15,10,4,11,0.545,2,3
20251117,TOR,Jamal Shead,20:11,2,2,4,2,0.5,2,3
20251117,TOR,Gradey Dick,19:21,10,1,2,5,0.6,0,0
20251117,TOR,Collin Murray-Boyles,15:22,4,1,1,3,0.333,0,1
20251117,TOR,Sandro Mamukelashvili,14:51,7,4,1,7,0.429,0,1
20251117,TOR,Ja'Kobe Walter,3:48,0,1,0,0,,0,1
20251117,DAL,Cooper Flagg,26:51,15,1,2,10,0.6,0,1
20251117,DAL,Moussa Cisse,25:30,5,10,0,6,0.333,1,1
20251117,DAL,P.J. Washington,24:53,13,7,2,12,0.417,1,2
20251117,DAL,Brandon Williams,24:17,15,5,2,12,0.333,1,2
20251117,DAL,Max Christie,18:45,1,0,1,1,0.0,0,1
20251117,DAL,Naji Marshall,23:15,7,3,0,9,0.333,1,2
20251117,DAL,D'Angelo Russell,22:24,8,2,4,11,0.364,0,4
20251117,DAL,Caleb Martin,17:33,6,3,1,4,0.5,1,2
20251117,DAL,Klay Thompson,17:11,7,0,0,9,0.333,2,1
20251117,DAL,Dwight Powell,16:33,0,5,1,0,,0,0
20251117,DAL,Jaden Hardy,13:43,17,3,0,9,0.444,0,4
20251117,DAL,Miles Kelly,9:05,2,4,0,2,0.5,0,0
20251117,MIN,Anthony Edwards,29:24,13,4,3,14,0.357,2,2
20251117,MIN,Rudy Gobert,29:06,15,9,4,8,0.75,2,2
20251117,MIN,Julius Randle,26:54,12,6,4,16,0.25,1,1
20251117,MIN,Donte DiVincenzo,26:19,14,5,2,8,0.5,0,1
20251117,MIN,Jaden McDaniels,23:16,15,5,3,6,0.667,2,3
20251117,MIN,Naz Reid,22:34,22,12,2,14,0.643,0,3
20251117,MIN,Jaylen Clark,18:47,5,6,0,5,0.4,1,0
20251117,MIN,Mike Conley,15:41,5,2,3,4,0.5,3,1
20251117,MIN,Rob Dillingham,12:58,8,1,1,12,0.333,2,2
20251117,MIN,Leonard Miller,9:40,0,3,3,2,0.0,1,1
20251117,MIN,Joan Beringer,7:46,6,4,0,4,0.5,0,0
20251117,MIN,Bones Hyland,7:46,2,2,1,2,0.5,1,0
20251117,MIN,Joe Ingles,6:50,0,0,1,0,,1,0
20251117,MIN,Johnny Juzang,2:59,3,0,0,2,0.5,0,0
20251117,OKC,Chet Holmgren,32:49,26,9,0,14,0.714,0,3
20251117,OKC,Shai Gilgeous-Alexander,28:56,23,2,8,9,0.556,3,3
20251117,OKC,Cason Wallace,28:17,7,2,4,10,0.3,3,3
20251117,OKC,Luguentz Dort,27:48,17,1,1,9,0.556,1,0
20251117,OKC,Isaiah Hartenstein,26:50,16,7,6,10,0.7,4,2
20251117,OKC,Isaiah Joe,26:12,14,3,4,11,0.455,0,1
20251117,OKC,Ajay Mitchell,25:52,11,2,1,14,0.286,1,0
20251117,OKC,Jaylin Williams,18:27,0,5,1,2,0.0,0,4
20251117,OKC,Branden Carlson,10:37,7,4,2,5,0.4,0,0
20251117,OKC,Brooks Barnhizer,7:10,2,2,1,1,1.0,0,0
20251117,OKC,Ousmane Dieng,4:19,0,0,2,1,0.0,0,0
20251117,OKC,Chris Youngblood,2:43,3,1,0,1,1.0,0,0
20251117,NOP,Trey Murphy III,33:20,18,5,1,9,0.667,3,3
20251117,NOP,Derik Queen,26:26,9,8,3,10,0.3,2,6
20251117,NOP,Herbert Jones,26:15,5,2,1,8,0.125,1,4
20251117,NOP,Jeremiah Fears,25:21,24,1,1,16,0.563,0,3
20251117,NOP,Yves Missi,21:54,6,2,2,6,0.5,1,2
20251117,NOP,Jordan Hawkins,25:24,11,2,6,11,0.455,0,0
20251117,NOP,Micah Peavy,24:11,16,4,4,9,0.778,0,0
20251117,NOP,Jose Alvarado,22:47,6,2,1,9,0.333,2,1
20251117,NOP,Karlo Matković,21:50,10,6,2,5,0.8,0,1
20251117,NOP,Bryce McGowens,12:32,4,3,0,3,0.333,0,0
20251117,CHI,Josh Giddey,30:19,21,14,6,12,0.667,0,2
20251117,CHI,Matas Buzelis,29:05,13,4,2,14,0.357,0,1
20251117,CHI,Nikola Vučević,29:00,8,9,6,13,0.231,1,1
20251117,CHI,Kevin Huerter,24:00,20,2,1,12,0.583,0,1
20251117,CHI,Isaac Okoro,19:57,2,1,1,3,0.333,0,0
20251117,CHI,Ayo Dosunmu,25:50,21,3,5,9,0.889,0,1
20251117,CHI,Jevon Carter,18:08,15,4,1,13,0.385,0,1
20251117,CHI,Dalen Terry,18:04,5,3,4,4,0.5,0,1
20251117,CHI,Jalen Smith,17:57,16,8,2,11,0.545,2,1
20251117,CHI,Patrick Williams,16:58,7,2,2,7,0.286,1,0
20251117,CHI,Julian Phillips,10:42,2,3,1,4,0.25,1,0
20251117,DEN,Nikola Jokić,38:38,36,18,13,27,0.481,1,2
20251117,DEN,Jamal Murray,38:16,34,11,4,22,0.545,1,2
20251117,DEN,Cameron Johnson,36:55,19,4,3,12,0.5,0,0
20251117,DEN,Peyton Watson,34:02,5,3,1,4,0.5,1,1
20251117,DEN,Aaron Gordon,32:25,24,10,0,18,0.556,0,0
20251117,DEN,Bruce Brown,22:32,0,2,0,2,0.0,0,0
20251117,DEN,Tim Hardaway Jr.,16:12,4,2,0,8,0.25,3,0
20251117,DEN,Jalen Pickett,10:27,3,1,0,3,0.333,0,0
20251117,DEN,Spencer Jones,6:01,0,0,0,0,,0,1
20251117,DEN,Jonas Valančiūnas,4:33,2,2,0,1,0.0,0,2
20251118,GSW,Jimmy Butler,38:14,33,7,4,16,0.625,3,3
20251118,GSW,Stephen Curry,34:13,34,3,9,23,0.522,3,5
20251118,GSW,Draymond Green,31:24,12,6,6,8,0.625,0,3
20251118,GSW,Moses Moody,29:34,6,4,2,6,0.333,2,3
20251118,GSW,Will Richard,15:18,6,0,2,2,1.0,1,1
20251118,GSW,Al Horford,27:10,9,6,1,6,0.333,2,2
20251118,GSW,Brandin Podziemski,26:31,5,6,0,7,0.286,0,0
20251118,GSW,Buddy Hield,15:12,2,0,0,3,0.333,0,1
20251118,GSW,Quinten Post,12:09,2,3,1,4,0.25,0,0
20251118,GSW,Gary Payton II,10:15,4,1,1,3,0.667,0,0
20251118,ORL,Desmond Bane,39:10,23,6,5,16,0.438,5,3
20251118,ORL,Franz Wagner,36:23,18,8,3,17,0.412,1,1
20251118,ORL,Wendell Carter Jr.,35:07,17,12,2,7,0.714,1,1
20251118,ORL,Jalen Suggs,31:56,13,5,8,11,0.364,2,3
20251118,ORL,Tristan Da Silva,28:52,15,4,2,13,0.462,1,2
20251118,ORL,Anthony Black,32:45,21,4,2,13,0.615,2,1
20251118,ORL,Tyus Jones,14:55,8,0,3,3,1.0,1,1
20251118,ORL,Goga Bitadze,13:54,6,2,3,3,1.0,1,1
20251118,ORL,Jonathan Isaac,6:49,0,2,0,2,0.0,0,1
20251118,ORL,Jamal Cain,0:09,0,0,0,0,,0,0
20251118,DET,Cade Cunningham,33:49,25,6,10,23,0.435,2,3
20251118,DET,Duncan Robinson,30:41,14,3,3,10,0.5,1,2
20251118,DET,Daniss Jenkins,29:40,14,3,7,10,0.6,2,1
20251118,DET,Jalen Duren,28:54,24,8,3,12,0.667,2,2
20251118,DET,Isaiah Stewart,26:10,13,9,3,7,0.571,0,2
20251118,DET,Javonte Green,28:37,9,3,1,5,0.6,2,2
20251118,DET,Ausar Thompson,23:45,6,2,0,5,0.6,1,0
20251118,DET,Ron Holland,18:35,2,1,1,2,0.5,1,0
20251118,DET,Chaz Lanier,10:59,9,2,0,7,0.429,0,0
20251118,DET,Paul Reed,8:50,4,2,0,2,1.0,1,0
20251118,ATL,Jalen Johnson,39:06,25,8,9,18,0.444,3,4
20251118,ATL,Dyson Daniels,37:35,12,9,6,9,0.667,3,3
20251118,ATL,Nickeil Alexander-Walker,36:43,24,3,3,20,0.45,0,0
20251118,ATL,Vít Krejčí,36:06,9,3,2,9,0.333,0,2
20251118,ATL,Onyeka Okongwu,33:35,21,1,3,13,0.615,1,5
20251118,ATL,Mouhamed Gueye,21:24,11,11,1,10,0.5,0,1
20251118,ATL,Luke Kennard,17:05,3,0,5,2,0.5,1,1
20251118,ATL,Keaton Wallace,13:08,7,0,2,4,0.5,1,1
20251118,ATL,Caleb Houstan,3:23,0,0,0,2,0.0,0,0
20251118,ATL,Asa Newell,1:55,0,0,0,0,,0,0
20251118,BOS,Payton Pritchard,35:15,22,10,5,16,0.375,0,3
20251118,BOS,Derrick White,32:47,15,5,4,15,0.4,2,4
20251118,BOS,Jaylen Brown,32:00,29,4,4,19,0.474,1,8
20251118,BOS,Neemias Queta,22:51,6,7,2,5,0.6,0,0
20251118,BOS,Jordan Walsh,11:13,4,1,0,2,1.0,0,0
20251118,BOS,Anfernee Simons,26:09,11,4,5,4,0.75,0,3
20251118,BOS,Sam Hauser,22:01,8,7,3,7,0.429,2,0
20251118,BOS,Luka Garza,20:23,5,5,0,1,1.0,1,1
20251118,BOS,Josh Minott,19:15,10,4,0,4,0.75,0,0
20251118,BOS,Baylor Scheierman,13:22,3,2,1,2,0.5,0,0
20251118,BOS,Xavier Tillman Sr.,4:47,0,0,1,0,,0,0
20251118,BRK,Michael Porter Jr.,33:42,25,6,2,16,0.5,3,1
20251118,BRK,Nic Claxton,30:06,7,11,3,9,0.111,0,3
20251118,BRK,Terance Mann,27:13,3,4,7,4,0.25,0,1
20251118,BRK,Egor Dёmin,23:15,12,3,4,10,0.4,1,4
20251118,BRK,Noah Clowney,22:41,13,1,0,8,0.5,1,0
20251118,BRK,Ziaire Williams,27:20,12,4,3,11,0.364,1,1
20251118,BRK,Drake Powell,24:28,3,1,1,5,0.2,1,2
20251118,BRK,Day'Ron Sharpe,17:54,16,7,2,10,0.7,3,1
20251118,BRK,Tyrese Martin,17:53,8,1,2,6,0.5,2,0
20251118,BRK,Jalen Wilson,11:36,0,1,0,3,0.0,0,0
20251118,BRK,Nolan Traoré,1:56,0,0,1,0,,0,0
20251118,BRK,Danny Wolf,1:56,0,0,0,0,,0,0
20251118,MEM,Jaren Jackson Jr.,33:11,18,6,3,20,0.4,0,3
20251118,MEM,Vince Williams Jr.,29:50,14,9,9,13,0.385,0,1
20251118,MEM,Jaylen Wells,26:38,9,1,2,9,0.444,2,0
20251118,MEM,Cedric Coward,25:30,19,11,1,15,0.467,0,3
20251118,MEM,Zach Edey,25:05,8,11,2,10,0.4,0,3
20251118,MEM,Santi Aldama,25:52,10,6,2,10,0.4,1,1
20251118,MEM,Cam Spencer,23:39,15,2,3,10,0.6,0,1
20251118,MEM,Kentavious Caldwell-Pope,18:56,4,3,3,6,0.333,1,0
20251118,MEM,Jock Landale,17:33,4,7,2,9,0.222,1,2
20251118,MEM,John Konchar,13:47,0,3,3,2,0.0,1,0
20251118,SAS,Devin Vassell,34:40,10,3,5,11,0.273,2,1
20251118,SAS,De'Aaron Fox,33:12,26,1,3,20,0.5,2,2
20251118,SAS,Harrison Barnes,32:09,23,5,3,14,0.643,1,0
20251118,SAS,Luke Kornet,25:05,0,4,3,1,0.0,1,0
20251118,SAS,Julian Champagnie,24:23,9,1,0,6,0.5,0,1
20251118,SAS,Keldon Johnson,30:14,18,7,2,15,0.533,2,2
20251118,SAS,Jeremy Sochan,22:12,8,6,2,6,0.5,0,2
20251118,SAS,Kelly Olynyk,18:34,10,5,3,6,0.5,2,1
20251118,SAS,Carter Bryant,7:45,5,2,0,5,0.4,0,0
20251118,SAS,David Jones García,6:55,2,1,2,1,1.0,0,0
20251118,SAS,Lindy Waters III,4:51,0,3,0,2,0.0,0,0
20251118,UTA,Keyonte George,35:21,34,4,8,23,0.565,2,4
20251118,UTA,Lauri Markkanen,32:01,31,5,2,21,0.571,2,1
20251118,UTA,Jusuf Nurkić,28:52,10,10,6,5,0.8,2,6
20251118,UTA,Svi Mykhailiuk,25:12,13,3,1,7,0.714,0,1
20251118,UTA,Ace Bailey,23:22,13,1,1,12,0.5,1,1
20251118,UTA,Isaiah Collier,20:59,9,2,6,6,0.5,0,4
20251118,UTA,Cody Williams,20:36,4,0,0,5,0.4,1,0
20251118,UTA,Kyle Anderson,20:02,5,3,5,5,0.4,2,0
20251118,UTA,Brice Sensabaugh,17:23,3,1,3,6,0.167,2,1
20251118,UTA,Kevin Love,13:32,0,4,0,2,0.0,0,0
20251118,UTA,Elijah Harkless,2:40,4,0,1,0,,1,0
20251118,LAL,Luka Dončić,34:14,37,5,10,22,0.5,4,8
20251118,LAL,Austin Reaves,33:26,26,5,1,11,0.636,1,4
20251118,LAL,Deandre Ayton,30:00,20,14,1,13,0.769,1,1
20251118,LAL,LeBron James,29:37,11,3,12,7,0.571,1,1
20251118,LAL,Rui Hachimura,25:42,6,4,1,8,0.375,0,0
20251118,LAL,Jake LaRavia,25:30,16,4,2,10,0.6,1,0
20251118,LAL,Marcus Smart,17:09,5,3,1,5,0.4,0,0
20251118,LAL,Gabe Vincent,16:01,6,0,1,3,0.667,0,0
20251118,LAL,Jaxson Hayes,15:02,8,3,0,3,1.0,1,0
20251118,LAL,Bronny James,3:33,3,0,2,1,1.0,0,3
20251118,LAL,Adou Thiero,3:33,2,0,0,1,1.0,0,0
20251118,LAL,Dalton Knecht,3:33,0,0,0,0,,0,0
20251118,LAL,Maxi Kleber,2:40,0,0,0,0,,0,0
20251118,PHO,Royce O'Neale,31:10,9,5,1,10,0.3,2,1
20251118,PHO,Devin Booker,29:03,19,6,5,13,0.462,3,1
20251118,PHO,Ryan Dunn,26:32,9,3,4,8,0.5,5,1
20251118,PHO,Dillon Brooks,25:38,12,2,4,11,0.455,3,3
20251118,PHO,Mark Williams,21:16,15,6,1,9,0.778,2,2
20251118,PHO,Collin Gillespie,28:11,19,3,6,11,0.545,1,3
20251118,PHO,Jordan Goodwin,21:48,10,4,1,10,0.4,3,1
20251118,PHO,Oso Ighodaro,16:05,14,4,1,7,0.857,0,1
20251118,PHO,Isaiah Livers,12:38,5,2,0,3,0.333,0,0
20251118,PHO,Nick Richards,10:39,8,2,0,7,0.571,0,0
20251118,PHO,Rasheer Fleming,10:00,4,6,0,4,0.0,0,2
20251118,PHO,Nigel Hayes-Davis,3:36,0,3,0,3,0.0,0,0
20251118,PHO,Jamaree Bouyea,3:26,3,0,1,2,0.5,0,0
20251118,POR,Toumani Camara,32:15,6,2,3,10,0.2,1,4
20251118,POR,Shaedon Sharpe,29:40,29,2,3,24,0.5,1,2
20251118,POR,Deni Avdija,29:11,19,5,5,17,0.412,0,1
20251118,POR,Kris Murray,25:08,3,4,0,4,0.25,0,0
20251118,POR,Donovan Clingan,23:27,9,12,2,8,0.375,0,2
20251118,POR,Caleb Love,32:07,17,7,3,14,0.5,1,3
20251118,POR,Sidy Cissoko,28:07,8,3,5,7,0.286,2,2
20251118,POR,Yang Hansen,13:08,9,5,3,7,0.571,0,3
20251118,POR,Duop Reath,10:25,3,0,0,2,0.5,0,0
20251118,POR,Rayan Rupert,8:27,3,1,0,2,0.5,1,1
20251118,POR,Robert Williams,8:06,4,2,0,2,1.0,1,1
20251119,HOU,Amen Thompson,40:19,12,9,6,14,0.429,5,1
20251119,HOU,Alperen Şengün,38:00,28,11,7,17,0.588,1,5
20251119,HOU,Kevin Durant,36:31,20,3,3,18,0.333,0,4
20251119,HOU,Jabari Smith Jr.,30:49,14,9,2,12,0.417,0,0
20251119,HOU,Steven Adams,27:59,6,11,3,6,0.333,0,2
20251119,HOU,Reed Sheppard,22:57,12,2,2,11,0.455,1,0
20251119,HOU,Aaron Holiday,19:17,18,0,0,7,0.714,1,0
20251119,HOU,Clint Capela,13:54,4,5,0,3,0.667,1,1
20251119,HOU,Josh Okogie,8:08,0,1,0,2,0.0,0,0
20251119,HOU,Jae'Sean Tate,2:07,0,0,0,0,,0,0
20251119,CLE,Evan Mobley,35:41,18,6,0,13,0.538,0,3
20251119,CLE,Donovan Mitchell,34:06,21,3,2,17,0.471,2,4
20251119,CLE,De'Andre Hunter,30:32,25,4,2,11,0.545,0,3
20251119,CLE,Jarrett Allen,28:16,8,7,3,9,0.444,1,1
20251119,CLE,Nae'Qwan Tomlin,19:38,10,2,0,10,0.4,0,0
20251119,CLE,Dean Wade,26:43,4,7,3,5,0.2,0,0
20251119,CLE,Craig Porter Jr.,25:47,9,7,5,6,0.667,0,1
20251119,CLE,Lonzo Ball,25:00,7,2,2,8,0.25,1,0
20251119,CLE,Tyrese Proctor,10:23,2,1,3,1,0.0,0,0
20251119,CLE,Thomas Bryant,3:53,0,0,0,1,0.0,0,0
20251119,CHO,Kon Knueppel,41:46,28,8,7,20,0.55,0,2
20251119,CHO,Miles Bridges,35:23,25,5,2,20,0.45,1,0
20251119,CHO,LaMelo Ball,27:18,18,7,9,21,0.238,2,6
20251119,CHO,Ryan Kalkbrenner,24:42,10,9,0,5,0.8,0,0
20251119,CHO,Sion James,23:23,1,2,1,4,0.0,1,1
20251119,CHO,Collin Sexton,25:09,11,0,5,13,0.308,1,2
20251119,CHO,Moussa Diabaté,24:08,8,12,3,9,0.333,0,1
20251119,CHO,Drew Peterson,18:34,4,3,0,6,0.333,1,0
20251119,CHO,Pat Connaughton,16:19,13,2,1,7,0.714,1,0
20251119,CHO,KJ Simpson,3:18,0,0,0,2,0.0,0,0
20251119,IND,Pascal Siakam,36:37,22,4,7,17,0.529,1,2
20251119,IND,Bennedict Mathurin,34:03,24,12,2,13,0.538,1,1
20251119,IND,Andrew Nembhard,33:57,16,2,7,15,0.4,0,6
20251119,IND,Ben Sheppard,31:19,15,4,2,10,0.5,2,0
20251119,IND,Isaiah Jackson,16:23,2,4,1,2,0.5,0,2
20251119,IND,Jay Huff,27:08,20,5,4,13,0.538,0,1
20251119,IND,Jarace Walker,25:34,9,4,0,6,0.5,0,2
20251119,IND,Jeremiah Robinson-Earl,16:30,3,2,1,2,0.5,1,0
20251119,IND,T.J. McConnell,14:03,14,6,8,6,1.0,0,1
20251119,IND,Tony Bradley,4:26,2,0,0,1,1.0,0,0
20251119,TOR,Immanuel Quickley,38:29,18,5,6,15,0.467,3,1
20251119,TOR,Scottie Barnes,36:02,16,9,5,17,0.471,1,6
20251119,TOR,RJ Barrett,33:54,22,3,4,12,0.5,0,0
20251119,TOR,Jakob Poeltl,32:50,19,8,4,10,0.8,1,1
20251119,TOR,Brandon Ingram,31:09,22,0,5,10,0.7,0,4
20251119,TOR,Jamal Shead,19:54,0,2,6,3,0.0,1,1
20251119,TOR,Sandro Mamukelashvili,15:10,7,2,2,5,0.4,1,0
20251119,TOR,Ja'Kobe Walter,14:33,11,1,1,5,0.8,3,1
20251119,TOR,Gradey Dick,14:31,4,1,0,4,0.5,2,0
20251119,TOR,Jamison Battle,3:28,2,0,0,3,0.333,0,0
20251119,PHI,Tyrese Maxey,38:30,24,2,9,14,0.571,3,3
20251119,PHI,VJ Edgecombe,37:06,21,6,4,20,0.4,3,4
20251119,PHI,Andre Drummond,34:03,10,12,0,9,0.556,2,3
20251119,PHI,Justin Edwards,22:33,8,2,2,6,0.333,1,2
20251119,PHI,Dominick Barlow,17:16,5,3,3,5,0.4,0,3
20251119,PHI,Quentin Grimes,31:56,21,2,2,15,0.467,2,1
20251119,PHI,Jabari Walker,23:13,9,9,2,6,0.667,0,1
20251119,PHI,Trendon Watford,21:28,9,3,2,5,0.6,0,3
20251119,PHI,Jared McCain,13:55,5,2,0,7,0.286,0,1
20251119,GSW,Moses Moody,35:42,9,6,4,12,0.25,1,3
20251119,GSW,Brandin Podziemski,34:27,20,8,2,19,0.316,0,3
20251119,GSW,Trayce Jackson-Davis,24:57,8,12,0,3,0.667,0,1
20251119,GSW,Gui Santos,18:26,4,6,0,7,0.143,0,2
20251119,GSW,Will Richard,18:05,0,3,0,3,0.0,0,1
20251119,GSW,Pat Spencer,32:07,11,8,13,13,0.385,2,2
20251119,GSW,Buddy Hield,30:50,18,6,3,20,0.35,2,4
20251119,GSW,Quinten Post,26:19,19,6,2,13,0.615,1,5
20251119,GSW,Gary Payton II,19:07,7,7,0,5,0.4,2,0
20251119,MIA,Andrew Wiggins,34:26,17,6,1,16,0.438,2,1
20251119,MIA,Bam Adebayo,28:48,20,7,3,13,0.538,1,1
20251119,MIA,Pelle Larsson,28:20,10,3,4,11,0.273,1,2
20251119,MIA,Norman Powell,28:18,25,6,3,14,0.714,1,1
20251119,MIA,Davion Mitchell,24:17,5,1,6,5,0.4,0,0
20251119,MIA,Jaime Jaquez Jr.,34:24,12,5,7,12,0.333,2,2
20251119,MIA,Dru Smith,23:43,4,4,4,5,0.2,2,2
20251119,MIA,Kel'el Ware,19:12,7,16,0,10,0.3,0,1
20251119,MIA,Simone Fontecchio,18:32,10,4,2,10,0.2,1,4
20251119,WAS,Kyshawn George,37:22,23,7,7,17,0.471,1,4
20251119,WAS,CJ McCollum,30:57,14,5,4,15,0.4,0,1
20251119,WAS,Marvin Bagley III,30:33,13,7,3,11,0.545,3,2
20251119,WAS,Bilal Coulibaly,29:20,13,4,4,6,0.833,0,1
20251119,WAS,Khris Middleton,27:27,13,6,2,10,0.6,0,1
20251119,WAS,Tristan Vukcevic,20:02,7,5,1,8,0.25,0,3
20251119,WAS,Cam Whitmore,19:38,13,6,2,8,0.625,0,0
20251119,WAS,Tre Johnson,17:22,10,1,0,6,0.667,2,3
20251119,WAS,Bub Carrington,16:36,3,1,1,3,0.333,0,1
20251119,WAS,Corey Kispert,10:43,0,1,1,4,0.0,0,1
20251119,MIN,Anthony Edwards,36:28,18,2,2,20,0.3,2,1
20251119,MIN,Rudy Gobert,36:05,9,15,3,5,0.8,0,4
20251119,MIN,Donte DiVincenzo,36:02,12,5,6,8,0.5,1,2
20251119,MIN,Julius Randle,32:36,32,10,6,19,0.579,0,1
20251119,MIN,Mike Conley,27:25,10,1,6,4,0.25,1,0
20251119,MIN,Naz Reid,27:19,28,5,1,21,0.524,2,1
20251119,MIN,Jaylen Clark,25:49,7,5,0,7,0.429,3,0
20251119,MIN,Bones Hyland,9:37,2,3,2,4,0.25,0,0
20251119,MIN,Rob Dillingham,8:39,2,4,2,6,0.167,2,0
20251119,DEN,Jamal Murray,35:33,16,0,8,14,0.357,0,3
20251119,DEN,Nikola Jokić,34:26,28,11,12,18,0.556,0,9
20251119,DEN,Peyton Watson,34:21,32,12,3,19,0.684,1,4
20251119,DEN,Cameron Johnson,32:28,14,3,5,8,0.75,1,2
20251119,DEN,Zeke Nnaji,26:36,2,4,0,3,0.0,2,0
20251119,DEN,Bruce Brown,27:01,12,3,4,7,0.714,3,2
20251119,DEN,Tim Hardaway Jr.,23:04,7,1,1,9,0.333,0,0
20251119,DEN,Jonas Valančiūnas,16:00,14,7,0,5,0.8,0,0
20251119,DEN,Spencer Jones,10:31,0,0,2,0,,1,0
20251119,NOP,Trey Murphy III,35:57,23,2,3,14,0.5,5,3
20251119,NOP,Derik Queen,30:25,30,9,4,18,0.667,2,4
20251119,NOP,Zion Williamson,29:06,14,6,5,13,0.462,1,3
20251119,NOP,Herbert Jones,29:00,9,2,3,8,0.375,2,0
20251119,NOP,Jeremiah Fears,25:28,16,3,1,15,0.467,0,0
20251119,NOP,Jose Alvarado,18:54,2,4,2,6,0.167,1,0
20251119,NOP,Saddiq Bey,18:54,2,2,2,3,0.0,1,1
20251119,NOP,Jordan Hawkins,17:37,6,1,1,7,0.429,0,1
20251119,NOP,Micah Peavy,17:04,9,3,1,8,0.375,0,0
20251119,NOP,Yves Missi,12:21,7,8,2,5,0.4,0,0
20251119,NOP,Kevon Looney,5:14,0,4,1,1,0.0,0,0
20251119,SAC,DeMar DeRozan,34:55,17,3,5,12,0.333,3,1
20251119,SAC,Zach LaVine,30:09,8,4,2,10,0.4,0,5
20251119,SAC,Russell Westbrook,29:37,7,11,6,7,0.429,3,2
20251119,SAC,Precious Achiuwa,26:12,15,9,3,12,0.5,1,2
20251119,SAC,Drew Eubanks,22:34,6,3,0,6,0.5,2,1
20251119,SAC,Dennis Schröder,31:45,21,5,3,21,0.429,0,4
20251119,SAC,Malik Monk,27:15,16,3,2,9,0.556,2,1
20251119,SAC,Maxime Raynaud,18:36,7,4,0,5,0.6,0,0
20251119,SAC,Keon Ellis,10:36,2,3,0,4,0.25,1,1
20251119,SAC,Nique Clifford,8:21,0,0,0,0,,0,1
20251119,OKC,Shai Gilgeous-Alexander,35:34,33,8,3,24,0.5,2,3
20251119,OKC,Luguentz Dort,33:04,14,4,1,10,0.5,1,2
20251119,OKC,Chet Holmgren,31:01,21,7,1,15,0.667,1,6
20251119,OKC,Isaiah Hartenstein,26:31,4,12,3,2,0.5,0,1
20251119,OKC,Cason Wallace,26:05,12,2,1,9,0.556,1,0
20251119,OKC,Ajay Mitchell,29:05,13,3,6,10,0.4,2,4
20251119,OKC,Alex Caruso,20:44,2,4,5,7,0.143,1,0
20251119,OKC,Isaiah Joe,20:20,7,2,1,5,0.2,0,0
20251119,OKC,Jaylin Williams,9:40,2,1,1,2,0.0,1,0
20251119,OKC,Branden Carlson,4:56,2,1,0,3,0.333,0,0
20251119,OKC,Chris Youngblood,1:30,3,0,0,1,1.0,0,0
20251119,OKC,Brooks Barnhizer,1:30,0,1,0,0,,0,0
20251119,NYK,Mikal Bridges,35:03,16,5,6,13,0.538,3,2
20251119,NYK,Karl-Anthony Towns,34:50,18,14,6,16,0.375,2,3
20251119,NYK,Jalen Brunson,34:46,28,3,5,23,0.478,1,1
20251119,NYK,Landry Shamet,23:07,9,3,1,6,0.5,1,1
20251119,NYK,Mitchell Robinson,21:33,3,8,1,1,1.0,0,1
20251119,NYK,Josh Hart,30:02,16,10,5,10,0.5,1,1
20251119,NYK,Miles McBride,21:45,11,0,2,12,0.333,0,0
20251119,NYK,Jordan Clarkson,20:17,8,4,0,5,0.4,0,0
20251119,NYK,Guerschon Yabusele,16:52,4,2,1,7,0.286,0,0
20251119,NYK,Mohamed Diawara,1:46,0,0,0,0,,0,0
20251119,DAL,Max Christie,37:21,15,7,1,10,0.5,1,3
20251119,DAL,P.J. Washington,33:26,6,10,4,12,0.083,3,1
20251119,DAL,Klay Thompson,26:32,13,2,2,11,0.455,0,0
20251119,DAL,Brandon Williams,20:25,9,2,4,11,0.182,1,3
20251119,DAL,Dereck Lively II,17:42,4,10,1,3,0.333,0,1
20251119,DAL,Naji Marshall,33:36,23,5,1,11,0.636,0,4
20251119,DAL,D'Angelo Russell,24:40,23,5,7,15,0.6,1,3
20251119,DAL,Daniel Gafford,24:36,7,8,2,3,0.667,0,1
20251119,DAL,Jaden Hardy,16:23,11,1,1,9,0.333,0,0
20251119,DAL,Moussa Cisse,5:19,0,0,0,0,,0,1
20251119,CHI,Nikola Vučević,33:34,27,8,2,19,0.579,1,3
20251119,CHI,Josh Giddey,30:55,9,5,13,9,0.333,1,5
20251119,CHI,Isaac Okoro,25:39,13,1,0,8,0.625,0,0
20251119,CHI,Kevin Huerter,22:39,2,2,2,6,0.167,1,0
20251119,CHI,Matas Buzelis,18:40,11,5,4,6,0.667,0,2
20251119,CHI,Coby White,27:26,25,1,7,17,0.529,2,3
20251119,CHI,Ayo Dosunmu,23:29,14,4,1,7,0.714,0,1
20251119,CHI,Dalen Terry,16:42,6,3,5,6,0.5,3,1
20251119,CHI,Patrick Williams,12:47,5,5,1,7,0.286,0,1
20251119,CHI,Jalen Smith,11:49,5,1,0,6,0.333,1,0
20251119,CHI,Jevon Carter,10:55,3,1,1,4,0.25,1,0
20251119,CHI,Julian Phillips,5:25,2,2,0,1,0.0,0,0
20251119,POR,Deni Avdija,37:30,32,11,11,22,0.5,2,3
20251119,POR,Toumani Camara,37:18,14,5,2,15,0.4,2,3
20251119,POR,Jerami Grant,36:55,33,9,4,18,0.556,0,3
20251119,POR,Donovan Clingan,33:33,17,21,4,13,0.538,1,0
20251119,POR,Sidy Cissoko,22:07,5,6,0,6,0.333,2,2
20251119,POR,Kris Murray,35:01,9,6,2,11,0.364,1,1
20251119,POR,Caleb Love,18:20,5,3,2,12,0.083,1,0
20251119,POR,Javonte Cooke,8:43,4,1,1,6,0.333,1,2
20251119,POR,Yang Hansen,7:56,2,2,1,4,0.25,0,1
20251119,POR,Duop Reath,2:37,0,0,0,0,,0,0
20251120,LAC,Ivica Zubac,31:34,14,19,0,16,0.438,0,1
20251120,LAC,James Harden,30:56,31,5,8,16,0.5,2,5
20251120,LAC,Kobe Sanders,26:25,6,2,0,8,0.25,0,5
20251120,LAC,John Collins,24:44,9,4,0,8,0.5,1,1
20251120,LAC,Kris Dunn,24:31,4,3,3,5,0.4,1,1
20251120,LAC,Chris Paul,23:04,4,2,4,6,0.333,1,4
20251120,LAC,Bogdan Bogdanović,21:13,6,1,3,9,0.222,0,1
20251120,LAC,Kobe Brown,15:39,9,3,1,8,0.375,0,1
20251120,LAC,Cam Christie,12:00,6,1,0,4,0.25,1,0
20251120,LAC,Yanic Konan Niederhäuser,10:37,6,1,1,3,1.0,0,1
20251120,LAC,Nicolas Batum,8:43,3,2,0,1,1.0,1,1
20251120,LAC,Brook Lopez,5:49,3,0,0,4,0.25,0,0
20251120,LAC,Jahmyl Telfort,4:45,0,0,0,1,0.0,0,0
20251120,ORL,Wendell Carter Jr.,31:42,7,7,6,11,0.273,1,0
20251120,ORL,Desmond Bane,30:49,15,7,5,15,0.333,1,2
20251120,ORL,Tristan Da Silva,30:17,17,8,1,17,0.412,0,0
20251120,ORL,Franz Wagner,29:54,20,6,3,13,0.385,1,1
20251120,ORL,Jalen Suggs,26:15,23,3,7,15,0.533,2,3
20251120,ORL,Anthony Black,29:19,12,4,4,9,0.444,4,2
20251120,ORL,Goga Bitadze,16:18,10,6,3,3,1.0,2,1
20251120,ORL,Jonathan Isaac,15:45,9,7,1,4,1.0,0,0
20251120,ORL,Jett Howard,15:07,8,1,0,3,1.0,1,0
20251120,ORL,Tyus Jones,5:04,0,1,0,1,0.0,0,0
20251120,ORL,Jamal Cain,4:45,5,0,1,2,1.0,0,1
20251120,ORL,Jase Richardson,4:45,3,1,1,1,1.0,0,0
20251120,SAC,Zach LaVine,26:04,26,2,2,17,0.588,1,3
20251120,SAC,Drew Eubanks,25:38,9,5,0,6,0.667,1,3
20251120,SAC,Precious Achiuwa,24:06,2,5,2,3,0.333,0,0
20251120,SAC,Russell Westbrook,20:31,11,7,4,10,0.4,0,4
20251120,SAC,DeMar DeRozan,15:22,7,0,2,3,0.667,1,0
20251120,SAC,Keegan Murray,32:48,11,3,1,13,0.385,0,1
20251120,SAC,Dennis Schröder,25:06,3,2,6,8,0.0,0,3
20251120,SAC,Maxime Raynaud,20:51,12,3,1,8,0.75,0,0
20251120,SAC,Nique Clifford,19:17,8,2,3,3,0.667,2,1
20251120,SAC,Keon Ellis,16:13,5,1,1,5,0.4,0,0
20251120,SAC,Malik Monk,14:04,2,2,2,4,0.25,0,1
20251120,MEM,Santi Aldama,27:34,29,5,3,18,0.611,0,1
20251120,MEM,Zach Edey,24:50,16,4,0,7,1.0,2,0
20251120,MEM,Cedric Coward,24:49,19,4,4,13,0.538,0,1
20251120,MEM,Vince Williams Jr.,23:50,4,5,15,7,0.286,2,3
20251120,MEM,Jaylen Wells,18:49,13,1,2,9,0.444,1,0
20251120,MEM,Cam Spencer,24:10,7,2,6,11,0.182,1,0
20251120,MEM,John Konchar,20:15,3,7,3,3,0.333,2,1
20251120,MEM,Kentavious Caldwell-Pope,18:20,2,3,7,6,0.167,1,0
20251120,MEM,GG Jackson II,18:10,6,9,1,9,0.222,1,1
20251120,MEM,Olivier-Maxence Prosper,18:00,11,1,1,3,1.0,1,0
20251120,MEM,Jock Landale,14:50,21,6,0,9,0.889,0,0
20251120,MEM,Jahmai Mashack,6:23,6,2,0,4,0.5,0,0
20251120,PHI,Tyrese Maxey,46:38,54,5,9,30,0.6,3,5
20251120,PHI,VJ Edgecombe,38:13,12,10,3,14,0.357,0,1
20251120,PHI,Justin Edwards,31:22,7,4,3,10,0.3,2,1
20251120,PHI,Paul George,24:42,21,5,3,12,0.583,2,3
20251120,PHI,Andre Drummond,18:20,3,8,1,4,0.25,1,1
20251120,PHI,Quentin Grimes,38:45,14,4,4,12,0.333,0,1
20251120,PHI,Dominick Barlow,28:57,2,6,3,1,1.0,0,0
20251120,PHI,Trendon Watford,14:26,0,6,3,4,0.0,1,1
20251120,PHI,Jared McCain,12:39,8,2,0,8,0.375,0,1
20251120,PHI,Jabari Walker,10:57,2,2,1,2,0.0,0,0
20251120,MIL,Ryan Rollins,40:27,32,6,14,26,0.5,1,3
20251120,MIL,Kyle Kuzma,37:36,17,3,4,14,0.429,2,3
20251120,MIL,A.J. Green,35:48,9,6,0,5,0.6,1,2
20251120,MIL,Myles Turner,28:27,14,10,1,13,0.385,0,0
20251120,MIL,Bobby Portis,27:40,19,8,0,14,0.643,1,0
20251120,MIL,Gary Trent Jr.,38:26,11,0,2,10,0.4,1,2
20251120,MIL,Cole Anthony,20:45,5,4,7,7,0.286,0,4
20251120,MIL,Gary Harris,19:57,3,2,2,1,1.0,1,0
20251120,MIL,Jericho Sims,15:54,4,3,0,2,1.0,0,0
20251120,ATL,Jalen Johnson,37:57,26,12,7,15,0.667,1,4
20251120,ATL,Nickeil Alexander-Walker,33:39,38,4,5,17,0.765,0,2
20251120,ATL,Dyson Daniels,30:41,8,6,5,8,0.5,3,5
20251120,ATL,Kristaps Porziņģis,29:03,16,5,1,10,0.7,0,1
20251120,ATL,Zaccharie Risacher,20:39,2,2,1,10,0.1,0,1
20251120,ATL,Vít Krejčí,30:14,5,0,1,3,0.667,1,0
20251120,ATL,Onyeka Okongwu,25:08,15,7,5,11,0.545,0,2
20251120,ATL,Luke Kennard,16:29,10,3,3,7,0.571,2,0
20251120,ATL,Keaton Wallace,12:19,6,0,2,5,0.4,0,1
20251120,ATL,Mouhamed Gueye,3:52,0,0,0,1,0.0,0,0
20251120,SAS,Harrison Barnes,33:54,16,5,2,13,0.385,0,1
20251120,SAS,Devin Vassell,33:12,15,5,3,11,0.545,1,1
20251120,SAS,Julian Champagnie,31:14,20,4,5,13,0.538,0,1
20251120,SAS,De'Aaron Fox,31:12,26,5,9,16,0.563,3,2
20251120,SAS,Luke Kornet,22:59,5,3,2,4,0.5,0,1
20251120,SAS,Keldon Johnson,32:08,25,7,2,12,0.75,1,2
20251120,SAS,Jeremy Sochan,21:50,8,5,5,10,0.3,1,0
20251120,SAS,David Jones García,18:33,12,5,6,7,0.714,3,1
20251120,SAS,Kelly Olynyk,12:55,8,2,0,4,0.5,1,1
20251120,SAS,Carter Bryant,2:03,0,2,0,1,0.0,0,0
20251121,IND,Bennedict Mathurin,37:18,21,7,2,15,0.467,1,3
20251121,IND,Pascal Siakam,36:53,26,9,4,15,0.6,1,3
20251121,IND,Andrew Nembhard,32:53,32,1,8,20,0.55,2,0
20251121,IND,Ben Sheppard,25:25,2,5,5,6,0.167,2,0
20251121,IND,Isaiah Jackson,17:58,3,4,0,4,0.25,2,1
20251121,IND,Jay Huff,26:00,5,5,0,9,0.222,1,2
20251121,IND,T.J. McConnell,17:17,10,3,4,6,0.667,1,2
20251121,IND,Jarace Walker,17:07,6,4,0,6,0.333,0,0
20251121,IND,Jeremiah Robinson-Earl,12:17,2,3,0,2,0.0,0,1
20251121,IND,Garrison Mathews,10:17,0,1,0,3,0.0,0,0
20251121,IND,Tony Bradley,4:12,2,0,1,2,0.0,0,0
20251121,IND,RayJ Dennis,1:12,0,0,0,0,,0,0
20251121,IND,Taelon Peter,1:12,0,1,1,0,,0,0
20251121,CLE,Evan Mobley,34:50,22,12,4,13,0.538,0,2
20251121,CLE,Donovan Mitchell,34:13,32,9,5,22,0.5,1,5
20251121,CLE,De'Andre Hunter,28:17,20,7,1,16,0.5,2,1
20251121,CLE,Jaylon Tyson,26:56,14,8,3,7,0.857,0,0
20251121,CLE,Darius Garland,26:34,20,2,7,12,0.417,0,4
20251121,CLE,Lonzo Ball,25:18,0,7,5,2,0.0,0,1
20251121,CLE,Dean Wade,20:05,4,3,1,4,0.5,0,1
20251121,CLE,Larry Nance Jr.,19:11,4,2,1,4,0.5,1,0
20251121,CLE,Nae'Qwan Tomlin,11:36,2,0,0,4,0.25,0,0
20251121,CLE,Craig Porter Jr.,10:36,2,1,1,3,0.333,1,0
20251121,CLE,Thomas Bryant,1:12,0,0,0,1,0.0,0,0
20251121,CLE,Tyrese Proctor,1:12,0,1,0,1,0.0,0,0
20251121,BRK,Noah Clowney,37:02,19,3,0,15,0.467,1,0
20251121,BRK,Michael Porter Jr.,36:59,33,8,2,21,0.619,0,2
20251121,BRK,Nic Claxton,34:41,18,11,12,13,0.538,1,3
20251121,BRK,Terance Mann,32:14,6,6,6,6,0.333,0,1
20251121,BRK,Egor Dёmin,29:29,12,6,5,10,0.5,1,1
20251121,BRK,Drake Powell,21:19,9,2,1,4,0.75,2,0
20251121,BRK,Tyrese Martin,19:18,10,1,4,6,0.667,0,1
20251121,BRK,Ziaire Williams,15:39,2,0,0,5,0.2,0,2
20251121,BRK,Day'Ron Sharpe,13:19,4,4,1,2,0.5,0,3
20251121,BOS,Payton Pritchard,34:45,13,3,4,13,0.385,0,1
20251121,BOS,Derrick White,32:35,6,1,4,13,0.154,1,1
20251121,BOS,Jaylen Brown,31:39,26,8,4,18,0.5,2,3
20251121,BOS,Neemias Queta,29:11,16,12,3,12,0.667,0,0
20251121,BOS,Jordan Walsh,24:08,9,6,0,7,0.571,1,1
20251121,BOS,Anfernee Simons,33:02,23,3,4,16,0.625,2,4
20251121,BOS,Luka Garza,16:50,7,4,1,5,0.4,0,1
20251121,BOS,Sam Hauser,14:12,0,4,2,3,0.0,0,1
20251121,BOS,Baylor Scheierman,11:10,5,2,1,2,1.0,0,0
20251121,BOS,Josh Minott,7:15,0,1,1,0,,0,1
20251121,BOS,Hugo González,5:13,0,0,0,1,0.0,1,0
20251121,WAS,Kyshawn George,28:58,5,3,4,7,0.286,0,5
20251121,WAS,Bilal Coulibaly,26:00,9,3,2,6,0.167,2,1
20251121,WAS,CJ McCollum,25:52,20,3,3,15,0.533,1,2
20251121,WAS,Khris Middleton,24:05,2,2,4,6,0.167,0,2
20251121,WAS,Tristan Vukcevic,17:13,4,3,1,6,0.333,1,2
20251121,WAS,Tre Johnson,19:26,14,2,2,8,0.625,0,1
20251121,WAS,Corey Kispert,18:50,9,3,1,6,0.5,1,0
20251121,WAS,Justin Champagnie,18:17,7,3,4,6,0.5,2,0
20251121,WAS,Cam Whitmore,17:04,11,2,0,9,0.556,1,1
20251121,WAS,Bub Carrington,16:13,7,2,3,5,0.6,0,1
20251121,WAS,Jamir Watkins,9:18,5,0,0,3,0.333,0,0
20251121,WAS,Will Riley,9:16,4,1,2,5,0.4,1,1
20251121,WAS,Malaki Branham,4:44,9,1,0,3,0.667,0,1
20251121,WAS,Anthony Gill,4:44,4,1,0,1,1.0,0,0
20251121,TOR,Immanuel Quickley,30:06,17,2,7,10,0.6,1,0
20251121,TOR,Scottie Barnes,29:54,23,5,2,15,0.667,3,2
20251121,TOR,Brandon Ingram,29:53,24,8,6,12,0.5,2,4
20251121,TOR,RJ Barrett,29:14,24,8,4,15,0.6,0,2
20251121,TOR,Jakob Poeltl,19:11,3,9,1,1,1.0,0,1
20251121,TOR,Ja'Kobe Walter,22:16,3,3,2,2,0.5,3,0
20251121,TOR,Sandro Mamukelashvili,20:53,23,7,2,15,0.533,1,1
20251121,TOR,Gradey Dick,18:59,6,1,1,6,0.333,2,2
20251121,TOR,Jamal Shead,16:12,7,1,10,2,1.0,1,0
20251121,TOR,Ochai Agbaji,15:58,4,1,0,3,0.333,0,0
20251121,TOR,Garrett Temple,3:42,4,1,1,1,1.0,0,1
20251121,TOR,Jamison Battle,3:42,2,2,0,1,1.0,0,1
20251121,MIA,Bam Adebayo,29:28,18,7,5,11,0.364,0,1
20251121,MIA,Kel'el Ware,27:56,20,14,1,15,0.533,2,1
20251121,MIA,Pelle Larsson,26:06,16,2,7,5,0.8,2,0
20251121,MIA,Norman Powell,24:39,19,2,2,14,0.429,2,0
20251121,MIA,Davion Mitchell,23:47,16,0,6,9,0.778,1,0
20251121,MIA,Keshad Johnson,29:28,14,11,1,10,0.3,1,1
20251121,MIA,Simone Fontecchio,25:10,9,2,3,12,0.25,1,2
20251121,MIA,Jaime Jaquez Jr.,23:58,10,7,7,11,0.455,1,3
20251121,MIA,Dru Smith,18:23,12,7,2,7,0.571,3,2
20251121,MIA,Jahmir Young,6:12,6,0,1,5,0.4,0,0
20251121,MIA,Myron Gardner,4:53,3,1,0,1,1.0,0,0
20251121,CHI,Ayo Dosunmu,32:34,23,1,4,14,0.643,0,3
20251121,CHI,Josh Giddey,31:24,19,11,9,14,0.429,0,3
20251121,CHI,Nikola Vučević,20:34,6,4,3,8,0.25,0,1
20251121,CHI,Matas Buzelis,18:39,6,5,1,8,0.25,1,2
20251121,CHI,Isaac Okoro,16:52,9,2,0,8,0.5,0,0
20251121,CHI,Jalen Smith,24:03,14,2,2,8,0.625,0,1
20251121,CHI,Patrick Williams,18:17,8,1,2,6,0.5,1,1
20251121,CHI,Julian Phillips,18:17,3,2,1,5,0.2,0,0
20251121,CHI,Jevon Carter,18:08,10,1,0,8,0.25,1,2
20251121,CHI,Tre Jones,17:52,6,4,2,6,0.333,1,3
20251121,CHI,Dalen Terry,13:26,0,4,2,1,0.0,0,1
20251121,CHI,Kevin Huerter,9:54,3,2,0,4,0.25,1,1
20251121,NOP,Trey Murphy III,35:22,25,3,0,14,0.5,3,0
20251121,NOP,Derik Queen,32:14,20,7,11,17,0.471,1,4
20251121,NOP,Herbert Jones,32:08,7,9,2,10,0.3,2,1
20251121,NOP,Jeremiah Fears,31:31,21,7,2,12,0.667,4,4
20251121,NOP,Zion Williamson,29:35,22,3,2,9,0.778,3,1
20251121,NOP,Jose Alvarado,19:45,5,5,6,5,0.4,0,2
20251121,NOP,Saddiq Bey,18:14,4,3,1,9,0.222,1,0
20251121,NOP,Yves Missi,15:30,4,2,0,4,0.5,0,0
20251121,NOP,Micah Peavy,13:28,4,1,0,6,0.333,1,0
20251121,NOP,Jordan Hawkins,12:13,3,2,1,5,0.2,0,1
20251121,DAL,P.J. Washington,37:28,24,9,1,14,0.571,0,4
20251121,DAL,Cooper Flagg,32:21,29,7,5,19,0.632,2,2
20251121,DAL,Max Christie,31:38,23,3,0,12,0.583,1,1
20251121,DAL,Brandon Williams,28:20,5,5,12,12,0.083,1,6
20251121,DAL,Daniel Gafford,25:14,8,7,3,5,0.6,3,3
20251121,DAL,Naji Marshall,23:43,9,5,5,5,0.4,0,2
20251121,DAL,Dereck Lively II,17:51,4,4,2,1,1.0,1,1
20251121,DAL,Klay Thompson,16:26,5,2,0,9,0.222,0,0
20251121,DAL,Jaden Hardy,14:09,11,2,0,7,0.571,0,1
20251121,DAL,Caleb Martin,8:10,0,0,1,0,,1,0
20251121,DAL,Moussa Cisse,4:40,0,3,1,0,,0,0
20251121,MIN,Jaden McDaniels,40:28,13,5,2,12,0.417,4,1
20251121,MIN,Anthony Edwards,40:15,41,5,4,24,0.583,4,5
20251121,MIN,Rudy Gobert,34:45,12,12,4,10,0.5,0,2
20251121,MIN,Julius Randle,34:10,20,5,2,13,0.462,1,5
20251121,MIN,Donte DiVincenzo,31:36,9,2,3,9,0.222,4,2
20251121,MIN,Naz Reid,26:59,9,2,2,10,0.4,2,1
20251121,MIN,Mike Conley,14:21,3,2,1,4,0.25,0,1
20251121,MIN,Rob Dillingham,9:21,5,1,0,3,0.667,1,2
20251121,MIN,Jaylen Clark,7:59,1,3,0,1,0.0,1,0
20251121,MIN,Joe Ingles,0:07,0,0,0,0,,0,0
20251121,PHO,Dillon Brooks,36:55,22,5,1,17,0.471,2,3
20251121,PHO,Devin Booker,34:47,16,3,10,18,0.222,1,9
20251121,PHO,Royce O'Neale,31:07,16,3,2,8,0.625,0,2
20251121,PHO,Mark Williams,26:23,19,8,0,9,0.667,1,1
20251121,PHO,Ryan Dunn,23:55,4,3,1,3,0.333,2,1
20251121,PHO,Collin Gillespie,34:11,20,7,4,12,0.583,2,3
20251121,PHO,Jordan Goodwin,29:01,13,6,4,9,0.667,2,2
20251121,PHO,Oso Ighodaro,12:53,2,5,3,2,0.5,3,2
20251121,PHO,Nick Richards,7:51,2,4,0,3,0.333,0,3
20251121,PHO,Isaiah Livers,2:57,0,1,0,0,,0,1
20251121,DEN,Jamal Murray,40:32,26,2,10,16,0.625,1,4
20251121,DEN,Nikola Jokić,39:20,34,10,9,20,0.55,2,4
20251121,DEN,Peyton Watson,34:14,9,10,3,5,0.6,1,3
20251121,DEN,Cameron Johnson,32:13,9,5,1,6,0.333,1,1
20251121,DEN,Aaron Gordon,3:21,1,2,0,1,0.0,0,1
20251121,DEN,Tim Hardaway Jr.,31:30,12,3,2,11,0.455,0,0
20251121,DEN,Spencer Jones,21:44,3,4,0,1,1.0,0,0
20251121,DEN,Bruce Brown,20:52,10,1,3,8,0.5,3,0
20251121,DEN,Jonas Valančiūnas,16:14,8,1,0,8,0.5,0,1
20251121,HOU,Amen Thompson,43:27,22,7,2,18,0.556,2,3
20251121,HOU,Jabari Smith Jr.,36:57,21,11,4,20,0.35,0,3
20251121,HOU,Alperen Şengün,36:09,14,5,6,14,0.429,1,4
20251121,HOU,Kevin Durant,35:15,13,8,2,15,0.333,2,2
20251121,HOU,Steven Adams,23:07,5,8,2,2,1.0,0,1
20251121,HOU,Reed Sheppard,36:45,27,0,4,13,0.692,2,1
20251121,HOU,Aaron Holiday,13:29,1,0,0,3,0.0,0,0
20251121,HOU,Josh Okogie,11:07,6,2,1,6,0.333,0,0
20251121,HOU,Clint Capela,3:45,0,0,0,2,0.0,1,0
20251121,POR,Deni Avdija,39:31,26,6,13,14,0.429,0,6
20251121,POR,Toumani Camara,33:56,20,7,1,11,0.636,0,2
20251121,POR,Jerami Grant,30:51,5,4,2,8,0.0,1,3
20251121,POR,Donovan Clingan,27:07,22,10,4,14,0.643,2,0
20251121,POR,Sidy Cissoko,23:14,15,1,2,11,0.545,1,3
20251121,POR,Caleb Love,37:38,26,7,5,20,0.45,1,1
20251121,POR,Robert Williams,20:31,8,11,2,6,0.667,0,1
20251121,POR,Kris Murray,16:36,5,3,2,3,0.333,2,4
20251121,POR,Rayan Rupert,6:25,0,3,0,0,,1,0
20251121,POR,Duop Reath,2:22,0,0,0,0,,0,0
20251121,POR,Javonte Cooke,1:49,0,0,0,1,0.0,0,0
20251121,GSW,Draymond Green,33:58,11,5,7,11,0.364,3,3
20251121,GSW,Jimmy Butler,33:53,20,8,5,15,0.333,2,0
20251121,GSW,Stephen Curry,33:39,38,2,4,23,0.609,0,3
20251121,GSW,Moses Moody,28:27,10,2,1,6,0.5,0,2
20251121,GSW,Will Richard,9:19,2,2,1,2,0.5,0,0
20251121,GSW,Brandin Podziemski,29:55,20,0,3,9,0.556,3,1
20251121,GSW,Al Horford,18:08,7,6,3,5,0.4,2,1
20251121,GSW,Gary Payton II,16:55,6,2,4,4,0.75,0,1
20251121,GSW,Quinten Post,16:53,7,4,1,6,0.333,3,1
20251121,GSW,Buddy Hield,15:37,0,1,0,1,0.0,1,1
20251121,GSW,Trayce Jackson-Davis,3:17,2,0,0,1,1.0,0,0
20251121,OKC,Shai Gilgeous-Alexander,30:09,31,2,8,14,0.643,1,2
20251121,OKC,Cason Wallace,26:52,10,1,0,6,0.667,4,2
20251121,OKC,Chet Holmgren,26:47,11,3,2,14,0.357,2,0
20251121,OKC,Isaiah Hartenstein,23:43,12,6,7,5,1.0,1,4
20251121,OKC,Luguentz Dort,21:08,9,1,0,4,0.75,0,0
20251121,OKC,Isaiah Joe,25:15,16,0,3,6,0.833,2,0
20251121,OKC,Ajay Mitchell,24:34,12,4,4,10,0.4,2,2
20251121,OKC,Jaylin Williams,24:17,15,6,6,9,0.556,2,2
20251121,OKC,Alex Caruso,18:24,11,0,3,5,0.8,1,1
20251121,OKC,Branden Carlson,9:17,7,0,1,4,0.75,0,0
20251121,OKC,Ousmane Dieng,4:47,5,1,2,2,1.0,0,0
20251121,OKC,Chris Youngblood,4:47,5,2,0,4,0.5,0,0
20251121,UTA,Lauri Markkanen,34:37,19,6,3,8,0.5,2,1
20251121,UTA,Keyonte George,30:20,20,3,8,10,0.6,0,4
20251121,UTA,Jusuf Nurkić,22:26,5,10,3,7,0.286,1,1
20251121,UTA,Svi Mykhailiuk,21:31,8,2,1,8,0.375,1,3
20251121,UTA,Ace Bailey,20:49,15,2,3,9,0.667,3,2
20251121,UTA,Kyle Filipowski,26:26,18,7,2,11,0.636,1,3
20251121,UTA,Cody Williams,19:43,0,2,2,4,0.0,0,1
20251121,UTA,Brice Sensabaugh,17:15,7,2,1,8,0.375,0,2
20251121,UTA,Isaiah Collier,13:33,5,1,2,3,0.667,0,5
20251121,UTA,Kevin Love,13:15,12,1,0,6,0.667,0,1
20251121,UTA,Walter Clayton,12:00,2,0,3,2,0.5,1,3
20251121,UTA,Taylor Hendricks,8:05,1,3,2,3,0.0,1,1
20251122,LAC,James Harden,35:13,55,3,7,26,0.654,1,2
20251122,LAC,Kobe Sanders,29:54,11,1,2,7,0.429,1,0
20251122,LAC,Ivica Zubac,29:52,18,9,6,12,0.75,0,1
20251122,LAC,Kris Dunn,27:24,6,2,6,5,0.6,1,0
20251122,LAC,John Collins,25:33,10,7,0,10,0.4,1,0
20251122,LAC,Chris Paul,23:06,3,4,8,5,0.2,0,1
20251122,LAC,Cam Christie,20:36,8,9,0,8,0.25,1,3
20251122,LAC,Nicolas Batum,19:11,9,3,0,4,0.75,2,0
20251122,LAC,Brook Lopez,14:52,11,1,1,10,0.4,0,0
20251122,LAC,Kobe Brown,7:47,0,0,0,1,0.0,0,1
20251122,LAC,Yanic Konan Niederhäuser,3:16,0,2,0,2,0.0,0,0
20251122,LAC,Jahmyl Telfort,3:16,0,0,0,0,,1,0
20251122,CHO,Kon Knueppel,34:08,26,1,1,12,0.75,1,2
20251122,CHO,Miles Bridges,30:19,19,3,2,12,0.417,0,0
20251122,CHO,Brandon Miller,25:32,21,1,3,18,0.444,1,0
20251122,CHO,LaMelo Ball,25:06,18,4,7,14,0.5,0,3
20251122,CHO,Ryan Kalkbrenner,10:44,2,2,1,2,0.5,0,0
20251122,CHO,Moussa Diabaté,24:53,6,7,1,4,0.5,0,0
20251122,CHO,Collin Sexton,22:54,18,3,4,13,0.538,0,2
20251122,CHO,Sion James,21:27,3,2,3,2,0.5,1,1
20251122,CHO,Liam McNeeley,17:53,3,6,1,4,0.25,0,1
20251122,CHO,Mason Plumlee,12:23,0,6,1,0,,1,1
20251122,CHO,Drew Peterson,9:00,0,1,0,2,0.0,1,0
20251122,CHO,Pat Connaughton,5:41,0,2,0,2,0.0,0,0
20251122,NYK,Mikal Bridges,38:24,18,7,2,11,0.636,2,1
20251122,NYK,Karl-Anthony Towns,37:10,24,8,3,14,0.429,0,4
20251122,NYK,Jalen Brunson,36:50,33,3,11,21,0.571,0,2
20251122,NYK,Mitchell Robinson,16:42,6,3,0,3,1.0,0,1
20251122,NYK,Landry Shamet,2:43,0,0,2,0,,0,0
20251122,NYK,Jordan Clarkson,33:42,15,2,5,10,0.6,0,3
20251122,NYK,Josh Hart,28:46,12,5,2,9,0.556,0,2
20251122,NYK,Tyler Kolek,16:32,8,1,1,3,0.667,2,0
20251122,NYK,Guerschon Yabusele,13:30,4,1,0,3,0.667,0,1
20251122,NYK,Mohamed Diawara,10:23,0,4,2,4,0.0,1,3
20251122,NYK,Ariel Hukporti,2:44,1,2,0,0,,0,0
20251122,NYK,Pacôme Dadiet,2:34,0,0,0,1,0.0,0,0
20251122,ORL,Franz Wagner,33:44,37,6,7,19,0.684,0,1
20251122,ORL,Desmond Bane,32:16,27,3,5,16,0.5,1,2
20251122,ORL,Jalen Suggs,31:47,26,3,1,15,0.533,0,4
20251122,ORL,Tristan Da Silva,28:17,4,3,4,8,0.25,0,1
20251122,ORL,Wendell Carter Jr.,21:52,11,4,1,4,1.0,0,2
20251122,ORL,Anthony Black,29:09,11,1,4,8,0.5,3,1
20251122,ORL,Goga Bitadze,19:07,6,7,3,4,0.75,1,1
20251122,ORL,Tyus Jones,16:13,0,1,3,1,0.0,0,0
20251122,ORL,Jonathan Isaac,16:12,6,7,0,5,0.6,0,1
20251122,ORL,Jett Howard,7:35,5,0,0,3,0.667,0,0
20251122,ORL,Noah Penda,1:54,0,1,0,1,0.0,0,0
20251122,ORL,Jase Richardson,1:54,0,0,0,1,0.0,0,0
20251122,ATL,Nickeil Alexander-Walker,35:34,10,5,3,11,0.364,1,1
20251122,ATL,Jalen Johnson,34:29,18,11,9,15,0.4,1,4
20251122,ATL,Kristaps Porziņģis,33:03,30,7,4,17,0.647,0,0
20251122,ATL,Dyson Daniels,30:46,14,8,4,15,0.4,1,1
20251122,ATL,Zaccharie Risacher,22:32,8,3,4,11,0.364,1,0
20251122,ATL,Vít Krejčí,27:01,21,1,0,10,0.7,0,1
20251122,ATL,Mouhamed Gueye,26:51,3,6,0,3,0.333,2,0
20251122,ATL,Luke Kennard,23:42,8,0,3,6,0.333,0,0
20251122,ATL,Asa Newell,2:36,0,0,0,1,0.0,0,0
20251122,ATL,Caleb Houstan,2:24,3,1,0,1,1.0,0,0
20251122,ATL,Jacob Toppin,1:02,0,0,1,0,,0,0
20251122,NOP,Derik Queen,32:19,20,9,3,14,0.429,2,2
20251122,NOP,Jeremiah Fears,31:26,11,4,4,13,0.385,1,3
20251122,NOP,Trey Murphy III,30:46,19,9,4,16,0.375,0,4
20251122,NOP,Saddiq Bey,27:57,18,11,5,12,0.5,1,1
20251122,NOP,Micah Peavy,27:00,4,3,1,7,0.286,0,2
20251122,NOP,Yves Missi,20:35,2,3,2,3,0.333,0,0
20251122,NOP,Bryce McGowens,19:59,9,1,0,5,0.6,1,0
20251122,NOP,Jordan Hawkins,19:21,5,2,0,7,0.286,0,0
20251122,NOP,Jose Alvarado,16:34,8,1,1,5,0.6,0,2
20251122,NOP,Kevon Looney,14:03,2,5,1,2,0.5,0,0
20251122,WAS,Corey Kispert,36:51,20,5,5,10,0.7,1,1
20251122,WAS,Kyshawn George,35:48,17,12,7,14,0.357,4,4
20251122,WAS,Alex Sarr,27:56,16,11,4,18,0.389,0,1
20251122,WAS,CJ McCollum,27:07,18,2,3,15,0.467,0,1
20251122,WAS,Bilal Coulibaly,25:08,7,2,3,6,0.333,0,1
20251122,WAS,Bub Carrington,23:59,8,3,4,9,0.333,0,2
20251122,WAS,Justin Champagnie,23:04,2,5,2,3,0.333,2,1
20251122,WAS,Tristan Vukcevic,20:04,12,8,2,11,0.455,2,2
20251122,WAS,Cam Whitmore,17:31,20,7,2,10,0.7,0,2
20251122,WAS,Will Riley,2:32,0,0,1,0,,0,0
20251122,CHI,Josh Giddey,34:15,18,12,11,12,0.417,3,2
20251122,CHI,Coby White,31:19,20,3,6,16,0.375,0,4
20251122,CHI,Matas Buzelis,29:19,13,6,1,11,0.364,1,1
20251122,CHI,Ayo Dosunmu,28:59,8,5,1,9,0.222,0,0
20251122,CHI,Nikola Vučević,27:00,28,12,2,20,0.6,0,1
20251122,CHI,Tre Jones,26:09,10,2,1,5,0.4,0,2
20251122,CHI,Kevin Huerter,19:18,9,0,3,8,0.5,0,0
20251122,CHI,Jalen Smith,19:10,9,9,1,13,0.308,0,0
20251122,CHI,Jevon Carter,10:40,2,2,0,3,0.333,1,0
20251122,CHI,Julian Phillips,9:58,4,3,0,2,1.0,0,0
20251122,CHI,Noa Essengue,3:53,0,0,0,1,0.0,0,0
20251122,DET,Cade Cunningham,32:34,29,8,10,18,0.556,1,4
20251122,DET,Duncan Robinson,28:09,15,3,2,6,0.833,2,0
20251122,DET,Ausar Thompson,27:53,6,2,1,6,0.5,2,0
20251122,DET,Jalen Duren,27:21,19,6,5,10,0.7,0,3
20251122,DET,Tobias Harris,22:59,18,5,4,9,0.778,0,0
20251122,DET,Isaiah Stewart,23:22,7,2,1,4,0.75,0,0
20251122,DET,Ron Holland,16:48,4,2,2,6,0.333,2,1
20251122,DET,Jaden Ivey,15:22,10,1,2,6,0.667,1,1
20251122,DET,Daniss Jenkins,13:21,7,1,3,3,1.0,1,3
20251122,DET,Caris LeVert,13:07,5,0,1,6,0.333,1,1
20251122,DET,Javonte Green,12:31,7,1,0,3,1.0,0,1
20251122,DET,Paul Reed,4:30,2,1,0,1,0.0,0,0
20251122,DET,Chaz Lanier,2:03,0,0,0,0,,0,0
20251122,MIL,Ryan Rollins,33:52,24,5,7,21,0.429,1,3
20251122,MIL,Myles Turner,30:07,11,4,2,8,0.5,1,1
20251122,MIL,A.J. Green,28:26,15,2,2,12,0.417,0,0
20251122,MIL,Bobby Portis,25:13,18,7,2,10,0.7,0,0
20251122,MIL,Kyle Kuzma,16:08,13,3,2,10,0.5,0,1
20251122,MIL,Andre Jackson Jr.,28:53,6,4,5,6,0.333,2,2
20251122,MIL,Jericho Sims,23:41,6,5,3,3,1.0,1,2
20251122,MIL,Gary Trent Jr.,18:36,8,0,0,5,0.6,0,1
20251122,MIL,Cole Anthony,14:13,4,3,2,5,0.4,1,5
20251122,MIL,Gary Harris,12:08,3,0,2,1,1.0,2,0
20251122,MIL,Amir Coffey,2:22,3,0,1,1,1.0,0,0
20251122,MIL,Pete Nance,2:22,3,1,0,1,1.0,0,0
20251122,MIL,Thanasis Antetokounmpo,2:22,2,0,0,0,,0,0
20251122,MIL,Mark Sears,1:37,0,1,1,1,0.0,0,0
20251122,MEM,Santi Aldama,34:47,20,8,4,17,0.529,1,0
20251122,MEM,Jaylen Wells,31:19,9,5,4,10,0.3,0,0
20251122,MEM,Zach Edey,26:28,12,15,3,3,0.667,1,4
20251122,MEM,Cedric Coward,25:11,9,2,1,11,0.273,0,0
20251122,MEM,Vince Williams Jr.,24:07,10,10,6,9,0.333,2,3
20251122,MEM,Kentavious Caldwell-Pope,25:19,10,0,1,8,0.5,0,0
20251122,MEM,Cam Spencer,23:37,17,4,5,10,0.6,1,1
20251122,MEM,John Konchar,19:40,4,7,1,5,0.4,0,2
20251122,MEM,Olivier-Maxence Prosper,17:00,2,7,0,8,0.125,0,1
20251122,MEM,GG Jackson II,7:39,2,2,0,5,0.2,0,1
20251122,MEM,Jock Landale,4:53,7,1,1,6,0.5,0,0
20251122,DAL,Cooper Flagg,33:26,12,7,1,15,0.267,1,1
20251122,DAL,P.J. Washington,31:54,15,8,4,17,0.412,1,2
20251122,DAL,Brandon Williams,31:51,18,3,4,11,0.545,1,1
20251122,DAL,Daniel Gafford,27:06,5,8,4,6,0.333,0,2
20251122,DAL,Max Christie,22:15,9,3,0,7,0.571,0,2
20251122,DAL,Naji Marshall,29:41,13,7,4,8,0.5,0,0
20251122,DAL,Klay Thompson,27:41,22,1,0,17,0.412,0,1
20251122,DAL,Jaden Hardy,12:05,0,0,1,5,0.0,0,0
20251122,DAL,Caleb Martin,11:34,2,0,0,4,0.25,0,0
20251122,DAL,Moussa Cisse,9:25,0,4,1,1,0.0,1,1
20251122,DAL,Dwight Powell,3:02,0,0,0,0,,0,0
20251122,SAC,Keegan Murray,36:33,19,5,1,14,0.5,2,0
20251122,SAC,Zach LaVine,35:47,15,2,3,14,0.429,2,2
20251122,SAC,DeMar DeRozan,30:44,17,7,5,9,0.556,0,3
20251122,SAC,Russell Westbrook,29:47,21,6,11,16,0.563,1,1
20251122,SAC,Drew Eubanks,21:38,8,3,1,5,0.6,1,0
20251122,SAC,Malik Monk,25:59,12,2,2,14,0.357,0,0
20251122,SAC,Precious Achiuwa,23:37,7,4,0,4,0.75,1,0
20251122,SAC,Dennis Schröder,18:23,21,3,7,8,0.75,0,0
20251122,SAC,Nique Clifford,9:05,2,2,1,2,0.5,0,0
20251122,SAC,Maxime Raynaud,8:27,6,3,1,5,0.6,1,0
20251122,DEN,Cameron Johnson,37:14,20,5,4,11,0.636,0,3
20251122,DEN,Jamal Murray,36:49,23,2,9,18,0.5,1,1
20251122,DEN,Nikola Jokić,36:35,44,13,7,28,0.571,0,2
20251122,DEN,Peyton Watson,34:10,15,7,1,10,0.6,0,3
20251122,DEN,Spencer Jones,23:32,1,4,0,2,0.0,0,1
20251122,DEN,Bruce Brown,26:50,2,3,3,7,0.143,0,1
20251122,DEN,Tim Hardaway Jr.,26:05,8,1,1,7,0.286,0,1
20251122,DEN,Jonas Valančiūnas,11:13,8,2,1,8,0.5,0,1
20251122,DEN,Hunter Tyson,7:32,2,1,2,1,0.0,0,0
20251123,MIA,Bam Adebayo,32:32,18,13,1,14,0.5,1,2
20251123,MIA,Pelle Larsson,31:56,6,7,8,13,0.154,1,2
20251123,MIA,Davion Mitchell,30:44,8,8,12,6,0.333,1,1
20251123,MIA,Norman Powell,29:20,32,4,1,18,0.611,2,1
20251123,MIA,Kel'el Ware,26:10,20,16,0,13,0.538,2,0
20251123,MIA,Jaime Jaquez Jr.,32:54,22,2,7,12,0.833,0,4
20251123,MIA,Keshad Johnson,19:25,4,1,0,5,0.4,0,1
20251123,MIA,Simone Fontecchio,18:40,6,3,2,8,0.25,0,0
20251123,MIA,Dru Smith,16:31,9,4,1,7,0.571,0,2
20251123,MIA,Jahmir Young,0:54,2,0,0,2,0.5,0,0
20251123,MIA,Myron Gardner,0:54,0,0,0,0,,0,0
20251123,PHI,Andre Drummond,38:01,14,24,1,12,0.5,0,2
20251123,PHI,Tyrese Maxey,36:18,27,3,6,23,0.435,2,3
20251123,PHI,Quentin Grimes,34:52,15,0,3,14,0.429,0,2
20251123,PHI,Justin Edwards,32:30,7,4,3,8,0.375,2,3
20251123,PHI,Paul George,20:13,10,2,5,10,0.3,1,2
20251123,PHI,Trendon Watford,26:08,19,9,7,12,0.583,1,1
20251123,PHI,Jared McCain,25:43,15,1,2,11,0.455,1,1
20251123,PHI,Dominick Barlow,20:07,9,3,0,8,0.5,0,0
20251123,PHI,Jabari Walker,4:03,0,0,1,0,,0,0
20251123,PHI,Hunter Sallis,1:11,1,0,0,0,,0,0
20251123,PHI,Johni Broome,0:54,0,1,0,0,,0,0
20251123,CHO,Collin Sexton,36:04,22,0,4,16,0.5,0,3
20251123,CHO,Miles Bridges,35:19,21,5,5,21,0.381,1,2
20251123,CHO,Kon Knueppel,34:27,28,6,3,17,0.529,0,2
20251123,CHO,Sion James,32:12,7,6,3,7,0.429,0,1
20251123,CHO,Mason Plumlee,22:58,6,8,6,2,1.0,1,1
20251123,CHO,Moussa Diabaté,25:21,12,11,1,4,1.0,0,1
20251123,CHO,Tre Mann,16:50,3,1,1,6,0.167,0,3
20251123,CHO,Liam McNeeley,15:21,6,2,0,6,0.333,0,1
20251123,CHO,KJ Simpson,11:56,5,2,2,4,0.5,1,1
20251123,CHO,Drew Peterson,9:32,0,2,1,3,0.0,1,0
20251123,ATL,Jalen Johnson,39:34,28,8,11,22,0.5,1,0
20251123,ATL,Nickeil Alexander-Walker,38:34,23,5,4,17,0.471,1,1
20251123,ATL,Dyson Daniels,35:40,22,9,6,17,0.588,2,2
20251123,ATL,Onyeka Okongwu,34:48,20,7,3,18,0.444,0,1
20251123,ATL,Zaccharie Risacher,21:36,5,2,3,5,0.4,0,0
20251123,ATL,Vít Krejčí,32:18,1,3,4,1,0.0,0,1
20251123,ATL,Mouhamed Gueye,17:08,4,1,1,5,0.4,0,0
20251123,ATL,Keaton Wallace,15:52,10,1,0,6,0.667,2,2
20251123,ATL,Asa Newell,4:30,0,1,0,0,,0,0
20251123,ORL,Desmond Bane,28:43,18,4,5,13,0.462,0,1
20251123,ORL,Franz Wagner,27:40,15,8,5,10,0.5,0,2
20251123,ORL,Anthony Black,27:30,14,3,5,13,0.308,1,2
20251123,ORL,Tristan Da Silva,23:15,9,1,2,7,0.571,1,0
20251123,ORL,Orlando Robinson,13:07,7,3,1,4,0.75,0,0
20251123,ORL,Jett Howard,29:05,30,7,3,23,0.478,0,0
20251123,ORL,Tyus Jones,24:41,3,1,6,6,0.167,0,0
20251123,ORL,Noah Penda,23:17,13,8,4,6,0.833,0,0
20251123,ORL,Jase Richardson,21:20,18,5,2,11,0.636,0,0
20251123,ORL,Jamal Cain,16:29,2,3,0,6,0.167,1,1
20251123,ORL,Jonathan Isaac,4:53,0,1,0,1,0.0,0,1
20251123,BOS,Jaylen Brown,37:26,35,4,8,26,0.538,1,1
20251123,BOS,Derrick White,36:19,16,7,5,11,0.455,2,1
20251123,BOS,Payton Pritchard,33:32,19,5,8,16,0.563,2,1
20251123,BOS,Jordan Walsh,24:18,5,3,2,3,0.333,0,2
20251123,BOS,Neemias Queta,5:51,6,2,0,3,1.0,0,0
20251123,BOS,Sam Hauser,27:29,14,1,0,8,0.625,0,0
20251123,BOS,Anfernee Simons,22:13,23,5,2,11,0.727,0,0
20251123,BOS,Josh Minott,19:30,16,7,1,8,0.875,0,0
20251123,BOS,Chris Boucher,14:21,1,1,1,0,,1,0
20251123,BOS,Baylor Scheierman,9:49,2,1,0,2,0.5,0,0
20251123,BOS,Hugo González,9:12,1,1,2,0,,0,0
20251123,LAC,Ivica Zubac,32:55,33,18,4,22,0.682,0,2
20251123,LAC,James Harden,31:42,19,2,6,16,0.313,1,3
20251123,LAC,John Collins,29:53,5,3,0,6,0.167,0,0
20251123,LAC,Kawhi Leonard,26:25,20,3,2,13,0.462,3,4
20251123,LAC,Kris Dunn,23:54,9,4,2,5,0.6,1,1
20251123,LAC,Kobe Sanders,27:43,5,1,1,4,0.5,1,1
20251123,LAC,Nicolas Batum,25:06,6,3,1,5,0.4,0,1
20251123,LAC,Chris Paul,17:01,2,1,5,1,1.0,0,2
20251123,LAC,Brook Lopez,11:13,0,1,0,2,0.0,0,0
20251123,LAC,Kobe Brown,3:32,3,0,1,2,0.5,0,1
20251123,LAC,Cam Christie,3:32,3,0,1,2,0.5,0,0
20251123,LAC,Yanic Konan Niederhäuser,3:32,0,3,0,1,0.0,0,0
20251123,LAC,Jahmyl Telfort,3:32,0,1,0,1,0.0,0,0
20251123,CLE,Evan Mobley,34:21,18,10,2,12,0.75,2,1
20251123,CLE,Donovan Mitchell,32:39,37,8,6,22,0.636,1,2
20251123,CLE,Darius Garland,29:28,8,1,8,10,0.3,0,4
20251123,CLE,De'Andre Hunter,29:18,17,4,4,11,0.455,1,2
20251123,CLE,Jaylon Tyson,22:46,7,4,0,6,0.5,0,0
20251123,CLE,Dean Wade,22:35,5,5,3,6,0.333,3,1
20251123,CLE,Nae'Qwan Tomlin,21:52,8,2,1,5,0.6,1,1
20251123,CLE,Tyrese Proctor,17:05,11,3,3,7,0.429,0,0
20251123,CLE,Luke Travers,14:55,3,2,1,3,0.333,2,0
20251123,CLE,Larry Nance Jr.,12:31,3,1,0,3,0.333,0,0
20251123,CLE,Thomas Bryant,2:30,3,1,0,2,0.5,0,1
20251123,BRK,Noah Clowney,37:08,22,1,1,15,0.467,2,5
20251123,BRK,Michael Porter Jr.,32:44,25,6,4,18,0.5,1,1
20251123,BRK,Nic Claxton,31:17,10,11,3,6,0.667,0,1
20251123,BRK,Egor Dёmin,28:04,5,3,4,10,0.2,0,2
20251123,BRK,Terance Mann,20:45,3,2,5,4,0.25,0,2
20251123,BRK,Ziaire Williams,28:13,5,4,0,3,0.333,0,1
20251123,BRK,Tyrese Martin,24:51,26,6,3,14,0.5,2,4
20251123,BRK,Day'Ron Sharpe,16:43,5,6,1,2,1.0,0,2
20251123,BRK,Drake Powell,14:28,6,1,2,2,0.5,0,1
20251123,BRK,Jalen Wilson,5:48,2,0,0,1,1.0,0,0
20251123,TOR,Brandon Ingram,35:45,14,6,4,18,0.333,2,3
20251123,TOR,Scottie Barnes,33:42,17,7,4,13,0.462,2,0
20251123,TOR,Immanuel Quickley,30:21,13,7,4,11,0.364,1,1
20251123,TOR,Sandro Mamukelashvili,26:33,12,4,2,9,0.556,1,1
20251123,TOR,RJ Barrett,20:09,16,2,1,8,0.5,2,2
20251123,TOR,Jamal Shead,23:50,11,1,9,4,0.25,1,1
20251123,TOR,Gradey Dick,19:45,12,1,3,6,0.5,2,0
20251123,TOR,Ja'Kobe Walter,19:13,16,1,0,7,0.857,1,1
20251123,TOR,Collin Murray-Boyles,17:03,2,1,1,1,1.0,0,0
20251123,TOR,Ochai Agbaji,13:39,6,2,2,7,0.429,0,0
20251123,POR,Sidy Cissoko,26:51,7,2,3,7,0.429,0,1
20251123,POR,Toumani Camara,26:34,4,6,3,6,0.333,2,1
20251123,POR,Jerami Grant,24:14,21,3,2,8,0.75,1,4
20251123,POR,Deni Avdija,23:46,11,5,1,16,0.25,1,2
20251123,POR,Donovan Clingan,19:46,8,8,2,5,0.4,0,2
20251123,POR,Kris Murray,27:05,9,7,0,9,0.333,1,1
20251123,POR,Caleb Love,25:45,8,2,2,13,0.231,0,2
20251123,POR,Duop Reath,19:29,6,3,0,7,0.429,2,0
20251123,POR,Yang Hansen,17:36,8,4,3,11,0.273,0,0
20251123,POR,Rayan Rupert,15:47,10,5,0,7,0.571,1,2
20251123,POR,Javonte Cooke,13:08,3,0,2,3,0.333,0,1
20251123,OKC,Shai Gilgeous-Alexander,30:00,37,5,7,18,0.722,2,1
20251123,OKC,Cason Wallace,26:46,7,2,1,9,0.333,2,1
20251123,OKC,Chet Holmgren,25:24,5,9,4,8,0.25,0,3
20251123,OKC,Isaiah Hartenstein,22:13,7,14,3,9,0.333,0,2
20251123,OKC,Luguentz Dort,20:30,5,4,0,6,0.333,1,0
20251123,OKC,Isaiah Joe,23:46,10,2,1,7,0.429,1,2
20251123,OKC,Ajay Mitchell,23:37,20,1,4,8,1.0,2,2
20251123,OKC,Ousmane Dieng,14:37,8,2,1,5,0.6,0,0
20251123,OKC,Alex Caruso,14:13,5,2,3,3,0.667,1,0
20251123,OKC,Jaylin Williams,14:06,5,2,4,3,0.333,0,1
20251123,OKC,Branden Carlson,8:37,8,1,2,4,0.75,0,0
20251123,OKC,Brooks Barnhizer,8:09,5,3,1,3,0.667,0,1
20251123,OKC,Chris Youngblood,8:02,0,2,2,2,0.0,0,1
20251123,SAS,Harrison Barnes,34:45,11,3,3,11,0.455,1,1
20251123,SAS,De'Aaron Fox,33:23,26,5,3,11,0.455,0,2
20251123,SAS,Devin Vassell,33:11,17,4,2,13,0.385,1,3
20251123,SAS,Julian Champagnie,30:05,10,12,1,14,0.214,1,1
20251123,SAS,Luke Kornet,27:31,8,6,3,3,1.0,0,2
20251123,SAS,Keldon Johnson,25:16,14,6,2,8,0.75,0,3
20251123,SAS,Jeremy Sochan,20:59,7,5,1,5,0.6,0,1
20251123,SAS,Kelly Olynyk,14:03,4,4,1,3,0.0,0,4
20251123,SAS,David Jones García,12:58,0,2,1,4,0.0,1,2
20251123,SAS,Carter Bryant,7:49,5,3,0,5,0.4,0,0
20251123,PHO,Devin Booker,37:34,24,5,7,18,0.389,1,2
20251123,PHO,Dillon Brooks,35:29,25,3,2,24,0.417,1,2
20251123,PHO,Royce O'Neale,33:42,9,5,1,8,0.375,1,1
20251123,PHO,Jordan Goodwin,33:03,15,10,3,15,0.467,2,0
20251123,PHO,Mark Williams,28:36,14,11,2,8,0.75,1,0
20251123,PHO,Collin Gillespie,30:10,15,3,6,13,0.462,1,0
20251123,PHO,Isaiah Livers,18:45,5,1,1,5,0.4,3,0
20251123,PHO,Oso Ighodaro,17:37,2,3,5,2,0.5,0,1
20251123,PHO,Nick Richards,5:04,2,2,0,4,0.25,0,0
20251123,LAL,Luka Dončić,40:10,33,11,8,24,0.417,3,6
20251123,LAL,Austin Reaves,39:58,22,10,4,17,0.412,1,3
20251123,LAL,LeBron James,34:19,17,6,8,18,0.444,1,2
20251123,LAL,Rui Hachimura,29:10,13,6,0,8,0.5,0,0
20251123,LAL,Deandre Ayton,13:26,2,3,0,2,0.5,1,0
20251123,LAL,Gabe Vincent,20:15,3,1,0,1,1.0,1,1
20251123,LAL,Jaxson Hayes,18:10,5,4,1,2,1.0,0,1
20251123,LAL,Marcus Smart,17:27,6,0,0,6,0.333,0,0
20251123,LAL,Maxi Kleber,13:54,2,3,0,2,0.5,0,1
20251123,LAL,Jake LaRavia,13:11,5,1,2,6,0.333,0,0
20251123,UTA,Keyonte George,39:03,27,5,8,23,0.435,1,3
20251123,UTA,Lauri Markkanen,35:45,20,7,2,19,0.421,1,1
20251123,UTA,Ace Bailey,31:44,10,5,3,10,0.4,1,0
20251123,UTA,Jusuf Nurkić,30:30,11,10,2,6,0.833,2,2
20251123,UTA,Svi Mykhailiuk,28:06,12,2,5,9,0.556,0,1
20251123,UTA,Isaiah Collier,22:42,10,1,3,8,0.375,1,2
20251123,UTA,Kyle Filipowski,20:16,4,3,2,3,0.333,0,2
20251123,UTA,Brice Sensabaugh,14:52,5,3,0,8,0.125,0,1
20251123,UTA,Kevin Love,13:03,4,9,2,5,0.4,1,2
20251123,UTA,Cody Williams,3:22,0,0,0,2,0.0,0,0
20251123,UTA,Taylor Hendricks,0:37,3,0,0,1,1.0,0,0
20251124,DET,Cade Cunningham,35:48,24,11,6,18,0.444,0,3
20251124,DET,Duncan Robinson,33:40,9,4,0,10,0.2,1,1
20251124,DET,Ausar Thompson,30:31,13,3,4,9,0.667,1,1
20251124,DET,Jalen Duren,30:18,17,12,2,10,0.6,0,3
20251124,DET,Tobias Harris,25:49,12,1,2,8,0.5,1,1
20251124,DET,Caris LeVert,22:30,19,1,3,9,0.556,1,1
20251124,DET,Isaiah Stewart,19:59,9,5,0,6,0.667,1,2
20251124,DET,Jaden Ivey,11:30,12,3,1,10,0.5,0,0
20251124,DET,Javonte Green,11:14,2,0,0,2,0.5,0,1
20251124,DET,Ron Holland,11:04,0,3,3,0,,3,1
20251124,DET,Daniss Jenkins,7:37,5,2,3,2,0.5,0,1
20251124,IND,Andrew Nembhard,36:55,12,1,6,14,0.286,4,1
20251124,IND,Pascal Siakam,34:37,24,8,3,12,0.583,2,3
20251124,IND,Bennedict Mathurin,28:22,14,4,1,13,0.231,0,3
20251124,IND,Isaiah Jackson,23:40,9,4,0,4,0.5,0,0
20251124,IND,Ben Sheppard,23:26,0,1,1,3,0.0,0,0
20251124,IND,Jarace Walker,27:03,21,6,2,10,0.8,1,2
20251124,IND,T.J. McConnell,22:25,16,1,5,12,0.667,3,1
20251124,IND,Jay Huff,17:53,11,3,3,8,0.375,1,2
20251124,IND,Jeremiah Robinson-Earl,13:23,10,0,0,6,0.667,0,0
20251124,IND,Tony Bradley,6:26,0,1,0,0,,0,0
20251124,IND,Garrison Mathews,5:50,0,1,1,0,,0,1
20251124,CLE,Lonzo Ball,34:03,8,7,7,15,0.2,2,2
20251124,CLE,Jaylon Tyson,33:47,15,9,2,9,0.667,1,3
20251124,CLE,Donovan Mitchell,33:46,17,1,8,20,0.3,1,2
20251124,CLE,Evan Mobley,31:11,14,5,4,7,0.714,0,4
20251124,CLE,Larry Nance Jr.,18:08,6,1,2,4,0.5,2,0
20251124,CLE,Nae'Qwan Tomlin,31:52,14,4,0,8,0.75,1,0
20251124,CLE,Tyrese Proctor,19:32,8,3,1,9,0.222,1,1
20251124,CLE,Chris Livingston,14:03,7,3,1,5,0.6,1,0
20251124,CLE,Thomas Bryant,12:36,5,2,1,4,0.5,1,0
20251124,CLE,Luke Travers,11:02,5,2,1,6,0.167,1,0
20251124,TOR,Scottie Barnes,38:18,18,11,6,13,0.615,1,4
20251124,TOR,Brandon Ingram,37:14,37,7,2,30,0.5,1,4
20251124,TOR,Immanuel Quickley,33:01,11,6,7,14,0.357,1,2
20251124,TOR,Jakob Poeltl,26:47,7,13,1,4,0.75,2,2
20251124,TOR,Ja'Kobe Walter,24:24,5,3,1,8,0.25,2,0
20251124,TOR,Jamal Shead,24:24,9,0,7,4,0.75,1,1
20251124,TOR,Sandro Mamukelashvili,21:13,12,9,3,8,0.625,0,1
20251124,TOR,Collin Murray-Boyles,11:15,4,2,1,1,1.0,0,1
20251124,TOR,Gradey Dick,11:04,0,0,0,5,0.0,0,0
20251124,TOR,Ochai Agbaji,10:45,4,0,0,3,0.667,0,0
20251124,TOR,Jamison Battle,1:35,3,0,0,0,,0,0
20251124,NYK,Josh Hart,37:40,7,12,7,8,0.375,2,1
20251124,NYK,Mikal Bridges,33:30,16,4,4,11,0.545,2,1
20251124,NYK,Karl-Anthony Towns,32:58,37,12,3,20,0.7,1,1
20251124,NYK,Jalen Brunson,32:44,27,3,3,19,0.526,1,0
20251124,NYK,Miles McBride,29:36,9,2,3,10,0.4,0,0
20251124,NYK,Jordan Clarkson,20:04,12,0,1,12,0.5,0,4
20251124,NYK,Tyler Kolek,17:01,2,3,5,4,0.25,0,0
20251124,NYK,Ariel Hukporti,12:32,0,4,0,0,,0,0
20251124,NYK,Guerschon Yabusele,11:35,3,0,2,2,0.5,0,0
20251124,NYK,Mohamed Diawara,4:50,0,1,0,0,,0,0
20251124,NYK,Pacôme Dadiet,2:30,0,1,0,1,0.0,0,0
20251124,NYK,Tosan Evbuomwan,2:30,0,1,0,1,0.0,0,0
20251124,NYK,Trey Jemison,2:30,0,0,0,0,,0,1
20251124,BRK,Noah Clowney,39:06,31,4,3,17,0.529,0,2
20251124,BRK,Egor Dёmin,27:53,9,6,2,11,0.364,1,1
20251124,BRK,Michael Porter Jr.,27:29,16,4,0,15,0.4,0,2
20251124,BRK,Nic Claxton,26:17,8,4,1,8,0.25,0,0
20251124,BRK,Terance Mann,18:56,6,6,2,5,0.4,1,1
20251124,BRK,Tyrese Martin,26:47,4,7,5,8,0.125,1,0
20251124,BRK,Drake Powell,23:55,15,2,4,10,0.5,1,1
20251124,BRK,Jalen Wilson,22:48,6,2,1,7,0.286,0,2
20251124,BRK,Day'Ron Sharpe,21:43,5,8,1,4,0.5,1,1
20251124,BRK,Tyson Etienne,2:33,0,0,0,2,0.0,0,0
20251124,BRK,E.J. Liddell,2:33,0,1,0,0,,0,0
20251124,DAL,P.J. Washington,34:24,27,8,1,21,0.476,0,2
20251124,DAL,Cooper Flagg,33:53,12,7,3,14,0.357,2,3
20251124,DAL,Max Christie,30:02,15,5,2,9,0.556,0,2
20251124,DAL,Daniel Gafford,28:27,11,11,0,8,0.5,1,1
20251124,DAL,Brandon Williams,20:52,12,2,5,13,0.308,1,3
20251124,DAL,Naji Marshall,21:25,7,5,0,7,0.429,2,2
20251124,DAL,Klay Thompson,20:08,13,2,0,12,0.417,2,0
20251124,DAL,Ryan Nembhard,16:45,2,3,7,7,0.143,0,0
20251124,DAL,Dwight Powell,10:18,0,2,1,0,,0,0
20251124,DAL,D'Angelo Russell,9:46,0,1,2,3,0.0,0,2
20251124,DAL,Jaden Hardy,4:48,3,2,1,3,0.333,0,0
20251124,DAL,Caleb Martin,4:41,0,1,0,0,,0,0
20251124,DAL,Moussa Cisse,4:31,0,1,0,0,,0,1
20251124,MIA,Kel'el Ware,33:35,20,18,0,14,0.5,0,3
20251124,MIA,Davion Mitchell,32:11,8,3,4,8,0.5,2,1
20251124,MIA,Tyler Herro,29:23,24,7,0,18,0.667,3,0
20251124,MIA,Bam Adebayo,29:20,17,6,1,13,0.385,1,2
20251124,MIA,Pelle Larsson,28:11,9,2,6,10,0.4,1,1
20251124,MIA,Jaime Jaquez Jr.,32:34,13,6,5,11,0.455,0,3
20251124,MIA,Simone Fontecchio,21:08,8,5,5,10,0.2,0,2
20251124,MIA,Keshad Johnson,17:49,7,3,0,4,0.75,0,0
20251124,MIA,Dru Smith,15:49,0,3,1,6,0.0,1,1
20251124,DEN,Jamal Murray,37:11,29,3,8,21,0.524,0,1
20251124,DEN,Cameron Johnson,36:31,18,6,1,10,0.6,1,3
20251124,DEN,Nikola Jokić,33:43,17,10,16,9,0.556,2,3
20251124,DEN,Peyton Watson,32:54,27,5,3,22,0.5,1,1
20251124,DEN,Spencer Jones,15:02,0,5,0,2,0.0,0,1
20251124,DEN,Bruce Brown,28:20,9,3,2,8,0.375,0,2
20251124,DEN,Tim Hardaway Jr.,27:25,13,2,1,10,0.5,0,0
20251124,DEN,Zeke Nnaji,14:37,6,6,0,3,0.667,0,2
20251124,DEN,Jonas Valančiūnas,14:17,6,6,1,6,0.5,1,1
20251124,MEM,Jaylen Wells,33:24,22,5,3,13,0.615,1,0
20251124,MEM,Jaren Jackson Jr.,28:35,16,6,4,16,0.438,0,3
20251124,MEM,Cedric Coward,26:40,5,3,2,6,0.333,1,1
20251124,MEM,Vince Williams Jr.,23:55,6,5,7,8,0.25,1,1
20251124,MEM,Zach Edey,5:41,2,1,0,1,1.0,0,0
20251124,MEM,Santi Aldama,32:41,12,6,6,16,0.313,2,1
20251124,MEM,Jock Landale,30:53,26,10,2,18,0.556,0,1
20251124,MEM,Cam Spencer,28:56,18,2,4,10,0.6,0,1
20251124,MEM,Kentavious Caldwell-Pope,21:20,8,0,3,3,0.667,0,3
20251124,MEM,John Konchar,7:55,0,2,2,2,0.0,1,0
20251124,POR,Toumani Camara,31:31,13,7,3,11,0.455,2,2
20251124,POR,Deni Avdija,31:23,22,4,5,13,0.462,0,4
20251124,POR,Jerami Grant,30:55,35,4,4,18,0.444,0,2
20251124,POR,Sidy Cissoko,28:15,3,1,2,4,0.25,1,1
20251124,POR,Donovan Clingan,27:18,14,11,4,8,0.625,1,1
20251124,POR,Kris Murray,26:43,2,5,0,3,0.333,3,0
20251124,POR,Caleb Love,26:14,13,5,4,13,0.385,0,2
20251124,POR,Rayan Rupert,16:29,2,5,2,3,0.333,0,1
20251124,POR,Robert Williams,16:04,8,5,0,5,0.6,1,0
20251124,POR,Duop Reath,2:34,3,1,0,1,1.0,0,1
20251124,POR,Yang Hansen,2:34,0,0,0,0,,0,0
20251124,MIL,Myles Turner,32:20,13,11,1,12,0.333,0,1
20251124,MIL,Ryan Rollins,30:27,10,5,7,14,0.286,1,4
20251124,MIL,Kyle Kuzma,27:17,15,6,0,9,0.556,0,0
20251124,MIL,A.J. Green,24:33,6,2,0,6,0.333,1,1
20251124,MIL,Jericho Sims,10:56,0,1,0,1,0.0,0,0
20251124,MIL,Gary Trent Jr.,32:13,12,2,3,7,0.429,1,2
20251124,MIL,Bobby Portis,26:40,22,6,2,15,0.6,2,1
20251124,MIL,Cole Anthony,17:41,16,2,2,12,0.667,2,3
20251124,MIL,Gary Harris,17:22,0,3,4,0,,2,1
20251124,MIL,Andre Jackson Jr.,7:19,3,0,2,5,0.2,0,0
20251124,MIL,Thanasis Antetokounmpo,3:18,3,1,0,1,1.0,1,0
20251124,MIL,Mark Sears,3:18,3,0,0,3,0.333,0,0
20251124,MIL,Amir Coffey,3:18,0,0,0,1,0.0,0,0
20251124,MIL,Pete Nance,3:18,0,0,1,0,,0,0
20251124,CHI,Coby White,35:16,24,5,6,15,0.467,1,5
20251124,CHI,Josh Giddey,35:03,21,7,6,12,0.5,0,5
20251124,CHI,Ayo Dosunmu,32:10,28,2,1,16,0.688,0,1
20251124,CHI,Patrick Williams,27:26,6,4,2,9,0.222,0,1
20251124,CHI,Matas Buzelis,21:15,10,4,0,8,0.5,0,2
20251124,CHI,Tre Jones,27:39,10,2,11,4,0.5,0,0
20251124,CHI,Jalen Smith,26:21,13,6,1,6,0.667,0,2
20251124,CHI,Jevon Carter,18:04,11,1,1,7,0.571,1,0
20251124,CHI,Julian Phillips,14:37,7,2,1,3,1.0,1,1
20251124,CHI,Noa Essengue,2:09,0,0,0,2,0.0,1,0
20251124,NOP,Trey Murphy III,36:08,20,4,4,16,0.438,2,1
20251124,NOP,Saddiq Bey,34:28,20,13,3,16,0.5,2,0
20251124,NOP,Zion Williamson,29:37,29,1,2,14,0.571,2,2
20251124,NOP,Jeremiah Fears,24:17,15,4,3,9,0.444,0,1
20251124,NOP,Derik Queen,16:57,8,5,4,9,0.444,1,1
20251124,NOP,Jose Alvarado,31:56,16,8,8,16,0.438,2,2
20251124,NOP,Yves Missi,29:16,14,14,0,11,0.636,0,2
20251124,NOP,Micah Peavy,19:50,10,3,2,9,0.556,4,0
20251124,NOP,Bryce McGowens,17:31,11,3,2,4,0.75,0,1
20251124,HOU,Amen Thompson,36:51,28,7,8,16,0.625,0,4
20251124,HOU,Alperen Şengün,34:42,18,5,5,14,0.571,0,4
20251124,HOU,Jabari Smith Jr.,32:03,17,7,1,11,0.545,2,2
20251124,HOU,Josh Okogie,29:31,9,6,1,11,0.364,3,0
20251124,HOU,Reed Sheppard,26:54,7,1,5,9,0.222,3,2
20251124,HOU,Aaron Holiday,27:19,22,1,2,17,0.471,2,2
20251124,HOU,JD Davison,17:48,5,1,4,2,1.0,1,0
20251124,HOU,Steven Adams,16:29,6,7,0,4,0.5,1,0
20251124,HOU,Clint Capela,13:21,2,5,0,2,0.5,1,0
20251124,HOU,Isaiah Crawford,2:31,0,0,0,0,,0,0
20251124,HOU,Jeff Green,2:31,0,1,0,2,0.0,0,0
20251124,PHO,Devin Booker,37:47,18,3,5,13,0.385,1,5
20251124,PHO,Royce O'Neale,32:47,12,5,1,10,0.4,0,1
20251124,PHO,Dillon Brooks,31:35,29,3,0,22,0.5,1,2
20251124,PHO,Jordan Goodwin,26:40,7,4,0,8,0.375,2,5
20251124,PHO,Nick Richards,21:39,4,11,0,4,0.5,0,3
20251124,PHO,Collin Gillespie,29:18,16,3,2,12,0.5,3,3
20251124,PHO,Isaiah Livers,22:41,0,7,0,3,0.0,1,2
20251124,PHO,Oso Ighodaro,20:29,2,2,3,5,0.2,1,0
20251124,PHO,Rasheer Fleming,7:40,0,1,0,1,0.0,0,0
20251124,PHO,Jamaree Bouyea,3:08,3,0,0,2,0.5,0,0
20251124,PHO,Nigel Hayes-Davis,3:08,1,0,0,0,,0,0
20251124,PHO,Khaman Maluach,3:08,0,0,0,0,,0,0
20251124,UTA,Keyonte George,37:45,28,6,7,17,0.588,2,2
20251124,UTA,Lauri Markkanen,32:42,17,6,4,19,0.316,0,2
20251124,UTA,Ace Bailey,29:29,21,3,2,15,0.533,1,2
20251124,UTA,Jusuf Nurkić,24:11,8,9,2,6,0.667,0,3
20251124,UTA,Svi Mykhailiuk,20:03,2,3,2,5,0.2,0,1
20251124,UTA,Kyle Anderson,23:36,12,6,6,7,0.857,1,2
20251124,UTA,Isaiah Collier,21:11,2,3,3,4,0.25,2,2
20251124,UTA,Brice Sensabaugh,18:31,16,1,1,13,0.538,1,0
20251124,UTA,Walter Clayton,17:01,0,1,4,5,0.0,0,0
20251124,UTA,Kyle Filipowski,15:31,11,9,1,8,0.5,0,0
20251124,GSW,Moses Moody,29:11,15,6,0,17,0.353,2,0
20251124,GSW,Stephen Curry,29:03,31,4,2,24,0.5,1,3
20251124,GSW,Jimmy Butler,28:33,18,6,7,11,0.727,1,0
20251124,GSW,Quinten Post,27:34,9,4,5,8,0.375,1,1
20251124,GSW,Gary Payton II,20:49,9,6,8,8,0.5,1,0
20251124,GSW,Buddy Hield,22:45,20,5,4,13,0.615,1,2
20251124,GSW,Will Richard,21:42,9,6,1,7,0.429,2,0
20251124,GSW,Trayce Jackson-Davis,20:13,5,6,1,6,0.333,0,0
20251124,GSW,Brandin Podziemski,17:47,6,5,3,4,0.25,2,1
20251124,GSW,Pat Spencer,13:26,3,2,1,2,0.5,0,1
20251124,GSW,Gui Santos,8:57,9,0,2,4,0.75,0,2
20251124,MIN,Rudy Gobert,40:45,11,13,1,6,0.667,0,2
20251124,MIN,Anthony Edwards,40:15,43,7,4,29,0.552,3,3
20251124,MIN,Julius Randle,38:41,17,10,5,13,0.385,0,5
20251124,MIN,Jaden McDaniels,37:16,6,8,2,10,0.3,2,4
20251124,MIN,Donte DiVincenzo,37:03,17,4,1,14,0.357,1,1
20251124,MIN,Mike Conley,24:58,3,2,5,4,0.25,0,0
20251124,MIN,Naz Reid,23:27,15,7,0,15,0.4,0,1
20251124,MIN,Rob Dillingham,8:48,0,0,3,2,0.0,3,0
20251124,MIN,Terrence Shannon Jr.,7:23,0,1,0,1,0.0,0,0
20251124,MIN,Jaylen Clark,6:25,0,3,0,3,0.0,0,0
20251124,SAC,Keegan Murray,44:24,26,14,2,19,0.526,1,0
20251124,SAC,Zach LaVine,31:49,7,3,1,10,0.3,1,1
20251124,SAC,DeMar DeRozan,31:42,33,0,4,16,0.563,3,2
20251124,SAC,Russell Westbrook,28:42,7,7,7,11,0.273,2,4
20251124,SAC,Drew Eubanks,13:17,2,2,1,3,0.333,0,1
20251124,SAC,Precious Achiuwa,34:01,10,8,0,8,0.625,1,2
20251124,SAC,Malik Monk,26:05,22,2,2,18,0.5,1,0
20251124,SAC,Dennis Schröder,24:18,6,5,9,8,0.25,0,1
20251124,SAC,Maxime Raynaud,13:55,1,2,0,4,0.0,0,0
20251124,SAC,Nique Clifford,11:35,3,6,1,0,,0,0
20251124,SAC,Keon Ellis,5:12,0,0,0,0,,0,1
20251125,ATL,Nickeil Alexander-Walker,32:25,8,2,4,9,0.333,0,3
20251125,ATL,Dyson Daniels,32:00,11,9,7,11,0.455,0,3
20251125,ATL,Jalen Johnson,30:04,7,7,7,12,0.25,1,5
20251125,ATL,Zaccharie Risacher,29:51,17,5,0,12,0.5,2,1
20251125,ATL,Kristaps Porziņģis,21:46,22,8,1,13,0.538,0,0
20251125,ATL,Onyeka Okongwu,19:36,20,3,0,14,0.571,0,1
20251125,ATL,Mouhamed Gueye,17:56,7,5,1,6,0.5,0,1
20251125,ATL,Luke Kennard,15:09,9,1,4,7,0.429,0,2
20251125,ATL,Vít Krejčí,14:17,10,1,3,7,0.571,0,1
20251125,ATL,Keaton Wallace,13:38,0,2,4,1,0.0,0,1
20251125,ATL,Jacob Toppin,6:39,2,0,0,2,0.5,0,0
20251125,ATL,Asa Newell,6:39,0,1,2,1,0.0,1,0
20251125,WAS,Alex Sarr,37:40,27,11,0,15,0.733,2,1
20251125,WAS,CJ McCollum,36:48,46,5,4,25,0.68,1,2
20251125,WAS,Bilal Coulibaly,34:10,9,3,4,6,0.333,2,1
20251125,WAS,Khris Middleton,31:10,10,7,12,8,0.375,1,2
20251125,WAS,Corey Kispert,24:29,19,3,1,11,0.545,3,0
20251125,WAS,Bub Carrington,21:56,10,0,6,6,0.667,0,3
20251125,WAS,Justin Champagnie,17:27,4,5,1,3,0.667,1,0
20251125,WAS,Tristan Vukcevic,10:21,7,2,0,4,0.75,1,2
20251125,WAS,Cam Whitmore,9:39,0,0,0,1,0.0,1,0
20251125,WAS,Malaki Branham,8:30,0,0,2,3,0.0,1,1
20251125,WAS,Jamir Watkins,2:45,0,0,0,1,0.0,0,0
20251125,WAS,Sharife Cooper,2:33,0,0,0,0,,0,0
20251125,WAS,Will Riley,2:33,0,0,0,1,0.0,0,0
20251125,ORL,Desmond Bane,28:39,15,2,6,15,0.4,2,2
20251125,ORL,Franz Wagner,26:38,21,5,3,13,0.615,1,1
20251125,ORL,Wendell Carter Jr.,21:49,12,8,1,5,0.8,0,1
20251125,ORL,Tristan Da Silva,17:28,10,4,3,6,0.667,0,0
20251125,ORL,Jalen Suggs,15:41,4,5,11,7,0.286,2,1
20251125,ORL,Anthony Black,27:57,31,1,3,17,0.706,1,3
20251125,ORL,Noah Penda,21:49,10,9,2,9,0.333,0,1
20251125,ORL,Goga Bitadze,19:35,10,9,2,9,0.556,1,1
20251125,ORL,Jett Howard,18:24,13,2,1,10,0.5,0,0
20251125,ORL,Tyus Jones,15:56,10,1,3,4,0.75,1,0
20251125,ORL,Jase Richardson,10:02,7,0,1,5,0.4,1,1
20251125,ORL,Jamal Cain,9:26,1,1,1,0,,0,0
20251125,ORL,Orlando Robinson,6:36,0,0,1,1,0.0,1,0
20251125,PHI,Tyrese Maxey,31:58,20,1,4,15,0.467,1,1
20251125,PHI,Dominick Barlow,30:42,11,6,2,8,0.5,0,2
20251125,PHI,Quentin Grimes,26:57,8,3,4,9,0.111,0,3
20251125,PHI,Andre Drummond,22:19,3,12,0,6,0.167,0,2
20251125,PHI,Justin Edwards,22:09,13,1,1,7,0.714,2,4
20251125,PHI,Jared McCain,24:55,15,1,3,13,0.462,0,0
20251125,PHI,Eric Gordon,22:25,10,2,2,4,1.0,2,1
20251125,PHI,Jabari Walker,21:20,9,5,1,7,0.571,0,2
20251125,PHI,Johni Broome,17:07,4,6,2,9,0.222,2,2
20251125,PHI,Trendon Watford,10:42,8,1,1,2,1.0,0,2
20251125,PHI,Hunter Sallis,9:26,2,0,2,2,0.5,0,2
20251125,LAC,Ivica Zubac,36:55,10,10,4,12,0.417,1,1
20251125,LAC,James Harden,36:50,29,5,9,21,0.429,2,5
20251125,LAC,John Collins,33:58,18,5,1,8,0.75,0,1
20251125,LAC,Kris Dunn,30:14,19,0,3,13,0.615,1,2
20251125,LAC,Kawhi Leonard,27:38,19,5,3,14,0.429,1,3
20251125,LAC,Nicolas Batum,21:42,6,1,0,3,0.667,2,0
20251125,LAC,Kobe Brown,21:15,6,0,2,4,0.75,0,0
20251125,LAC,Kobe Sanders,16:34,6,1,1,2,0.5,0,2
20251125,LAC,Chris Paul,9:18,4,1,1,3,0.667,0,0
20251125,LAC,Cam Christie,1:52,1,1,0,1,0.0,0,0
20251125,LAC,Yanic Konan Niederhäuser,1:52,0,0,0,0,,0,0
20251125,LAC,Jahmyl Telfort,1:52,0,0,0,0,,0,0
20251125,LAL,Luka Dončić,38:16,43,9,13,28,0.5,1,3
20251125,LAL,Austin Reaves,35:03,31,9,3,16,0.688,3,1
20251125,LAL,LeBron James,32:19,25,6,6,15,0.6,1,3
20251125,LAL,Rui Hachimura,30:52,13,3,0,9,0.667,0,1
20251125,LAL,Jaxson Hayes,29:50,8,4,3,4,0.75,1,1
20251125,LAL,Marcus Smart,20:04,7,3,3,5,0.6,1,1
20251125,LAL,Gabe Vincent,18:01,0,0,0,2,0.0,0,1
20251125,LAL,Jake LaRavia,17:07,4,1,0,2,1.0,1,0
20251125,LAL,Maxi Kleber,13:40,2,3,0,3,0.333,0,0
20251125,LAL,Drew Timme,1:12,2,0,0,2,0.5,1,0
20251125,LAL,Bronny James,1:12,0,0,1,1,0.0,0,0
20251125,LAL,Dalton Knecht,1:12,0,0,0,0,,0,0
20251125,LAL,Adou Thiero,1:12,0,0,0,0,,0,0
20251126,DET,Cade Cunningham,36:24,42,8,5,26,0.462,1,4
20251126,DET,Jalen Duren,30:18,12,16,1,10,0.4,0,3
20251126,DET,Duncan Robinson,29:32,11,2,3,9,0.444,0,1
20251126,DET,Tobias Harris,27:01,12,4,3,8,0.5,0,0
20251126,DET,Ausar Thompson,25:51,8,8,2,8,0.25,1,2
20251126,DET,Caris LeVert,23:58,10,3,3,8,0.375,0,1
20251126,DET,Isaiah Stewart,20:07,6,9,1,7,0.429,0,1
20251126,DET,Jaden Ivey,14:47,7,4,0,9,0.222,1,1
20251126,DET,Ron Holland,14:21,6,1,1,6,0.5,2,0
20251126,DET,Javonte Green,9:43,0,1,0,2,0.0,0,0
20251126,DET,Daniss Jenkins,7:59,0,0,1,0,,0,0
20251126,BOS,Payton Pritchard,34:25,16,5,2,10,0.5,0,1
20251126,BOS,Jaylen Brown,34:13,33,10,5,32,0.375,2,5
20251126,BOS,Derrick White,31:14,27,7,3,13,0.538,3,2
20251126,BOS,Jordan Walsh,28:31,7,6,4,6,0.5,2,1
20251126,BOS,Luka Garza,11:20,0,1,0,1,0.0,0,0
20251126,BOS,Baylor Scheierman,30:18,13,3,1,7,0.714,0,1
20251126,BOS,Josh Minott,19:12,9,5,3,6,0.5,1,1
20251126,BOS,Sam Hauser,17:13,5,1,1,4,0.5,0,0
20251126,BOS,Amari Williams,15:22,1,3,0,0,,0,0
20251126,BOS,Anfernee Simons,11:43,5,1,4,7,0.143,0,1
20251126,BOS,Hugo González,6:30,1,2,1,1,0.0,1,0
20251126,NYK,Miles McBride,39:06,19,3,3,8,0.75,2,2
20251126,NYK,Mikal Bridges,35:39,18,5,3,11,0.727,3,2
20251126,NYK,Jalen Brunson,33:58,33,2,3,28,0.5,0,3
20251126,NYK,Josh Hart,33:45,22,8,7,13,0.615,3,2
20251126,NYK,Karl-Anthony Towns,32:22,19,10,3,13,0.462,0,3
20251126,NYK,Mitchell Robinson,17:12,0,5,1,0,,3,0
20251126,NYK,Tyler Kolek,15:23,7,0,3,4,0.75,0,1
20251126,NYK,Jordan Clarkson,14:00,8,2,0,7,0.571,1,0
20251126,NYK,Guerschon Yabusele,12:08,0,4,0,2,0.0,0,1
20251126,NYK,Ariel Hukporti,2:17,0,1,1,1,0.0,0,0
20251126,NYK,Mohamed Diawara,2:05,3,0,2,1,1.0,0,0
20251126,NYK,Pacôme Dadiet,2:05,0,1,0,0,,0,0
20251126,CHO,Miles Bridges,33:49,17,4,1,14,0.429,0,3
20251126,CHO,Kon Knueppel,29:34,6,4,2,12,0.167,0,2
20251126,CHO,Ryan Kalkbrenner,27:49,8,6,0,5,0.8,1,1
20251126,CHO,Brandon Miller,27:46,18,4,3,12,0.417,2,4
20251126,CHO,LaMelo Ball,26:49,11,6,4,14,0.286,1,4
20251126,CHO,Sion James,25:31,4,2,0,4,0.0,1,0
20251126,CHO,Tre Mann,20:50,15,3,3,13,0.462,0,2
20251126,CHO,Collin Sexton,17:26,15,1,2,6,0.833,0,0
20251126,CHO,Moussa Diabaté,15:24,4,4,0,2,1.0,0,1
20251126,CHO,Liam McNeeley,15:02,3,1,0,3,0.333,0,0
20251126,MIL,Ryan Rollins,41:08,26,7,5,24,0.458,1,4
20251126,MIL,A.J. Green,36:16,12,5,8,6,0.667,2,0
20251126,MIL,Gary Trent Jr.,34:41,15,1,2,14,0.357,2,1
20251126,MIL,Myles Turner,31:15,24,8,2,15,0.6,0,1
20251126,MIL,Kyle Kuzma,29:20,8,12,6,11,0.364,0,2
20251126,MIL,Bobby Portis,20:51,9,4,2,14,0.286,1,1
20251126,MIL,Gary Harris,18:36,3,4,1,2,0.5,0,0
20251126,MIL,Jericho Sims,16:45,4,2,2,2,1.0,1,2
20251126,MIL,Cole Anthony,11:08,2,4,3,7,0.0,0,2
20251126,MIA,Tyler Herro,32:25,29,5,7,15,0.6,1,2
20251126,MIA,Andrew Wiggins,31:17,11,2,3,11,0.364,0,1
20251126,MIA,Norman Powell,28:51,11,4,2,11,0.364,1,2
20251126,MIA,Davion Mitchell,28:47,2,4,9,2,0.5,1,3
20251126,MIA,Bam Adebayo,28:37,17,11,2,16,0.438,0,1
20251126,MIA,Kel'el Ware,26:01,11,9,0,6,0.667,2,1
20251126,MIA,Pelle Larsson,21:01,8,3,3,10,0.3,1,2
20251126,MIA,Dru Smith,19:13,5,3,1,6,0.333,3,1
20251126,MIA,Jaime Jaquez Jr.,17:02,10,4,3,6,0.667,0,1
20251126,MIA,Simone Fontecchio,6:46,2,2,2,2,0.5,0,0
20251126,MIN,Anthony Edwards,40:06,31,8,5,19,0.474,0,3
20251126,MIN,Julius Randle,33:00,10,8,4,13,0.154,3,3
20251126,MIN,Rudy Gobert,32:13,5,12,3,3,0.333,0,1
20251126,MIN,Donte DiVincenzo,31:18,11,5,2,9,0.444,1,2
20251126,MIN,Jaden McDaniels,30:09,10,6,3,6,0.5,0,3
20251126,MIN,Naz Reid,24:05,12,2,3,11,0.364,0,1
20251126,MIN,Terrence Shannon Jr.,17:08,18,2,1,7,1.0,0,0
20251126,MIN,Mike Conley,12:32,2,0,2,4,0.25,0,0
20251126,MIN,Rob Dillingham,12:13,6,1,2,7,0.286,0,0
20251126,MIN,Jaylen Clark,7:18,0,0,0,1,0.0,0,1
20251126,OKC,Shai Gilgeous-Alexander,36:43,40,6,6,19,0.632,3,1
20251126,OKC,Luguentz Dort,31:41,5,1,1,9,0.222,1,1
20251126,OKC,Cason Wallace,31:39,9,3,2,7,0.571,2,1
20251126,OKC,Chet Holmgren,29:02,12,9,2,12,0.333,1,1
20251126,OKC,Isaiah Hartenstein,28:03,15,7,2,10,0.6,1,0
20251126,OKC,Ajay Mitchell,23:38,13,2,3,9,0.556,0,0
20251126,OKC,Alex Caruso,21:53,5,2,0,5,0.2,0,1
20251126,OKC,Kenrich Williams,12:46,0,4,1,1,0.0,0,0
20251126,OKC,Jaylin Williams,12:24,9,5,2,4,0.5,0,1
20251126,OKC,Isaiah Joe,12:11,5,0,0,4,0.5,0,1
20251126,IND,Andrew Nembhard,35:25,9,4,4,10,0.2,2,2
20251126,IND,Bennedict Mathurin,34:01,15,3,3,15,0.333,1,4
20251126,IND,Pascal Siakam,30:56,11,4,2,10,0.5,2,3
20251126,IND,Jarace Walker,26:40,13,9,2,9,0.444,2,3
20251126,IND,Isaiah Jackson,19:38,8,2,3,3,1.0,0,3
20251126,IND,Jay Huff,28:23,10,6,0,6,0.5,0,0
20251126,IND,Ben Sheppard,27:02,8,5,0,6,0.5,0,0
20251126,IND,T.J. McConnell,24:15,16,7,6,17,0.471,0,2
20251126,IND,Jeremiah Robinson-Earl,13:36,5,3,0,2,1.0,0,1
20251126,IND,Garrison Mathews,0:04,0,0,0,0,,0,0
20251126,TOR,Brandon Ingram,38:12,26,8,0,23,0.478,2,3
20251126,TOR,Scottie Barnes,36:26,24,10,4,12,0.417,0,4
20251126,TOR,Immanuel Quickley,34:43,15,5,6,19,0.316,2,1
20251126,TOR,Jakob Poeltl,31:33,8,9,3,6,0.667,1,2
20251126,TOR,Collin Murray-Boyles,7:41,0,1,0,2,0.0,0,0
20251126,TOR,Ja'Kobe Walter,32:28,13,4,1,10,0.5,2,0
20251126,TOR,Jamal Shead,16:30,2,2,3,4,0.0,1,1
20251126,TOR,Sandro Mamukelashvili,16:27,7,3,0,8,0.375,0,0
20251126,TOR,Jamison Battle,13:57,2,3,0,2,0.5,0,0
20251126,TOR,Gradey Dick,6:34,0,3,1,2,0.0,1,1
20251126,TOR,Ochai Agbaji,5:29,0,0,0,2,0.0,0,1
20251126,MEM,Jaren Jackson Jr.,36:04,27,5,2,23,0.391,3,0
20251126,MEM,Vince Williams Jr.,35:02,5,4,17,6,0.333,2,6
20251126,MEM,Zach Edey,34:39,21,15,0,15,0.667,1,2
20251126,MEM,Cedric Coward,34:06,12,9,4,10,0.5,0,3
20251126,MEM,Jaylen Wells,32:28,25,3,1,11,0.818,1,1
20251126,MEM,Santi Aldama,24:25,14,5,4,9,0.556,0,0
20251126,MEM,Cam Spencer,19:06,11,2,7,5,0.8,1,2
20251126,MEM,Jock Landale,18:06,11,3,1,11,0.455,0,2
20251126,MEM,Kentavious Caldwell-Pope,17:25,0,1,2,3,0.0,0,0
20251126,MEM,John Konchar,13:39,7,2,0,4,0.75,1,0
20251126,NOP,Saddiq Bey,38:42,18,10,2,13,0.462,3,0
20251126,NOP,Trey Murphy III,38:28,12,4,6,12,0.417,2,3
20251126,NOP,Zion Williamson,32:22,17,5,4,15,0.467,0,5
20251126,NOP,Jeremiah Fears,26:23,10,2,3,11,0.364,0,0
20251126,NOP,Derik Queen,22:50,10,2,9,8,0.625,1,1
20251126,NOP,Yves Missi,29:24,6,6,3,6,0.5,0,1
20251126,NOP,Jose Alvarado,26:37,24,5,2,15,0.6,2,1
20251126,NOP,Micah Peavy,21:23,11,4,2,9,0.444,1,1
20251126,NOP,Jordan Hawkins,15:19,14,1,1,9,0.556,1,1
20251126,NOP,Bryce McGowens,13:32,6,1,2,3,0.667,0,1
20251126,HOU,Amen Thompson,38:19,10,14,3,12,0.333,1,2
20251126,HOU,Reed Sheppard,37:16,31,9,5,25,0.48,1,2
20251126,HOU,Jabari Smith Jr.,36:36,15,4,2,11,0.364,1,0
20251126,HOU,Alperen Şengün,34:34,16,6,6,18,0.389,1,1
20251126,HOU,Josh Okogie,23:39,3,3,1,5,0.2,1,3
20251126,HOU,Aaron Holiday,29:25,14,3,3,16,0.25,0,2
20251126,HOU,Clint Capela,18:04,6,12,2,8,0.375,1,0
20251126,HOU,Jae'Sean Tate,11:53,5,2,0,2,1.0,0,0
20251126,HOU,JD Davison,10:14,4,0,2,2,1.0,1,0
20251126,GSW,Draymond Green,34:16,12,9,8,8,0.625,0,4
20251126,GSW,Stephen Curry,32:45,14,6,5,13,0.308,0,7
20251126,GSW,Jimmy Butler,32:35,21,5,5,11,0.545,2,0
20251126,GSW,Moses Moody,30:05,9,7,1,8,0.25,0,0
20251126,GSW,Will Richard,28:01,18,6,0,12,0.583,2,0
20251126,GSW,Brandin Podziemski,28:23,14,4,2,11,0.545,1,2
20251126,GSW,Quinten Post,21:35,12,5,1,11,0.455,3,0
20251126,GSW,Buddy Hield,15:04,0,3,0,4,0.0,0,0
20251126,GSW,Pat Spencer,6:27,0,0,1,1,0.0,0,0
20251126,GSW,Gui Santos,5:55,0,1,1,2,0.0,0,2
20251126,GSW,Gary Payton II,4:54,0,1,1,1,0.0,0,1
20251126,SAS,Harrison Barnes,36:23,13,5,0,11,0.455,3,1
20251126,SAS,Devin Vassell,35:21,23,6,0,17,0.529,1,0
20251126,SAS,De'Aaron Fox,33:05,37,6,8,25,0.44,3,3
20251126,SAS,Julian Champagnie,32:19,12,11,2,10,0.5,0,1
20251126,SAS,Luke Kornet,28:04,6,9,2,8,0.375,0,0
20251126,SAS,Keldon Johnson,22:46,11,10,2,7,0.429,1,1
20251126,SAS,Dylan Harper,16:31,7,3,2,8,0.25,2,0
20251126,SAS,Kelly Olynyk,11:58,2,1,1,3,0.333,0,0
20251126,SAS,Lindy Waters III,8:22,2,1,0,3,0.333,1,0
20251126,SAS,Carter Bryant,7:36,0,2,0,2,0.0,1,2
20251126,SAS,Jeremy Sochan,7:35,2,3,0,7,0.143,0,1
20251126,POR,Deni Avdija,39:42,37,6,8,19,0.632,0,6
20251126,POR,Jerami Grant,32:24,13,4,2,17,0.294,1,3
20251126,POR,Toumani Camara,30:18,10,5,1,14,0.286,0,1
20251126,POR,Donovan Clingan,26:09,9,11,1,8,0.375,0,0
20251126,POR,Sidy Cissoko,18:19,3,2,2,4,0.25,0,2
20251126,POR,Kris Murray,29:03,8,6,3,5,0.6,0,1
20251126,POR,Shaedon Sharpe,21:30,11,5,2,8,0.5,0,3
20251126,POR,Robert Williams,19:36,10,5,1,6,0.833,1,0
20251126,POR,Caleb Love,12:20,1,1,1,4,0.0,0,1
20251126,POR,Rayan Rupert,8:35,0,2,0,1,0.0,1,1
20251126,POR,Duop Reath,1:02,0,0,0,0,,0,0
20251126,POR,Yang Hansen,1:02,0,1,0,1,0.0,0,0
20251126,PHO,Devin Booker,39:02,19,7,6,22,0.273,1,1
20251126,PHO,Collin Gillespie,33:58,21,3,9,15,0.533,2,4
20251126,PHO,Dillon Brooks,33:25,13,3,0,12,0.333,0,3
20251126,PHO,Royce O'Neale,32:08,9,4,4,9,0.333,3,2
20251126,PHO,Mark Williams,28:38,21,16,4,12,0.75,3,3
20251126,PHO,Jordan Goodwin,24:00,7,8,2,8,0.375,2,0
20251126,PHO,Jamaree Bouyea,18:43,11,1,0,6,0.667,0,0
20251126,PHO,Oso Ighodaro,15:24,8,2,0,4,1.0,2,0
20251126,PHO,Isaiah Livers,9:11,0,3,0,2,0.0,1,1
20251126,PHO,Nick Richards,5:32,3,0,0,1,1.0,0,0
20251126,SAC,Keegan Murray,38:04,19,8,3,16,0.438,2,0
20251126,SAC,DeMar DeRozan,36:50,10,3,3,11,0.364,0,1
20251126,SAC,Zach LaVine,31:35,13,2,2,14,0.357,1,6
20251126,SAC,Russell Westbrook,30:52,19,8,3,13,0.615,0,5
20251126,SAC,Drew Eubanks,14:22,4,9,2,4,0.5,1,1
20251126,SAC,Precious Achiuwa,24:45,14,5,3,7,0.857,1,0
20251126,SAC,Keon Ellis,22:58,6,2,1,5,0.4,3,1
20251126,SAC,Malik Monk,22:40,15,1,2,12,0.5,0,4
20251126,SAC,Nique Clifford,9:01,0,1,1,2,0.0,0,1
20251126,SAC,Maxime Raynaud,8:53,0,2,0,2,0.0,1,0
20251128,CLE,Donovan Mitchell,35:23,42,3,3,28,0.536,1,4
20251128,CLE,Evan Mobley,33:39,20,14,7,17,0.412,2,2
20251128,CLE,Darius Garland,32:59,15,5,10,14,0.429,1,5
20251128,CLE,De'Andre Hunter,32:11,16,4,1,9,0.667,2,3
20251128,CLE,Jarrett Allen,27:59,8,8,1,6,0.5,0,2
20251128,CLE,Jaylon Tyson,21:20,9,2,1,10,0.3,3,0
20251128,CLE,Dean Wade,18:47,5,3,1,3,0.333,0,0
20251128,CLE,Lonzo Ball,16:41,3,5,4,4,0.25,0,1
20251128,CLE,Nae'Qwan Tomlin,11:05,5,1,0,3,0.667,0,0
20251128,CLE,Larry Nance Jr.,9:56,0,3,1,1,0.0,0,0
20251128,ATL,Jalen Johnson,38:48,29,12,12,18,0.5,2,3
20251128,ATL,Dyson Daniels,36:34,10,8,9,8,0.625,3,2
20251128,ATL,Nickeil Alexander-Walker,34:43,30,3,1,22,0.455,1,1
20251128,ATL,Onyeka Okongwu,33:42,18,7,4,14,0.571,2,2
20251128,ATL,Zaccharie Risacher,26:50,14,3,1,6,0.833,0,2
20251128,ATL,Mouhamed Gueye,23:30,12,3,2,7,0.714,1,0
20251128,ATL,Vít Krejčí,21:10,14,2,3,12,0.417,2,1
20251128,ATL,Luke Kennard,15:44,3,0,2,3,0.333,0,1
20251128,ATL,Keaton Wallace,8:59,0,0,2,1,0.0,0,0
20251128,PHI,Quentin Grimes,42:38,19,3,9,20,0.4,2,5
20251128,PHI,Tyrese Maxey,41:45,22,9,7,16,0.438,1,1
20251128,PHI,Dominick Barlow,25:20,10,10,4,7,0.571,0,1
20251128,PHI,Paul George,21:21,14,3,2,10,0.6,2,1
20251128,PHI,Andre Drummond,10:31,7,4,1,2,1.0,0,0
20251128,PHI,Jared McCain,28:50,20,4,1,16,0.438,5,0
20251128,PHI,Adem Bona,22:50,13,6,0,7,0.857,0,2
20251128,PHI,Justin Edwards,16:09,4,0,1,7,0.143,2,1
20251128,PHI,Jabari Walker,12:00,4,2,1,3,0.667,0,0
20251128,PHI,Kyle Lowry,11:10,0,0,2,0,,0,0
20251128,PHI,Johni Broome,7:27,2,0,0,0,,0,0
20251128,BRK,Nic Claxton,37:32,12,6,1,10,0.4,1,5
20251128,BRK,Terance Mann,35:57,14,4,6,9,0.556,0,3
20251128,BRK,Noah Clowney,35:09,16,7,3,14,0.286,1,3
20251128,BRK,Egor Dёmin,30:29,23,9,5,18,0.444,1,3
20251128,BRK,Ziaire Williams,29:47,10,4,1,10,0.4,1,1
20251128,BRK,Drake Powell,20:36,4,1,1,2,0.5,0,1
20251128,BRK,Tyrese Martin,17:20,16,2,2,12,0.583,1,0
20251128,BRK,Danny Wolf,12:46,5,5,1,2,0.0,0,0
20251128,BRK,Jalen Wilson,10:16,0,0,1,4,0.0,0,0
20251128,BRK,Day'Ron Sharpe,10:09,3,3,0,4,0.25,0,2
20251128,CHI,Josh Giddey,33:15,25,11,9,16,0.5,1,0
20251128,CHI,Nikola Vučević,30:33,13,14,3,11,0.545,1,2
20251128,CHI,Matas Buzelis,29:42,8,2,3,8,0.375,1,2
20251128,CHI,Coby White,29:09,25,2,4,23,0.478,0,0
20251128,CHI,Kevin Huerter,24:56,11,2,4,8,0.5,0,0
20251128,CHI,Tre Jones,26:37,16,1,4,9,0.667,5,2
20251128,CHI,Ayo Dosunmu,23:24,5,2,2,7,0.286,0,1
20251128,CHI,Jalen Smith,17:27,6,5,0,5,0.6,0,2
20251128,CHI,Patrick Williams,12:33,5,5,0,8,0.25,0,1
20251128,CHI,Jevon Carter,10:07,2,0,2,2,0.5,0,0
20251128,CHI,Julian Phillips,2:17,0,0,0,0,,0,0
20251128,CHO,Miles Bridges,35:34,22,8,7,17,0.471,0,2
20251128,CHO,Kon Knueppel,31:40,12,5,4,14,0.357,1,1
20251128,CHO,Brandon Miller,31:37,27,5,1,19,0.526,0,1
20251128,CHO,Ryan Kalkbrenner,29:39,7,5,0,2,1.0,0,2
20251128,CHO,LaMelo Ball,28:55,16,7,8,19,0.316,2,2
20251128,CHO,Collin Sexton,25:34,21,4,3,15,0.533,1,1
20251128,CHO,Sion James,20:10,9,3,3,3,0.667,0,0
20251128,CHO,Moussa Diabaté,18:21,4,8,2,3,0.333,2,1
20251128,CHO,Tre Mann,14:23,5,1,0,5,0.4,0,2
20251128,CHO,Liam McNeeley,4:08,0,0,0,0,,0,0
20251128,ORL,Desmond Bane,39:17,37,8,2,25,0.52,1,2
20251128,ORL,Franz Wagner,35:58,21,7,1,19,0.421,3,1
20251128,ORL,Jalen Suggs,33:56,14,4,1,17,0.235,4,2
20251128,ORL,Wendell Carter Jr.,32:14,8,11,3,7,0.286,1,3
20251128,ORL,Tristan Da Silva,20:42,8,3,0,5,0.6,1,2
20251128,ORL,Anthony Black,31:32,16,4,4,17,0.353,3,3
20251128,ORL,Tyus Jones,18:27,0,1,3,2,0.0,1,0
20251128,ORL,Goga Bitadze,14:18,4,3,0,2,1.0,1,0
20251128,ORL,Jonathan Isaac,13:36,4,3,0,3,0.667,0,0
20251128,DET,Cade Cunningham,39:59,39,13,11,26,0.5,0,8
20251128,DET,Duncan Robinson,35:14,9,1,3,12,0.25,3,0
20251128,DET,Jalen Duren,31:11,16,12,2,8,0.625,1,5
20251128,DET,Tobias Harris,29:55,18,5,1,15,0.533,0,0
20251128,DET,Ausar Thompson,22:38,8,7,2,7,0.429,1,3
20251128,DET,Caris LeVert,23:31,7,1,0,7,0.286,1,0
20251128,DET,Isaiah Stewart,14:16,8,6,1,3,0.667,0,3
20251128,DET,Javonte Green,10:23,0,2,0,2,0.0,1,1
20251128,DET,Jaden Ivey,10:11,3,0,0,2,0.5,0,3
20251128,DET,Ron Holland,8:46,0,0,1,0,,0,1
20251128,DET,Daniss Jenkins,8:20,0,1,1,2,0.0,0,0
20251128,DET,Paul Reed,5:36,1,1,0,0,,0,0
20251128,WAS,Alex Sarr,32:44,24,9,1,19,0.421,2,1
20251128,WAS,Bilal Coulibaly,30:40,11,4,2,9,0.444,1,4
20251128,WAS,CJ McCollum,29:31,11,1,2,13,0.385,2,0
20251128,WAS,Kyshawn George,26:32,5,3,4,6,0.333,0,2
20251128,WAS,Khris Middleton,25:52,12,6,4,10,0.6,0,4
20251128,WAS,Bub Carrington,26:37,6,7,3,8,0.25,0,1
20251128,WAS,Cam Whitmore,15:43,8,3,0,6,0.5,0,2
20251128,WAS,Tristan Vukcevic,15:16,5,1,2,4,0.25,0,2
20251128,WAS,Justin Champagnie,11:12,0,2,0,1,0.0,1,0
20251128,WAS,Will Riley,10:02,4,4,0,5,0.4,0,0
20251128,WAS,Malaki Branham,6:45,0,1,0,1,0.0,0,0
20251128,WAS,AJ Johnson,5:48,0,1,0,1,0.0,0,1
20251128,WAS,Sharife Cooper,3:18,0,0,0,1,0.0,0,0
20251128,IND,Bennedict Mathurin,34:09,20,2,4,16,0.5,1,3
20251128,IND,Ben Sheppard,29:14,9,3,5,5,0.6,1,2
20251128,IND,Pascal Siakam,26:27,24,11,1,20,0.55,2,0
20251128,IND,Jarace Walker,23:08,10,7,1,9,0.333,0,1
20251128,IND,Jay Huff,21:47,12,6,2,6,0.833,0,2
20251128,IND,Jeremiah Robinson-Earl,26:22,3,11,4,7,0.143,1,1
20251128,IND,Garrison Mathews,21:50,9,1,0,7,0.286,1,1
20251128,IND,T.J. McConnell,19:14,14,4,8,9,0.778,1,1
20251128,IND,Isaiah Jackson,18:26,10,2,0,7,0.714,2,0
20251128,IND,Tony Bradley,7:47,5,1,1,2,1.0,0,0
20251128,IND,Taelon Peter,5:48,3,0,0,2,0.5,0,0
20251128,IND,RayJ Dennis,5:48,0,2,1,2,0.0,0,0
20251128,MIL,Ryan Rollins,41:01,13,5,6,10,0.4,2,3
20251128,MIL,A.J. Green,39:15,18,5,1,12,0.5,2,2
20251128,MIL,Myles Turner,30:23,10,3,1,10,0.3,1,0
20251128,MIL,Giannis Antetokounmpo,28:05,30,15,8,14,0.714,1,3
20251128,MIL,Gary Trent Jr.,24:56,3,0,1,4,0.25,0,0
20251128,MIL,Kyle Kuzma,28:14,20,4,3,9,0.889,2,2
20251128,MIL,Gary Harris,23:30,5,0,0,2,0.5,0,2
20251128,MIL,Bobby Portis,17:37,3,3,2,7,0.143,0,2
20251128,MIL,Cole Anthony,6:59,7,0,2,3,1.0,1,1
20251128,NYK,Josh Hart,39:54,19,15,7,12,0.417,3,3
20251128,NYK,Jalen Brunson,39:05,37,1,5,21,0.571,1,3
20251128,NYK,Karl-Anthony Towns,35:41,9,10,4,8,0.25,0,2
20251128,NYK,Mikal Bridges,34:43,14,4,2,12,0.5,2,0
20251128,NYK,Miles McBride,33:22,19,2,1,8,0.625,0,0
20251128,NYK,Jordan Clarkson,21:52,6,4,3,13,0.154,0,1
20251128,NYK,Mitchell Robinson,18:59,6,7,1,3,1.0,2,2
20251128,NYK,Tyler Kolek,10:15,5,0,1,5,0.4,2,0
20251128,NYK,Guerschon Yabusele,6:09,3,1,1,2,0.5,0,1
20251128,SAS,Julian Champagnie,36:26,25,10,2,15,0.4,1,0
20251128,SAS,De'Aaron Fox,34:07,15,1,12,19,0.316,1,3
20251128,SAS,Devin Vassell,31:17,35,3,2,17,0.706,1,0
20251128,SAS,Harrison Barnes,30:52,10,3,5,11,0.364,1,2
20251128,SAS,Luke Kornet,27:43,12,6,2,7,0.571,0,1
20251128,SAS,Keldon Johnson,22:22,14,8,2,7,0.571,0,1
20251128,SAS,Jeremy Sochan,15:36,4,1,2,4,0.5,1,0
20251128,SAS,Dylan Harper,15:19,11,0,3,7,0.571,3,0
20251128,SAS,Kelly Olynyk,12:32,7,1,0,3,0.667,1,1
20251128,SAS,Lindy Waters III,7:55,3,0,0,1,1.0,0,0
20251128,SAS,Carter Bryant,5:51,3,2,0,3,0.333,1,0
20251128,DEN,Cameron Johnson,37:45,28,6,1,16,0.625,2,3
20251128,DEN,Jamal Murray,36:10,37,4,7,20,0.65,0,2
20251128,DEN,Nikola Jokić,36:01,21,9,10,10,0.7,1,4
20251128,DEN,Peyton Watson,33:42,15,6,3,11,0.455,1,1
20251128,DEN,Spencer Jones,22:46,9,1,3,9,0.444,1,1
20251128,DEN,Tim Hardaway Jr.,28:31,15,2,1,10,0.4,0,2
20251128,DEN,Bruce Brown,19:19,3,4,1,8,0.125,0,0
20251128,DEN,Zeke Nnaji,13:47,4,4,0,4,0.5,0,2
20251128,DEN,Jonas Valančiūnas,11:59,4,8,1,3,0.667,0,1
20251128,PHO,Dillon Brooks,38:50,19,3,2,18,0.333,2,3
20251128,PHO,Devin Booker,38:32,21,8,6,13,0.385,1,5
20251128,PHO,Collin Gillespie,33:15,24,3,4,16,0.563,1,4
20251128,PHO,Royce O'Neale,28:54,11,7,1,10,0.4,1,1
20251128,PHO,Mark Williams,22:22,13,14,0,9,0.556,0,4
20251128,PHO,Jordan Goodwin,25:57,14,5,2,13,0.385,1,1
20251128,PHO,Oso Ighodaro,21:55,6,6,4,4,0.75,1,0
20251128,PHO,Jamaree Bouyea,14:12,9,2,0,6,0.667,0,0
20251128,PHO,Nigel Hayes-Davis,12:10,0,2,0,2,0.0,0,0
20251128,PHO,Nick Richards,3:54,2,1,1,1,1.0,0,0
20251128,OKC,Shai Gilgeous-Alexander,35:43,37,3,8,20,0.5,1,1
20251128,OKC,Chet Holmgren,32:23,23,8,1,13,0.615,0,0
20251128,OKC,Cason Wallace,32:22,14,4,3,9,0.667,1,0
20251128,OKC,Luguentz Dort,29:39,7,2,0,7,0.429,3,1
20251128,OKC,Jalen Williams,29:03,11,4,8,12,0.25,2,1
20251128,OKC,Alex Caruso,24:04,4,7,3,3,0.667,2,4
20251128,OKC,Isaiah Joe,23:54,10,4,2,9,0.444,0,0
20251128,OKC,Jaylin Williams,21:01,14,4,0,8,0.625,0,2
20251128,OKC,Kenrich Williams,7:11,3,1,1,3,0.333,0,0
20251128,OKC,Ajay Mitchell,4:41,0,0,1,3,0.0,0,1
20251128,SAC,Keegan Murray,44:35,23,10,3,18,0.5,3,0
20251128,SAC,Zach LaVine,38:51,34,2,6,23,0.522,0,2
20251128,SAC,DeMar DeRozan,36:00,16,2,3,10,0.5,1,2
20251128,SAC,Russell Westbrook,33:04,16,12,14,16,0.375,4,3
20251128,SAC,Drew Eubanks,12:58,2,4,0,3,0.333,0,1
20251128,SAC,Maxime Raynaud,21:32,19,4,0,11,0.636,0,0
20251128,SAC,Malik Monk,20:40,5,2,0,7,0.286,1,1
20251128,SAC,Precious Achiuwa,19:12,2,6,1,6,0.167,0,0
20251128,SAC,Keon Ellis,7:27,2,0,0,2,0.0,0,0
20251128,SAC,Nique Clifford,5:41,0,2,0,0,,0,0
20251128,UTA,Lauri Markkanen,38:55,28,7,2,23,0.391,0,1
20251128,UTA,Keyonte George,35:37,31,5,6,19,0.526,0,3
20251128,UTA,Jusuf Nurkić,27:25,9,11,9,8,0.5,3,3
20251128,UTA,Svi Mykhailiuk,23:14,9,3,2,7,0.571,0,1
20251128,UTA,Ace Bailey,16:37,5,4,2,5,0.4,1,0
20251128,UTA,Brice Sensabaugh,27:43,20,3,0,11,0.545,1,2
20251128,UTA,Isaiah Collier,23:43,9,1,7,4,0.5,0,1
20251128,UTA,Kyle Filipowski,20:45,8,7,2,4,0.5,0,0
20251128,UTA,Kevin Love,17:24,9,7,1,5,0.6,1,0
20251128,UTA,Walter Clayton,8:37,0,1,1,1,0.0,1,1
20251128,MEM,Zach Edey,31:58,5,19,2,4,0.5,0,1
20251128,MEM,Jaren Jackson Jr.,30:47,24,2,2,13,0.692,0,2
20251128,MEM,Cedric Coward,30:44,7,4,1,10,0.3,0,2
20251128,MEM,Jaylen Wells,28:07,13,6,2,7,0.286,1,1
20251128,MEM,Vince Williams Jr.,23:17,16,1,5,17,0.412,1,3
20251128,MEM,Cam Spencer,24:35,10,2,4,9,0.444,1,4
20251128,MEM,Santi Aldama,22:15,13,7,5,7,0.571,0,0
20251128,MEM,Kentavious Caldwell-Pope,21:10,12,4,1,10,0.4,1,1
20251128,MEM,Jock Landale,16:00,12,6,0,11,0.364,0,1
20251128,MEM,John Konchar,11:08,0,2,2,0,,1,0
20251128,LAC,James Harden,40:09,23,7,11,18,0.333,2,5
20251128,LAC,Ivica Zubac,39:09,9,12,5,11,0.364,0,2
20251128,LAC,John Collins,32:48,10,7,0,12,0.333,0,1
20251128,LAC,Kris Dunn,30:24,11,7,1,9,0.444,5,2
20251128,LAC,Kawhi Leonard,28:31,39,3,0,24,0.625,1,1
20251128,LAC,Nicolas Batum,23:20,2,1,0,0,,2,1
20251128,LAC,Kobe Brown,16:27,5,0,0,7,0.286,2,0
20251128,LAC,Chris Paul,15:01,5,2,0,4,0.5,0,1
20251128,LAC,Kobe Sanders,14:12,3,0,2,4,0.25,1,0
20251128,DAL,Cooper Flagg,35:38,13,7,11,11,0.455,3,1
20251128,DAL,P.J. Washington,35:15,22,9,1,19,0.474,1,2
20251128,DAL,Anthony Davis,28:19,12,5,5,10,0.6,0,0
20251128,DAL,Max Christie,27:27,13,1,1,10,0.5,0,1
20251128,DAL,Ryan Nembhard,23:21,17,2,4,11,0.636,1,2
20251128,DAL,Naji Marshall,24:59,16,7,2,8,0.5,1,1
20251128,DAL,Brandon Williams,24:07,11,2,3,11,0.273,1,1
20251128,DAL,Klay Thompson,19:56,10,1,1,8,0.375,0,1
20251128,DAL,Daniel Gafford,17:29,5,4,0,3,0.667,1,2
20251128,DAL,Jaden Hardy,1:10,0,0,0,0,,0,0
20251128,DAL,Caleb Martin,1:10,0,0,0,0,,0,0
20251128,DAL,Dwight Powell,1:10,0,1,0,0,,0,0
20251128,LAL,Austin Reaves,41:19,38,8,3,15,0.8,0,1
20251128,LAL,Luka Dončić,40:18,35,5,11,18,0.556,0,4
20251128,LAL,Deandre Ayton,36:20,17,8,2,9,0.889,1,2
20251128,LAL,Rui Hachimura,36:20,14,4,0,13,0.385,1,2
20251128,LAL,LeBron James,33:57,13,5,7,13,0.385,1,2
20251128,LAL,Gabe Vincent,22:54,6,0,3,3,0.667,0,0
20251128,LAL,Jake LaRavia,13:32,0,2,0,0,,0,1
20251128,LAL,Jaxson Hayes,11:40,6,2,1,4,0.75,0,1
20251128,LAL,Maxi Kleber,3:40,0,0,0,1,0.0,1,1
20251129,BOS,Jaylen Brown,39:21,41,6,7,32,0.531,5,4
20251129,BOS,Derrick White,38:50,16,1,5,16,0.375,0,1
20251129,BOS,Payton Pritchard,30:55,9,5,4,14,0.286,1,0
20251129,BOS,Neemias Queta,28:47,19,18,0,8,0.875,0,2
20251129,BOS,Jordan Walsh,19:50,0,2,0,2,0.0,1,0
20251129,BOS,Sam Hauser,29:39,14,6,4,12,0.417,1,0
20251129,BOS,Anfernee Simons,17:39,5,1,1,4,0.5,0,1
20251129,BOS,Josh Minott,16:12,5,4,0,3,0.667,1,1
20251129,BOS,Baylor Scheierman,13:39,3,0,2,4,0.25,1,1
20251129,BOS,Luka Garza,5:07,3,0,1,1,1.0,0,0
20251129,MIN,Anthony Edwards,37:16,39,2,5,24,0.5,0,0
20251129,MIN,Donte DiVincenzo,34:10,15,3,8,9,0.556,1,1
20251129,MIN,Julius Randle,32:04,16,9,6,13,0.462,0,4
20251129,MIN,Rudy Gobert,30:06,12,8,3,6,0.833,0,0
20251129,MIN,Jaden McDaniels,25:46,8,4,3,8,0.375,1,2
20251129,MIN,Naz Reid,28:08,10,8,2,9,0.444,1,3
20251129,MIN,Mike Conley,17:29,6,2,2,2,1.0,0,0
20251129,MIN,Terrence Shannon Jr.,17:26,10,0,0,7,0.429,0,3
20251129,MIN,Jaylen Clark,11:49,0,1,0,3,0.0,0,0
20251129,MIN,Rob Dillingham,5:46,3,0,2,2,0.5,0,1
20251129,TOR,Brandon Ingram,39:55,22,6,4,26,0.385,0,3
20251129,TOR,Scottie Barnes,39:20,30,12,5,16,0.688,2,3
20251129,TOR,Immanuel Quickley,36:42,22,3,10,20,0.45,0,3
20251129,TOR,Jakob Poeltl,32:32,8,11,9,6,0.667,2,3
20251129,TOR,Ja'Kobe Walter,27:14,5,7,0,3,0.333,0,1
20251129,TOR,Jamal Shead,22:52,3,3,2,6,0.167,0,0
20251129,TOR,Sandro Mamukelashvili,19:16,13,3,0,10,0.5,0,0
20251129,TOR,Gradey Dick,17:44,5,2,1,6,0.333,0,1
20251129,TOR,Ochai Agbaji,16:03,2,1,1,5,0.2,0,0
20251129,TOR,Collin Murray-Boyles,13:22,1,4,2,1,0.0,2,1
20251129,CHO,Miles Bridges,41:26,35,3,0,23,0.565,1,0
20251129,CHO,Kon Knueppel,36:42,20,6,4,10,0.5,2,2
20251129,CHO,Brandon Miller,25:19,7,2,3,13,0.077,0,1
20251129,CHO,Ryan Kalkbrenner,22:16,8,6,2,4,0.75,1,0
20251129,CHO,LaMelo Ball,21:42,14,2,5,16,0.375,0,2
20251129,CHO,Collin Sexton,33:10,18,1,5,11,0.545,3,3
20251129,CHO,Moussa Diabaté,30:21,7,9,2,5,0.6,1,0
20251129,CHO,Sion James,30:15,2,6,2,5,0.2,1,0
20251129,CHO,Liam McNeeley,13:17,7,3,0,4,0.75,1,1
20251129,CHO,Tre Mann,10:33,0,1,1,2,0.0,0,0
20251129,CHI,Ayo Dosunmu,35:25,15,4,4,13,0.462,0,1
20251129,CHI,Matas Buzelis,34:01,8,11,2,9,0.333,1,3
20251129,CHI,Josh Giddey,33:32,17,11,7,13,0.538,0,3
20251129,CHI,Kevin Huerter,31:45,15,3,1,14,0.429,1,2
20251129,CHI,Nikola Vučević,30:10,16,8,6,14,0.357,1,0
20251129,CHI,Tre Jones,29:04,17,1,2,9,0.778,0,2
20251129,CHI,Patrick Williams,17:02,2,2,0,7,0.143,0,0
20251129,CHI,Jevon Carter,11:06,3,1,2,2,0.5,1,1
20251129,CHI,Lachlan Olbrich,11:02,2,3,0,3,0.333,0,1
20251129,CHI,Emanuel Miller,6:55,6,1,0,3,0.667,1,0
20251129,IND,Bennedict Mathurin,37:52,19,6,3,19,0.421,2,5
20251129,IND,Pascal Siakam,36:18,24,9,4,23,0.478,2,1
20251129,IND,Andrew Nembhard,31:34,14,1,6,10,0.5,0,3
20251129,IND,Jay Huff,25:16,14,8,2,9,0.556,0,0
20251129,IND,Ben Sheppard,22:24,6,2,0,4,0.5,0,1
20251129,IND,T.J. McConnell,24:49,8,3,6,10,0.4,3,0
20251129,IND,Isaiah Jackson,22:44,14,11,1,5,1.0,1,1
20251129,IND,Jarace Walker,20:20,4,2,1,4,0.25,0,1
20251129,IND,Jeremiah Robinson-Earl,10:33,0,2,0,2,0.0,0,0
20251129,IND,Garrison Mathews,8:10,0,0,1,3,0.0,0,0
20251129,DET,Cade Cunningham,38:23,29,4,8,25,0.56,2,8
20251129,DET,Duncan Robinson,31:52,18,5,5,14,0.5,1,1
20251129,DET,Tobias Harris,30:36,26,4,2,12,0.833,0,3
20251129,DET,Ausar Thompson,30:29,10,8,3,9,0.556,1,3
20251129,DET,Isaiah Stewart,28:51,9,8,1,7,0.571,0,1
20251129,DET,Ron Holland,23:10,10,0,3,6,0.667,3,1
20251129,DET,Paul Reed,19:09,13,10,2,9,0.556,1,2
20251129,DET,Daniss Jenkins,14:36,9,1,4,4,0.5,2,1
20251129,DET,Jaden Ivey,14:26,9,2,1,5,0.4,0,1
20251129,DET,Javonte Green,8:28,5,1,0,2,1.0,1,0
20251129,MIA,Andrew Wiggins,36:52,31,6,4,15,0.667,3,1
20251129,MIA,Bam Adebayo,33:12,15,10,1,9,0.556,2,3
20251129,MIA,Norman Powell,33:02,28,2,3,16,0.563,1,3
20251129,MIA,Tyler Herro,32:17,24,4,2,17,0.353,0,2
20251129,MIA,Davion Mitchell,32:06,7,1,10,8,0.25,3,0
20251129,MIA,Pelle Larsson,24:42,7,1,2,6,0.333,1,0
20251129,MIA,Kel'el Ware,21:43,12,7,0,9,0.667,1,2
20251129,MIA,Dru Smith,15:54,9,5,4,5,0.6,1,1
20251129,MIA,Nikola Jović,10:12,2,2,1,3,0.333,0,5
20251129,BRK,Nic Claxton,24:47,7,4,3,4,0.75,0,1
20251129,BRK,Tyrese Martin,23:49,9,6,1,10,0.4,0,1
20251129,BRK,Noah Clowney,21:22,6,1,1,3,0.667,0,3
20251129,BRK,Terance Mann,21:05,4,1,1,8,0.25,2,2
20251129,BRK,Ziaire Williams,19:26,10,2,1,10,0.4,1,3
20251129,BRK,Danny Wolf,30:17,22,4,4,16,0.5,0,2
20251129,BRK,Ben Saraf,29:19,10,0,7,8,0.5,0,3
20251129,BRK,Day'Ron Sharpe,23:13,7,7,2,6,0.333,0,1
20251129,BRK,Drake Powell,20:44,3,2,1,1,0.0,0,1
20251129,BRK,Jalen Wilson,16:08,13,3,2,8,0.5,1,0
20251129,BRK,Tyson Etienne,4:55,6,0,0,2,1.0,0,1
20251129,BRK,E.J. Liddell,4:55,2,1,0,1,1.0,0,0
20251129,MIL,Ryan Rollins,31:00,10,2,4,10,0.4,4,2
20251129,MIL,Kevin Porter Jr.,24:32,13,4,6,10,0.4,1,1
20251129,MIL,A.J. Green,23:08,15,3,5,7,0.714,0,1
20251129,MIL,Myles Turner,22:09,10,3,2,7,0.571,0,0
20251129,MIL,Giannis Antetokounmpo,18:59,29,8,2,15,0.8,2,2
20251129,MIL,Gary Trent Jr.,25:16,5,2,1,9,0.222,0,1
20251129,MIL,Jericho Sims,23:19,2,8,2,1,1.0,0,2
20251129,MIL,Kyle Kuzma,22:27,11,1,3,5,0.6,3,1
20251129,MIL,Bobby Portis,20:56,13,6,0,10,0.5,0,2
20251129,MIL,Gary Harris,11:34,0,5,4,4,0.0,2,0
20251129,MIL,Cole Anthony,4:55,2,0,1,2,0.5,1,0
20251129,MIL,Andre Jackson Jr.,4:55,2,1,1,1,1.0,0,0
20251129,MIL,Amir Coffey,3:52,2,0,0,2,0.5,0,0
20251129,MIL,Thanasis Antetokounmpo,2:58,2,0,0,1,1.0,0,0
20251129,NOP,Saddiq Bey,37:37,21,7,3,17,0.412,1,1
20251129,NOP,Jeremiah Fears,36:17,16,6,2,17,0.294,2,2
20251129,NOP,Zion Williamson,30:44,25,7,4,16,0.5,0,3
20251129,NOP,Bryce McGowens,26:22,5,4,1,6,0.333,2,1
20251129,NOP,Derik Queen,15:53,2,3,0,3,0.333,0,2
20251129,NOP,Micah Peavy,31:44,7,5,1,8,0.25,1,0
20251129,NOP,Jose Alvarado,30:38,7,3,4,10,0.1,0,2
20251129,NOP,Yves Missi,20:18,9,10,0,6,0.667,0,2
20251129,NOP,Kevon Looney,10:27,4,5,1,3,0.667,1,0
20251129,GSW,Jimmy Butler,37:14,24,8,10,15,0.467,0,2
20251129,GSW,Brandin Podziemski,32:49,15,5,6,13,0.385,1,0
20251129,GSW,Draymond Green,31:21,2,9,4,9,0.0,1,1
20251129,GSW,Moses Moody,27:06,11,3,0,12,0.333,2,1
20251129,GSW,Quinten Post,16:41,8,2,2,6,0.5,0,1
20251129,GSW,Gary Payton II,25:03,19,11,3,14,0.643,0,1
20251129,GSW,Will Richard,19:32,3,2,0,4,0.25,0,0
20251129,GSW,Jonathan Kuminga,18:48,10,1,2,8,0.5,0,2
20251129,GSW,Buddy Hield,16:37,8,4,0,9,0.333,1,1
20251129,GSW,Pat Spencer,14:49,4,2,1,3,0.667,0,0
20251129,DEN,Jamal Murray,36:32,24,3,4,18,0.444,1,5
20251129,DEN,Cameron Johnson,34:59,15,4,4,9,0.556,0,3
20251129,DEN,Nikola Jokić,31:24,26,9,10,7,1.0,0,5
20251129,DEN,Peyton Watson,27:36,11,5,3,4,0.75,0,0
20251129,DEN,Spencer Jones,27:15,16,9,1,10,0.6,0,1
20251129,DEN,Tim Hardaway Jr.,27:26,23,3,0,14,0.571,0,0
20251129,DEN,Bruce Brown,27:01,4,2,10,6,0.333,1,1
20251129,DEN,Jonas Valančiūnas,15:14,9,3,3,6,0.667,0,1
20251129,DEN,Zeke Nnaji,8:06,2,0,0,1,1.0,0,0
20251129,DEN,Curtis Jones,1:29,0,1,0,1,0.0,0,0
20251129,DEN,Jalen Pickett,1:29,0,0,0,0,,0,0
20251129,DEN,Hunter Tyson,1:29,0,1,1,0,,0,0
20251129,PHO,Devin Booker,35:18,24,4,7,11,0.455,1,1
20251129,PHO,Oso Ighodaro,31:48,8,8,3,4,1.0,2,1
20251129,PHO,Royce O'Neale,29:09,15,6,1,13,0.462,2,0
20251129,PHO,Dillon Brooks,27:56,27,3,2,18,0.556,1,2
20251129,PHO,Grayson Allen,25:48,10,1,3,11,0.364,2,0
20251129,PHO,Collin Gillespie,28:39,12,0,2,11,0.364,1,1
20251129,PHO,Jordan Goodwin,15:04,8,2,1,7,0.429,1,0
20251129,PHO,Jamaree Bouyea,14:36,3,2,3,4,0.25,1,0
20251129,PHO,Nigel Hayes-Davis,13:13,0,2,0,3,0.0,0,1
20251129,PHO,Nick Richards,7:14,0,3,0,2,0.0,0,1
20251129,PHO,Rasheer Fleming,3:45,5,0,0,2,1.0,0,0
20251129,PHO,Koby Brea,3:45,0,1,1,1,0.0,0,0
20251129,PHO,Khaman Maluach,3:45,0,0,0,1,0.0,0,0
20251129,DAL,Cooper Flagg,37:57,35,8,2,22,0.591,0,3
20251129,DAL,Naji Marshall,36:42,18,8,3,11,0.545,3,0
20251129,DAL,Dwight Powell,33:35,9,5,3,4,0.75,6,1
20251129,DAL,Ryan Nembhard,20:51,8,1,3,8,0.375,0,2
20251129,DAL,Max Christie,19:59,3,2,1,9,0.111,0,0
20251129,DAL,Klay Thompson,25:54,23,3,1,13,0.615,0,0
20251129,DAL,Brandon Williams,25:51,14,1,7,14,0.357,3,1
20251129,DAL,Caleb Martin,21:24,0,7,2,5,0.0,3,1
20251129,DAL,Moussa Cisse,14:21,4,2,0,2,0.5,0,0
20251129,DAL,Jaden Hardy,3:27,0,0,0,2,0.0,0,0
20251129,LAC,Ivica Zubac,37:53,19,11,4,12,0.667,1,2
20251129,LAC,James Harden,36:57,29,8,11,17,0.294,0,7
20251129,LAC,John Collins,36:03,21,4,1,10,0.9,0,1
20251129,LAC,Kris Dunn,32:46,6,3,2,7,0.429,2,1
20251129,LAC,Kawhi Leonard,28:48,30,8,3,20,0.5,0,2
20251129,LAC,Nicolas Batum,28:18,0,4,0,4,0.0,1,2
20251129,LAC,Kobe Brown,19:21,5,4,0,5,0.4,0,2
20251129,LAC,Chris Paul,11:03,0,2,3,3,0.0,1,0
20251129,LAC,Kobe Sanders,8:51,0,2,1,2,0.0,0,1
20251130,HOU,Reed Sheppard,31:08,9,6,4,8,0.5,4,2
20251130,HOU,Amen Thompson,30:50,5,8,9,8,0.25,1,3
20251130,HOU,Kevin Durant,29:51,25,7,4,14,0.714,3,1
20251130,HOU,Alperen Şengün,28:25,27,4,5,15,0.667,1,2
20251130,HOU,Jabari Smith Jr.,27:08,15,2,3,8,0.625,1,1
20251130,HOU,Aaron Holiday,20:03,11,1,2,10,0.3,1,1
20251130,HOU,Josh Okogie,19:33,7,5,0,6,0.333,1,2
20251130,HOU,Steven Adams,16:58,13,12,2,4,0.5,1,0
20251130,HOU,Clint Capela,14:16,6,3,0,4,0.75,1,1
20251130,HOU,Jae'Sean Tate,9:39,7,2,1,5,0.6,0,0
20251130,HOU,Jeff Green,7:18,4,0,0,5,0.4,0,0
20251130,HOU,JD Davison,4:51,0,0,0,0,,0,1
20251130,UTA,Ace Bailey,31:26,19,2,1,12,0.667,0,2
20251130,UTA,Lauri Markkanen,30:25,18,8,1,12,0.417,0,1
20251130,UTA,Svi Mykhailiuk,24:50,11,1,1,9,0.556,1,0
20251130,UTA,Jusuf Nurkić,19:22,14,6,9,7,0.857,0,1
20251130,UTA,Keyonte George,19:08,0,1,2,6,0.0,0,8
20251130,UTA,Kyle Filipowski,30:32,12,8,4,13,0.385,0,0
20251130,UTA,Kyle Anderson,24:34,7,0,3,7,0.429,3,1
20251130,UTA,Brice Sensabaugh,24:23,10,3,2,12,0.25,2,0
20251130,UTA,Walter Clayton,18:15,8,2,5,6,0.5,1,2
20251130,UTA,Isaiah Collier,17:05,2,2,4,4,0.25,1,2
20251130,BOS,Jordan Walsh,38:04,14,11,1,7,0.571,2,4
20251130,BOS,Jaylen Brown,37:40,19,12,11,13,0.231,1,6
20251130,BOS,Sam Hauser,35:12,7,5,2,6,0.5,1,0
20251130,BOS,Payton Pritchard,30:44,42,3,3,22,0.682,0,2
20251130,BOS,Xavier Tillman Sr.,29:50,9,6,0,9,0.444,3,2
20251130,BOS,Anfernee Simons,27:04,18,1,2,14,0.571,1,0
20251130,BOS,Baylor Scheierman,15:05,5,2,0,3,0.667,0,2
20251130,BOS,Josh Minott,12:43,0,4,0,5,0.0,0,0
20251130,BOS,Hugo González,7:22,3,0,0,2,0.5,1,0
20251130,BOS,Amari Williams,6:17,0,2,0,0,,0,0
20251130,CLE,Evan Mobley,38:40,27,14,4,17,0.647,0,1
20251130,CLE,Donovan Mitchell,38:40,18,7,8,16,0.438,3,5
20251130,CLE,Jaylon Tyson,34:08,17,5,1,18,0.333,2,0
20251130,CLE,Darius Garland,31:25,21,3,8,16,0.438,0,4
20251130,CLE,De'Andre Hunter,26:38,8,3,1,10,0.3,0,2
20251130,CLE,Nae'Qwan Tomlin,22:22,7,2,0,5,0.6,1,0
20251130,CLE,Dean Wade,20:19,3,2,0,4,0.25,0,0
20251130,CLE,Tyrese Proctor,11:01,8,1,4,4,0.75,0,0
20251130,CLE,Craig Porter Jr.,10:46,4,4,2,3,0.667,1,1
20251130,CLE,Thomas Bryant,6:01,2,2,0,1,0.0,0,0
20251130,TOR,Immanuel Quickley,34:46,19,2,8,14,0.5,0,2
20251130,TOR,Brandon Ingram,32:06,14,1,4,11,0.364,0,5
20251130,TOR,Scottie Barnes,31:31,18,5,4,17,0.412,1,3
20251130,TOR,Ja'Kobe Walter,21:16,7,4,1,7,0.429,0,1
20251130,TOR,Jamison Battle,11:15,4,1,0,4,0.5,0,1
20251130,TOR,Sandro Mamukelashvili,27:03,9,7,1,9,0.333,1,1
20251130,TOR,Collin Murray-Boyles,22:06,11,8,2,6,0.833,1,3
20251130,TOR,Gradey Dick,17:34,2,3,0,4,0.25,0,0
20251130,TOR,Ochai Agbaji,16:51,6,5,1,4,0.75,1,1
20251130,TOR,Jamal Shead,16:36,2,1,5,6,0.167,4,1
20251130,TOR,Chucky Hepburn,4:51,0,1,0,3,0.0,1,0
20251130,TOR,Jonathan Mogbo,4:05,2,2,1,3,0.333,0,0
20251130,NYK,Miles McBride,35:04,14,5,2,11,0.455,2,2
20251130,NYK,Josh Hart,34:58,20,12,7,12,0.667,3,4
20251130,NYK,Jalen Brunson,33:44,18,6,7,19,0.316,0,2
20251130,NYK,Mikal Bridges,33:26,14,3,3,10,0.6,2,1
20251130,NYK,Karl-Anthony Towns,31:02,22,8,2,15,0.533,0,4
20251130,NYK,Jordan Clarkson,21:29,13,1,2,13,0.385,0,2
20251130,NYK,Mitchell Robinson,16:46,2,15,0,4,0.25,0,0
20251130,NYK,Tyler Kolek,14:16,6,2,3,6,0.333,2,1
20251130,NYK,Guerschon Yabusele,9:52,7,4,1,5,0.6,0,0
20251130,NYK,Mohamed Diawara,3:37,0,2,0,1,0.0,0,1
20251130,NYK,Ariel Hukporti,3:37,0,2,0,0,,0,1
20251130,NYK,Tosan Evbuomwan,2:09,0,1,0,0,,0,0
20251130,ATL,Onyeka Okongwu,47:21,10,13,6,14,0.357,1,4
20251130,ATL,Jalen Johnson,45:07,41,14,7,21,0.476,1,6
20251130,ATL,Nickeil Alexander-Walker,44:21,34,8,7,22,0.5,1,4
20251130,ATL,Dyson Daniels,44:13,17,9,8,14,0.571,2,4
20251130,ATL,Zaccharie Risacher,29:50,12,2,0,11,0.455,0,0
20251130,ATL,Vít Krejčí,26:19,5,5,1,5,0.2,2,1
20251130,ATL,Mouhamed Gueye,23:08,13,4,0,8,0.75,2,1
20251130,ATL,Luke Kennard,15:10,2,2,5,4,0.0,0,1
20251130,ATL,Keaton Wallace,14:02,8,1,2,5,0.4,1,0
20251130,ATL,Asa Newell,0:29,0,0,0,0,,0,0
20251130,PHI,Tyrese Maxey,52:18,44,7,9,31,0.452,0,6
20251130,PHI,Dominick Barlow,45:00,10,6,3,9,0.556,3,1
20251130,PHI,Joel Embiid,30:00,18,4,2,14,0.429,1,2
20251130,PHI,Paul George,28:02,16,7,4,17,0.353,5,1
20251130,PHI,VJ Edgecombe,21:25,7,2,2,6,0.5,2,1
20251130,PHI,Quentin Grimes,46:42,28,10,4,15,0.533,2,3
20251130,PHI,Jared McCain,28:30,5,4,1,7,0.286,1,2
20251130,PHI,Adem Bona,22:01,4,3,0,3,0.333,0,2
20251130,PHI,Justin Edwards,10:03,0,2,1,2,0.0,0,0
20251130,PHI,Andre Drummond,5:59,2,1,0,1,1.0,0,0
20251130,OKC,Shai Gilgeous-Alexander,35:49,26,4,5,15,0.533,1,3
20251130,OKC,Jalen Williams,34:21,16,8,5,18,0.389,0,1
20251130,OKC,Chet Holmgren,29:38,19,9,1,15,0.6,1,2
20251130,OKC,Luguentz Dort,28:29,10,6,2,7,0.571,1,0
20251130,OKC,Cason Wallace,21:21,3,3,4,5,0.2,1,2
20251130,OKC,Ajay Mitchell,28:40,17,5,5,9,0.556,1,1
20251130,OKC,Aaron Wiggins,20:02,5,1,4,4,0.5,1,1
20251130,OKC,Isaiah Joe,14:39,15,4,0,8,0.5,0,0
20251130,OKC,Jaylin Williams,13:33,4,6,1,5,0.2,1,1
20251130,OKC,Kenrich Williams,13:28,8,3,0,4,0.75,0,1
20251130,POR,Toumani Camara,37:56,19,8,4,12,0.417,0,3
20251130,POR,Deni Avdija,37:11,31,19,10,14,0.429,1,1
20251130,POR,Kris Murray,35:10,13,6,2,9,0.556,1,2
20251130,POR,Jerami Grant,34:21,18,3,2,18,0.389,1,4
20251130,POR,Sidy Cissoko,20:55,5,2,1,5,0.2,0,0
20251130,POR,Shaedon Sharpe,21:46,7,1,1,7,0.429,1,3
20251130,POR,Caleb Love,19:12,12,0,1,12,0.333,2,0
20251130,POR,Robert Williams,19:09,7,9,1,4,0.75,1,0
20251130,POR,Rayan Rupert,6:27,3,0,0,3,0.333,0,1
20251130,POR,Yang Hansen,4:29,0,1,0,3,0.0,0,0
20251130,POR,Duop Reath,3:25,0,0,0,2,0.0,1,0
20251130,SAS,De'Aaron Fox,31:56,25,2,4,15,0.667,1,3
20251130,SAS,Devin Vassell,31:42,22,1,3,20,0.5,2,1
20251130,SAS,Harrison Barnes,28:38,5,5,0,9,0.222,1,1
20251130,SAS,Julian Champagnie,25:16,5,4,1,6,0.167,1,1
20251130,SAS,Luke Kornet,23:47,6,4,3,1,1.0,2,2
20251130,SAS,Keldon Johnson,26:18,22,8,2,13,0.615,2,1
20251130,SAS,Dylan Harper,19:39,17,0,0,12,0.667,1,0
20251130,SAS,Carter Bryant,15:15,0,2,1,1,0.0,0,0
20251130,SAS,Kelly Olynyk,13:31,7,5,1,4,0.75,0,1
20251130,SAS,Jeremy Sochan,12:20,2,1,0,2,0.5,0,0
20251130,SAS,Lindy Waters III,8:18,0,1,2,1,0.0,0,0
20251130,SAS,Bismack Biyombo,1:40,1,0,0,0,,0,0
20251130,SAS,David Jones García,1:40,0,0,0,0,,0,0
20251130,MIN,Julius Randle,36:00,22,6,12,15,0.6,1,1
20251130,MIN,Anthony Edwards,35:59,32,3,6,18,0.722,0,7
20251130,MIN,Jaden McDaniels,33:00,13,4,3,13,0.462,1,0
20251130,MIN,Donte DiVincenzo,29:26,18,5,4,14,0.5,0,0
20251130,MIN,Rudy Gobert,24:02,8,8,2,6,0.667,0,0
20251130,MIN,Naz Reid,29:36,15,5,3,11,0.545,2,2
20251130,MIN,Mike Conley,17:07,5,3,4,4,0.5,0,0
20251130,MIN,Terrence Shannon Jr.,11:48,4,0,1,2,0.0,0,0
20251130,MIN,Jaylen Clark,10:40,8,0,0,2,1.0,1,0
20251130,MIN,Rob Dillingham,7:55,0,2,0,2,0.0,0,1
20251130,MIN,Bones Hyland,1:29,0,0,0,0,,0,1
20251130,MIN,Johnny Juzang,1:29,0,0,0,0,,0,0
20251130,MIN,Leonard Miller,1:29,0,0,0,0,,0,0
20251130,MEM,Jaren Jackson Jr.,34:02,13,6,5,13,0.462,1,1
20251130,MEM,Jaylen Wells,29:38,15,3,1,5,0.8,0,1
20251130,MEM,Zach Edey,29:26,32,17,0,20,0.8,0,5
20251130,MEM,Cedric Coward,28:40,10,7,2,11,0.364,0,2
20251130,MEM,Vince Williams Jr.,26:46,2,2,7,8,0.0,1,2
20251130,MEM,Santi Aldama,22:04,7,6,4,5,0.4,1,2
20251130,MEM,Cam Spencer,21:10,16,0,3,10,0.6,1,4
20251130,MEM,Kentavious Caldwell-Pope,19:51,13,3,3,6,0.667,0,5
20251130,MEM,Jock Landale,16:50,5,5,3,5,0.4,0,1
20251130,MEM,John Konchar,11:32,2,3,0,3,0.333,0,0
20251130,SAC,Keegan Murray,36:29,12,2,1,12,0.417,5,0
20251130,SAC,Zach LaVine,35:22,19,3,3,17,0.471,2,0
20251130,SAC,DeMar DeRozan,34:31,23,1,4,17,0.529,3,0
20251130,SAC,Russell Westbrook,20:00,3,6,7,10,0.1,2,3
20251130,SAC,Drew Eubanks,14:33,4,2,0,2,1.0,0,1
20251130,SAC,Malik Monk,33:41,21,6,6,17,0.471,2,1
20251130,SAC,Precious Achiuwa,23:43,11,7,0,10,0.5,0,0
20251130,SAC,Maxime Raynaud,22:45,9,6,3,7,0.429,0,2
20251130,SAC,Nique Clifford,12:43,5,1,0,2,1.0,0,1
20251130,SAC,Keon Ellis,6:13,0,0,1,0,,0,0
20251130,NOP,Bryce McGowens,33:29,23,7,5,18,0.5,0,0
20251130,NOP,Saddiq Bey,32:55,22,11,3,13,0.692,1,1
20251130,NOP,Derik Queen,28:15,15,7,3,12,0.333,1,1
20251130,NOP,Jeremiah Fears,27:06,21,2,3,14,0.5,1,1
20251130,NOP,Yves Missi,23:54,2,6,1,5,0.2,0,2
20251130,NOP,Micah Peavy,29:37,13,2,1,10,0.5,2,2
20251130,NOP,Jose Alvarado,28:22,12,0,2,12,0.417,0,0
20251130,NOP,Trey Alexander,21:09,7,2,3,4,0.75,0,1
20251130,NOP,Kevon Looney,15:13,6,3,2,3,1.0,1,0
20251130,LAL,Austin Reaves,39:38,33,5,8,15,0.6,1,5
20251130,LAL,Luka Dončić,35:04,34,12,7,22,0.409,1,2
20251130,LAL,Rui Hachimura,33:35,14,2,0,14,0.429,0,0
20251130,LAL,Deandre Ayton,26:59,22,12,1,9,0.778,0,0
20251130,LAL,Gabe Vincent,24:43,6,2,4,5,0.4,1,0
20251130,LAL,Jake LaRavia,25:31,10,5,2,14,0.286,0,1
20251130,LAL,Jaxson Hayes,21:01,8,6,2,4,1.0,0,0
20251130,LAL,Dalton Knecht,17:25,4,1,2,4,0.25,0,0
20251130,LAL,Maxi Kleber,13:12,2,1,0,0,,0,0
20251130,LAL,Adou Thiero,2:52,0,0,0,0,,1,0
20251201,ATL,Jalen Johnson,37:41,29,13,7,17,0.529,0,4
20251201,ATL,Dyson Daniels,37:26,10,5,5,14,0.357,4,1
20251201,ATL,Onyeka Okongwu,35:56,20,6,4,18,0.5,1,3
20251201,ATL,Nickeil Alexander-Walker,35:17,26,3,1,19,0.526,2,2
20251201,ATL,Zaccharie Risacher,21:47,4,1,1,7,0.286,3,2
20251201,ATL,Mouhamed Gueye,22:33,1,1,0,3,0.0,3,0
20251201,ATL,Vít Krejčí,16:51,3,2,1,4,0.25,1,1
20251201,ATL,Luke Kennard,16:38,5,1,3,6,0.333,1,0
20251201,ATL,Keaton Wallace,15:51,0,2,5,1,0.0,0,0
20251201,DET,Cade Cunningham,38:08,18,8,8,15,0.467,6,6
20251201,DET,Jalen Duren,32:19,21,11,0,12,0.75,0,3
20251201,DET,Ausar Thompson,29:37,8,7,1,4,0.75,1,1
20251201,DET,Daniss Jenkins,26:39,6,8,6,16,0.188,0,3
20251201,DET,Tobias Harris,26:10,9,7,1,14,0.143,0,3
20251201,DET,Isaiah Stewart,25:04,6,10,0,4,0.75,0,2
20251201,DET,Caris LeVert,24:49,14,2,1,9,0.556,2,2
20251201,DET,Ron Holland,17:26,17,6,0,8,0.75,2,1
20251201,DET,Jaden Ivey,14:15,0,0,1,4,0.0,0,0
20251201,DET,Javonte Green,5:34,0,1,0,0,,0,1
20251201,CLE,Donovan Mitchell,34:29,43,9,6,27,0.593,0,3
20251201,CLE,Jaylon Tyson,30:47,27,11,4,13,0.769,1,2
20251201,CLE,Evan Mobley,28:12,13,5,5,13,0.462,0,0
20251201,CLE,De'Andre Hunter,27:57,13,3,4,10,0.4,0,1
20251201,CLE,Dean Wade,25:40,9,2,3,6,0.5,1,1
20251201,CLE,Nae'Qwan Tomlin,27:15,6,6,1,6,0.333,2,1
20251201,CLE,Craig Porter Jr.,22:26,4,5,3,5,0.4,1,0
20251201,CLE,Tyrese Proctor,21:31,12,2,0,9,0.333,1,0
20251201,CLE,Thomas Bryant,12:04,6,2,0,6,0.5,1,0
20251201,CLE,Luke Travers,8:43,2,3,1,3,0.333,0,0
20251201,CLE,Chris Livingston,0:57,0,0,0,0,,0,0
20251201,IND,Andrew Nembhard,32:30,21,4,6,11,0.636,0,2
20251201,IND,Pascal Siakam,31:15,26,7,2,21,0.524,0,0
20251201,IND,Jarace Walker,29:18,7,5,3,8,0.25,2,2
20251201,IND,Jay Huff,25:45,15,3,1,10,0.6,0,1
20251201,IND,Bennedict Mathurin,21:48,11,4,1,9,0.333,0,3
20251201,IND,Garrison Mathews,25:18,15,1,1,3,1.0,1,0
20251201,IND,Ben Sheppard,17:33,0,2,3,3,0.0,0,2
20251201,IND,Jeremiah Robinson-Earl,16:45,5,5,0,5,0.2,0,1
20251201,IND,Isaiah Jackson,15:31,6,3,0,3,0.667,1,2
20251201,IND,Ethan Thompson,6:57,2,0,1,2,0.5,0,0
20251201,IND,Tony Bradley,6:44,6,1,0,6,0.5,0,1
20251201,IND,T.J. McConnell,5:56,4,1,1,3,0.667,1,0
20251201,IND,Taelon Peter,4:40,1,0,0,1,0.0,0,0
20251201,MIL,Giannis Antetokounmpo,31:36,26,7,4,17,0.588,1,5
20251201,MIL,Kevin Porter Jr.,31:01,30,4,5,15,0.8,3,1
20251201,MIL,A.J. Green,30:56,13,5,5,6,0.667,0,2
20251201,MIL,Ryan Rollins,29:35,14,2,5,12,0.417,0,3
20251201,MIL,Myles Turner,26:07,9,3,3,10,0.3,1,2
20251201,MIL,Gary Trent Jr.,30:30,14,1,0,7,0.571,0,1
20251201,MIL,Kyle Kuzma,19:52,3,2,6,4,0.25,0,2
20251201,MIL,Jericho Sims,18:07,5,7,0,3,0.667,0,0
20251201,MIL,Bobby Portis,17:22,12,4,1,10,0.5,0,0
20251201,MIL,Cole Anthony,4:54,0,0,0,0,,0,0
20251201,WAS,CJ McCollum,35:34,28,4,5,21,0.524,1,0
20251201,WAS,Bilal Coulibaly,32:39,7,5,2,9,0.333,3,3
20251201,WAS,Khris Middleton,31:25,15,4,6,10,0.6,1,2
20251201,WAS,Kyshawn George,30:52,9,3,5,11,0.273,1,3
20251201,WAS,Marvin Bagley III,29:15,22,8,1,16,0.688,0,0
20251201,WAS,Bub Carrington,21:52,5,2,5,6,0.333,0,2
20251201,WAS,Tristan Vukcevic,19:43,16,2,2,7,0.571,1,0
20251201,WAS,Cam Whitmore,19:24,17,5,1,14,0.571,1,0
20251201,WAS,Justin Champagnie,19:16,10,8,2,8,0.625,1,0
20251201,CHO,Kon Knueppel,35:06,18,6,4,18,0.389,0,3
20251201,CHO,Miles Bridges,30:23,8,2,1,15,0.267,0,2
20251201,CHO,LaMelo Ball,29:30,12,5,14,9,0.333,0,3
20251201,CHO,Sion James,28:27,5,3,1,6,0.333,0,4
20251201,CHO,Ryan Kalkbrenner,25:36,7,6,1,3,1.0,1,0
20251201,CHO,Moussa Diabaté,22:24,10,6,1,9,0.556,2,0
20251201,CHO,Collin Sexton,18:50,15,6,2,10,0.5,1,3
20251201,CHO,Tidjane Salaün,17:37,10,4,0,6,0.5,1,1
20251201,CHO,Liam McNeeley,17:05,8,2,1,4,0.5,0,0
20251201,CHO,Antonio Reeves,15:03,10,2,1,5,0.8,0,0
20251201,BRK,Michael Porter Jr.,36:03,35,7,4,24,0.542,2,2
20251201,BRK,Nic Claxton,33:29,13,11,6,11,0.455,1,1
20251201,BRK,Noah Clowney,30:08,18,2,4,9,0.667,1,0
20251201,BRK,Egor Dёmin,26:41,9,1,4,12,0.333,1,0
20251201,BRK,Tyrese Martin,18:30,5,2,3,6,0.333,1,1
20251201,BRK,Drake Powell,23:56,10,1,4,8,0.5,3,1
20251201,BRK,Danny Wolf,19:18,10,7,1,9,0.444,0,0
20251201,BRK,Ziaire Williams,18:58,3,6,2,4,0.25,0,2
20251201,BRK,Ben Saraf,18:25,7,3,2,9,0.222,1,2
20251201,BRK,Day'Ron Sharpe,14:31,6,3,3,4,0.5,0,2
20251201,LAC,Ivica Zubac,30:33,16,13,2,13,0.538,0,1
20251201,LAC,Kawhi Leonard,30:24,36,7,2,21,0.571,3,1
20251201,LAC,Kris Dunn,25:47,12,4,5,7,0.571,1,0
20251201,LAC,John Collins,25:12,10,6,2,12,0.333,1,0
20251201,LAC,James Harden,19:51,11,2,3,6,0.333,0,5
20251201,LAC,Kobe Sanders,25:58,10,4,2,11,0.364,0,1
20251201,LAC,Nicolas Batum,20:14,6,1,0,2,1.0,0,0
20251201,LAC,Cam Christie,14:46,0,3,0,6,0.0,1,1
20251201,LAC,Chris Paul,14:45,8,0,3,7,0.429,0,1
20251201,LAC,Kobe Brown,14:34,2,4,4,4,0.25,1,0
20251201,LAC,Yanic Konan Niederhäuser,12:25,6,1,0,4,0.75,0,1
20251201,LAC,Jordan Miller,5:31,6,1,0,3,0.333,1,0
20251201,MIA,Andrew Wiggins,32:01,22,9,3,14,0.643,0,3
20251201,MIA,Norman Powell,31:54,30,3,3,18,0.667,1,2
20251201,MIA,Bam Adebayo,31:38,27,14,3,17,0.588,2,1
20251201,MIA,Davion Mitchell,31:02,16,3,12,6,1.0,2,2
20251201,MIA,Tyler Herro,29:20,22,3,2,15,0.533,0,0
20251201,MIA,Jaime Jaquez Jr.,20:36,4,4,5,10,0.2,0,2
20251201,MIA,Simone Fontecchio,20:32,7,4,2,7,0.286,0,0
20251201,MIA,Kel'el Ware,16:23,0,9,0,3,0.0,0,0
20251201,MIA,Dru Smith,16:05,7,0,2,6,0.5,1,1
20251201,MIA,Pelle Larsson,7:49,5,1,2,1,1.0,0,0
20251201,MIA,Myron Gardner,0:54,0,0,0,0,,0,0
20251201,MIA,Kasparas Jakučionis,0:54,0,0,0,2,0.0,1,0
20251201,MIA,Nikola Jović,0:54,0,0,0,1,0.0,0,0
20251201,CHI,Ayo Dosunmu,36:44,18,3,7,13,0.462,1,4
20251201,CHI,Josh Giddey,35:39,22,9,6,14,0.571,3,8
20251201,CHI,Matas Buzelis,35:38,21,6,4,16,0.438,2,0
20251201,CHI,Nikola Vučević,34:29,20,11,5,13,0.692,2,2
20251201,CHI,Kevin Huerter,5:41,0,0,0,3,0.0,0,0
20251201,CHI,Tre Jones,29:43,20,1,3,10,0.7,0,1
20251201,CHI,Julian Phillips,20:30,10,3,0,7,0.571,0,0
20251201,CHI,Patrick Williams,18:20,6,6,1,7,0.286,0,2
20251201,CHI,Lachlan Olbrich,12:01,0,4,2,1,0.0,0,1
20251201,CHI,Emanuel Miller,6:37,3,0,2,2,0.5,1,0
20251201,CHI,Jevon Carter,4:38,0,0,0,2,0.0,0,2
20251201,ORL,Desmond Bane,34:28,37,6,5,17,0.706,1,2
20251201,ORL,Franz Wagner,32:20,25,6,2,18,0.611,2,5
20251201,ORL,Wendell Carter Jr.,30:18,17,6,1,8,0.75,1,0
20251201,ORL,Jalen Suggs,29:58,10,4,4,13,0.231,5,4
20251201,ORL,Tristan Da Silva,20:50,0,2,1,4,0.0,1,1
20251201,ORL,Anthony Black,33:50,22,9,3,15,0.533,0,1
20251201,ORL,Tyus Jones,18:41,0,0,6,2,0.0,1,1
20251201,ORL,Goga Bitadze,17:42,8,5,3,5,0.6,1,1
20251201,ORL,Noah Penda,11:06,5,5,0,4,0.5,0,1
20251201,ORL,Jonathan Isaac,7:20,1,2,0,1,0.0,0,0
20251201,ORL,Jett Howard,3:27,0,1,0,1,0.0,0,1
20251201,DAL,Ryan Nembhard,34:51,28,3,10,14,0.857,0,0
20251201,DAL,Cooper Flagg,33:26,24,8,2,19,0.526,2,2
20251201,DAL,Naji Marshall,32:37,9,7,6,7,0.571,0,3
20251201,DAL,Anthony Davis,32:25,32,13,4,23,0.565,1,0
20251201,DAL,Max Christie,29:17,9,2,1,5,0.6,0,1
20251201,DAL,Klay Thompson,23:28,15,5,1,10,0.5,0,1
20251201,DAL,D'Angelo Russell,18:05,8,0,2,8,0.375,0,1
20251201,DAL,Dwight Powell,15:35,4,2,4,2,1.0,0,0
20251201,DAL,Brandon Williams,13:09,2,1,4,5,0.2,0,0
20251201,DAL,Caleb Martin,7:07,0,2,1,2,0.0,1,0
20251201,DEN,Spencer Jones,38:53,28,5,0,15,0.733,0,1
20251201,DEN,Nikola Jokić,37:00,29,20,13,24,0.417,1,2
20251201,DEN,Cameron Johnson,36:19,10,1,2,10,0.3,2,1
20251201,DEN,Peyton Watson,34:31,15,5,3,14,0.5,0,0
20251201,DEN,Jamal Murray,26:29,10,4,9,8,0.375,1,3
20251201,DEN,Tim Hardaway Jr.,30:30,13,1,6,12,0.5,1,0
20251201,DEN,Bruce Brown,19:42,7,4,2,9,0.333,0,0
20251201,DEN,Jonas Valančiūnas,11:00,8,7,2,7,0.571,0,0
20251201,DEN,Zeke Nnaji,5:36,1,0,0,0,,0,0
20251201,HOU,Kevin Durant,40:20,32,9,5,25,0.4,0,5
20251201,HOU,Alperen Şengün,38:09,31,8,14,19,0.632,2,3
20251201,HOU,Jabari Smith Jr.,37:24,12,7,1,9,0.333,1,3
20251201,HOU,Amen Thompson,37:13,23,8,3,16,0.5,0,2
20251201,HOU,Reed Sheppard,23:24,9,2,2,8,0.375,1,0
20251201,HOU,Aaron Holiday,32:35,10,2,2,10,0.3,0,0
20251201,HOU,Jae'Sean Tate,12:55,6,6,0,3,0.667,2,0
20251201,HOU,Clint Capela,9:02,2,3,0,2,0.0,0,0
20251201,HOU,Josh Okogie,8:58,0,1,0,1,0.0,0,0
20251201,UTA,Lauri Markkanen,37:18,29,8,0,17,0.529,1,0
20251201,UTA,Keyonte George,37:04,28,4,8,14,0.571,1,6
20251201,UTA,Ace Bailey,28:22,13,3,3,11,0.455,2,1
20251201,UTA,Svi Mykhailiuk,26:09,10,6,5,6,0.5,0,0
20251201,UTA,Jusuf Nurkić,24:13,18,9,2,15,0.533,0,1
20251201,UTA,Kyle Filipowski,29:06,12,7,3,8,0.5,0,3
20251201,UTA,Walter Clayton,20:47,8,5,6,8,0.375,1,1
20251201,UTA,Kevin Love,15:27,11,5,1,7,0.571,1,0
20251201,UTA,Isaiah Collier,11:41,3,0,4,2,0.5,1,1
20251201,UTA,Brice Sensabaugh,9:53,1,3,1,2,0.0,1,0
20251201,PHO,Collin Gillespie,33:50,28,4,5,19,0.526,2,2
20251201,PHO,Royce O'Neale,33:01,6,7,11,7,0.286,1,1
20251201,PHO,Dillon Brooks,32:56,33,2,2,26,0.577,1,4
20251201,PHO,Mark Williams,24:52,13,6,1,8,0.75,2,0
20251201,PHO,Devin Booker,9:55,11,2,3,7,0.571,0,1
20251201,PHO,Jordan Goodwin,24:26,13,1,5,10,0.5,3,1
20251201,PHO,Jamaree Bouyea,22:32,7,1,5,3,1.0,3,1
20251201,PHO,Oso Ighodaro,20:39,4,2,1,4,0.5,1,1
20251201,PHO,Ryan Dunn,20:35,6,8,1,5,0.6,2,0
20251201,PHO,Nigel Hayes-Davis,12:17,4,0,1,3,0.667,1,0
20251201,PHO,Rasheer Fleming,2:29,0,0,0,0,,0,0
20251201,PHO,Khaman Maluach,2:29,0,0,0,0,,0,0
20251201,LAL,Austin Reaves,33:22,16,4,3,12,0.5,0,5
20251201,LAL,Luka Dončić,31:33,38,11,5,26,0.577,0,9
20251201,LAL,LeBron James,31:14,10,0,3,10,0.3,0,3
20251201,LAL,Deandre Ayton,27:52,12,9,1,8,0.75,1,0
20251201,LAL,Rui Hachimura,22:59,0,1,0,1,0.0,0,0
20251201,LAL,Gabe Vincent,20:44,3,2,0,6,0.167,0,1
20251201,LAL,Jake LaRavia,15:57,2,2,1,3,0.333,0,1
20251201,LAL,Dalton Knecht,15:37,13,4,1,7,0.714,0,0
20251201,LAL,Jaxson Hayes,14:24,6,2,0,1,1.0,0,0
20251201,LAL,Maxi Kleber,10:13,5,3,2,4,0.5,0,0
20251201,LAL,Nick Smith Jr.,5:44,3,0,1,2,0.5,0,0
20251201,LAL,Bronny James,5:44,0,0,1,0,,0,1
20251201,LAL,Adou Thiero,4:37,0,1,0,0,,0,1
20251202,WAS,Kyshawn George,33:25,11,8,5,11,0.273,0,1
20251202,WAS,Marvin Bagley III,26:18,13,8,1,6,0.5,0,1
20251202,WAS,Bilal Coulibaly,24:49,2,5,2,5,0.2,1,1
20251202,WAS,Justin Champagnie,23:55,13,7,1,9,0.333,1,3
20251202,WAS,CJ McCollum,23:54,10,3,4,14,0.357,0,1
20251202,WAS,Will Riley,26:12,13,4,1,6,0.833,1,1
20251202,WAS,Bub Carrington,24:42,10,3,3,12,0.25,0,4
20251202,WAS,Tristan Vukcevic,21:42,16,4,4,9,0.667,1,3
20251202,WAS,Cam Whitmore,16:13,4,5,0,11,0.182,0,0
20251202,WAS,Malaki Branham,10:59,8,5,2,4,0.75,1,0
20251202,WAS,Anthony Gill,7:51,2,1,0,1,1.0,0,0
20251202,PHI,Tyrese Maxey,28:49,35,4,6,26,0.5,4,0
20251202,PHI,VJ Edgecombe,23:43,9,6,6,10,0.4,2,0
20251202,PHI,Dominick Barlow,19:58,12,1,0,6,0.667,2,0
20251202,PHI,Paul George,17:43,11,5,0,10,0.4,1,2
20251202,PHI,Andre Drummond,17:11,12,10,3,8,0.625,1,2
20251202,PHI,Justin Edwards,32:57,9,1,3,9,0.333,1,1
20251202,PHI,Jared McCain,25:11,14,3,5,11,0.545,1,3
20251202,PHI,Jabari Walker,24:16,10,12,1,9,0.444,0,1
20251202,PHI,Adem Bona,21:41,4,5,0,1,1.0,0,0
20251202,PHI,Eric Gordon,12:48,3,0,0,4,0.25,0,0
20251202,PHI,Hunter Sallis,7:51,2,0,1,2,0.5,0,1
20251202,PHI,Johni Broome,7:51,0,4,1,6,0.0,0,0
20251202,POR,Deni Avdija,37:21,25,8,14,15,0.4,0,4
20251202,POR,Toumani Camara,35:45,21,6,2,12,0.583,1,3
20251202,POR,Jerami Grant,32:31,19,4,2,11,0.636,2,2
20251202,POR,Sidy Cissoko,21:44,3,2,0,5,0.2,0,1
20251202,POR,Donovan Clingan,21:26,11,11,1,8,0.5,0,1
20251202,POR,Shaedon Sharpe,30:21,23,3,3,18,0.5,2,2
20251202,POR,Kris Murray,26:06,5,0,0,4,0.5,2,2
20251202,POR,Robert Williams,16:38,6,5,0,3,1.0,0,0
20251202,POR,Caleb Love,12:22,5,0,1,6,0.333,0,0
20251202,POR,Rayan Rupert,5:47,0,0,0,1,0.0,0,0
20251202,TOR,Scottie Barnes,38:31,28,7,7,18,0.556,1,6
20251202,TOR,Immanuel Quickley,34:57,23,5,8,11,0.818,0,2
20251202,TOR,Brandon Ingram,34:43,21,6,3,17,0.412,0,4
20251202,TOR,Jakob Poeltl,26:23,11,7,4,7,0.714,0,2
20251202,TOR,Ja'Kobe Walter,17:49,3,2,1,5,0.2,1,1
20251202,TOR,Jamal Shead,23:11,3,0,5,8,0.125,5,1
20251202,TOR,Sandro Mamukelashvili,18:42,6,7,2,4,0.75,0,1
20251202,TOR,Gradey Dick,17:29,14,3,0,8,0.75,1,1
20251202,TOR,Collin Murray-Boyles,16:26,10,4,1,7,0.714,1,0
20251202,TOR,Ochai Agbaji,11:50,2,2,2,5,0.2,1,0
20251202,NYK,Jalen Brunson,39:13,15,2,11,21,0.286,1,3
20251202,NYK,Josh Hart,36:15,19,7,4,11,0.636,1,2
20251202,NYK,Miles McBride,36:10,9,3,6,6,0.5,0,1
20251202,NYK,Mikal Bridges,33:36,35,6,3,17,0.706,2,0
20251202,NYK,Karl-Anthony Towns,33:14,29,7,2,19,0.632,0,4
20251202,NYK,Jordan Clarkson,22:46,4,0,0,5,0.2,0,0
20251202,NYK,Mitchell Robinson,15:57,1,5,0,0,,0,0
20251202,NYK,Tyler Kolek,14:46,4,1,3,4,0.5,0,0
20251202,NYK,Guerschon Yabusele,7:57,1,2,0,2,0.0,1,0
20251202,NYK,Mohamed Diawara,0:07,0,0,0,0,,0,0
20251202,BOS,Jaylen Brown,39:56,42,4,4,24,0.667,1,4
20251202,BOS,Derrick White,35:07,22,2,5,16,0.5,1,4
20251202,BOS,Payton Pritchard,30:16,10,4,3,13,0.308,1,1
20251202,BOS,Neemias Queta,21:03,8,6,0,4,1.0,0,0
20251202,BOS,Jordan Walsh,18:55,8,6,1,4,1.0,1,0
20251202,BOS,Josh Minott,26:44,11,6,0,6,0.667,0,1
20251202,BOS,Anfernee Simons,23:50,12,1,3,9,0.556,0,0
20251202,BOS,Hugo González,22:30,4,5,0,6,0.333,1,0
20251202,BOS,Sam Hauser,18:45,6,4,1,4,0.5,1,0
20251202,BOS,Baylor Scheierman,2:49,0,0,1,1,0.0,0,0
20251202,BOS,Amari Williams,0:06,0,0,0,0,,0,0
20251202,MIN,Anthony Edwards,47:27,44,5,4,30,0.533,0,3
20251202,MIN,Rudy Gobert,38:03,26,13,2,10,0.9,1,0
20251202,MIN,Donte DiVincenzo,37:50,15,4,5,16,0.313,2,1
20251202,MIN,Jaden McDaniels,33:08,17,4,2,10,0.7,1,0
20251202,MIN,Julius Randle,32:43,16,5,6,14,0.429,0,2
20251202,MIN,Naz Reid,32:05,18,5,6,12,0.5,2,2
20251202,MIN,Jaylen Clark,15:14,6,2,0,4,0.5,0,0
20251202,MIN,Mike Conley,13:17,5,1,1,5,0.2,1,0
20251202,MIN,Terrence Shannon Jr.,7:52,2,0,1,1,0.0,0,1
20251202,MIN,Rob Dillingham,7:20,0,2,2,2,0.0,0,0
20251202,NOP,Trey Murphy III,40:55,33,15,4,21,0.524,0,1
20251202,NOP,Derik Queen,38:41,21,8,6,15,0.533,1,2
20251202,NOP,Saddiq Bey,35:09,22,6,3,12,0.583,0,2
20251202,NOP,Jeremiah Fears,33:31,21,3,5,13,0.538,1,3
20251202,NOP,Bryce McGowens,25:47,6,1,1,5,0.4,0,0
20251202,NOP,Jose Alvarado,25:16,14,3,3,8,0.625,1,2
20251202,NOP,Jordan Hawkins,22:10,10,0,0,7,0.429,0,1
20251202,NOP,Micah Peavy,20:06,8,1,2,6,0.667,1,0
20251202,NOP,Trey Alexander,11:43,7,2,1,3,1.0,1,0
20251202,NOP,Kevon Looney,11:42,0,3,1,1,0.0,0,1
20251202,MEM,Zach Edey,29:40,19,15,1,12,0.667,1,2
20251202,MEM,Cedric Coward,28:50,9,3,0,13,0.308,0,3
20251202,MEM,Jaylen Wells,28:19,20,1,2,9,0.667,0,0
20251202,MEM,Vince Williams Jr.,26:41,12,7,7,12,0.417,1,1
20251202,MEM,Jaren Jackson Jr.,26:33,7,6,2,9,0.333,2,5
20251202,MEM,Santi Aldama,24:22,4,3,5,5,0.2,0,0
20251202,MEM,Cam Spencer,21:53,21,1,6,8,0.75,0,0
20251202,MEM,John Konchar,17:55,13,2,3,5,1.0,0,0
20251202,MEM,Jock Landale,15:16,10,6,0,8,0.625,0,0
20251202,MEM,Kentavious Caldwell-Pope,13:04,2,3,2,5,0.2,0,4
20251202,MEM,Olivier-Maxence Prosper,7:29,2,3,0,4,0.25,0,0
20251202,SAS,Harrison Barnes,35:46,31,5,5,20,0.5,1,1
20251202,SAS,Julian Champagnie,35:01,7,6,2,10,0.3,0,1
20251202,SAS,De'Aaron Fox,31:04,29,4,4,19,0.421,3,3
20251202,SAS,Luke Kornet,27:57,4,6,4,4,0.25,1,0
20251202,SAS,Devin Vassell,27:51,12,5,2,11,0.364,0,0
20251202,SAS,Keldon Johnson,27:51,11,6,4,8,0.5,0,1
20251202,SAS,Dylan Harper,20:35,15,1,6,10,0.5,0,0
20251202,SAS,Jeremy Sochan,18:22,11,6,1,6,0.833,2,0
20251202,SAS,Carter Bryant,11:13,6,0,0,3,0.667,0,0
20251202,SAS,Kelly Olynyk,2:41,0,1,0,1,0.0,0,0
20251202,SAS,David Jones García,1:39,0,0,0,0,,0,0
20251202,OKC,Shai Gilgeous-Alexander,35:33,38,3,4,21,0.619,1,0
20251202,OKC,Jalen Williams,32:49,22,3,6,16,0.563,1,3
20251202,OKC,Ajay Mitchell,32:07,10,4,3,6,0.667,1,0
20251202,OKC,Chet Holmgren,29:52,21,8,3,12,0.667,0,3
20251202,OKC,Cason Wallace,28:00,4,6,1,7,0.286,2,1
20251202,OKC,Jaylin Williams,21:57,1,9,2,1,0.0,1,2
20251202,OKC,Aaron Wiggins,21:52,11,3,0,8,0.5,2,3
20251202,OKC,Isaiah Joe,17:57,9,3,3,4,0.75,0,2
20251202,OKC,Kenrich Williams,17:21,5,2,2,3,0.667,0,1
20251202,OKC,Branden Carlson,2:34,3,0,0,1,1.0,0,0
20251202,GSW,Draymond Green,28:51,13,9,4,11,0.455,0,3
20251202,GSW,Brandin Podziemski,27:44,17,4,4,11,0.545,1,4
20251202,GSW,Will Richard,25:24,5,4,2,5,0.4,0,0
20251202,GSW,Jimmy Butler,15:11,6,3,1,7,0.286,0,0
20251202,GSW,Moses Moody,14:36,3,2,1,5,0.2,0,2
20251202,GSW,Buddy Hield,28:29,13,1,4,15,0.267,2,0
20251202,GSW,Gary Payton II,26:32,13,5,5,9,0.556,0,3
20251202,GSW,Pat Spencer,21:12,17,3,6,14,0.571,1,0
20251202,GSW,Quinten Post,18:17,3,3,0,1,1.0,0,1
20251202,GSW,Seth Curry,17:54,14,2,2,7,0.857,1,0
20251202,GSW,Jonathan Kuminga,15:49,8,7,1,10,0.3,0,2
20251203,POR,Deni Avdija,35:55,27,8,7,10,0.5,1,4
20251203,POR,Toumani Camara,35:06,17,6,4,7,0.714,0,2
20251203,POR,Jerami Grant,33:30,16,5,6,15,0.333,0,1
20251203,POR,Sidy Cissoko,25:29,11,4,1,6,0.667,0,0
20251203,POR,Donovan Clingan,25:05,5,13,2,8,0.25,0,2
20251203,POR,Shaedon Sharpe,32:10,20,9,5,18,0.389,2,2
20251203,POR,Caleb Love,27:25,20,5,1,15,0.467,1,0
20251203,POR,Duop Reath,11:26,4,2,0,5,0.4,0,0
20251203,POR,Rayan Rupert,8:40,0,1,0,1,0.0,0,0
20251203,POR,Yang Hansen,5:14,2,1,1,0,,0,0
20251203,CLE,Evan Mobley,34:47,23,10,5,14,0.571,2,2
20251203,CLE,Donovan Mitchell,34:25,33,5,5,26,0.462,1,4
20251203,CLE,Jaylon Tyson,32:59,14,7,2,9,0.667,0,0
20251203,CLE,De'Andre Hunter,30:06,10,3,1,9,0.333,1,0
20251203,CLE,Darius Garland,29:14,6,2,4,13,0.154,0,0
20251203,CLE,Lonzo Ball,23:57,3,7,2,9,0.111,2,0
20251203,CLE,Nae'Qwan Tomlin,15:33,7,4,1,4,0.5,2,0
20251203,CLE,Dean Wade,15:30,0,1,1,3,0.0,1,0
20251203,CLE,Thomas Bryant,13:13,14,6,0,6,0.667,0,0
20251203,CLE,Craig Porter Jr.,10:15,0,0,2,1,0.0,0,1
20251203,DEN,Peyton Watson,36:25,11,7,0,8,0.375,1,0
20251203,DEN,Jamal Murray,36:07,52,6,4,25,0.76,1,1
20251203,DEN,Nikola Jokić,35:17,24,8,13,17,0.529,0,4
20251203,DEN,Cameron Johnson,33:42,9,4,4,7,0.429,1,1
20251203,DEN,Spencer Jones,17:22,1,3,0,1,0.0,0,0
20251203,DEN,Tim Hardaway Jr.,27:13,11,0,1,8,0.5,1,0
20251203,DEN,Bruce Brown,26:14,14,4,0,7,0.857,0,2
20251203,DEN,Zeke Nnaji,11:35,2,2,1,1,1.0,1,1
20251203,DEN,Jonas Valančiūnas,11:02,9,3,0,5,0.6,1,1
20251203,DEN,Curtis Jones,1:41,2,1,0,2,0.5,0,0
20251203,DEN,Jalen Pickett,1:41,0,0,0,1,0.0,0,0
20251203,DEN,Hunter Tyson,1:41,0,0,0,1,0.0,0,0
20251203,IND,Pascal Siakam,33:42,23,3,4,16,0.438,0,1
20251203,IND,Andrew Nembhard,28:17,16,3,7,11,0.455,0,1
20251203,IND,Bennedict Mathurin,28:12,15,7,2,10,0.5,0,4
20251203,IND,Ben Sheppard,17:55,14,5,2,5,1.0,2,1
20251203,IND,Jay Huff,17:44,3,1,2,6,0.167,0,0
20251203,IND,Jarace Walker,21:36,11,3,0,7,0.571,0,1
20251203,IND,Garrison Mathews,19:48,9,0,1,4,0.75,0,0
20251203,IND,Isaiah Jackson,16:39,6,6,0,4,0.75,1,0
20251203,IND,T.J. McConnell,16:31,14,1,6,10,0.7,3,1
20251203,IND,Johnny Furphy,16:23,0,2,0,0,,0,1
20251203,IND,Tony Bradley,13:37,7,4,0,2,0.5,0,1
20251203,IND,Jeremiah Robinson-Earl,3:12,2,2,0,4,0.25,0,0
20251203,IND,Taelon Peter,3:12,0,1,0,2,0.0,0,1
20251203,IND,Ethan Thompson,3:12,0,0,0,0,,0,0
20251203,SAS,Harrison Barnes,32:32,11,5,2,12,0.333,1,1
20251203,SAS,Devin Vassell,31:30,15,6,1,14,0.429,0,1
20251203,SAS,De'Aaron Fox,29:23,31,5,5,20,0.55,0,7
20251203,SAS,Luke Kornet,28:23,5,7,4,3,0.667,0,0
20251203,SAS,Julian Champagnie,27:58,14,5,0,8,0.625,0,1
20251203,SAS,Keldon Johnson,24:45,13,4,1,8,0.625,0,1
20251203,SAS,Dylan Harper,22:04,16,5,5,12,0.417,2,5
20251203,SAS,Jeremy Sochan,19:37,4,7,1,7,0.286,1,1
20251203,SAS,Carter Bryant,13:08,3,5,0,2,0.5,0,0
20251203,SAS,Lindy Waters III,5:59,2,2,0,4,0.25,0,0
20251203,SAS,David Jones García,4:41,0,1,1,1,0.0,1,2
20251203,ORL,Desmond Bane,37:38,14,3,6,15,0.4,0,1
20251203,ORL,Franz Wagner,35:54,25,4,6,17,0.529,2,0
20251203,ORL,Wendell Carter Jr.,28:36,5,9,2,9,0.222,1,1
20251203,ORL,Jalen Suggs,27:26,24,4,4,20,0.5,3,1
20251203,ORL,Tristan Da Silva,25:34,12,4,0,10,0.5,2,1
20251203,ORL,Anthony Black,27:35,7,7,5,10,0.2,0,2
20251203,ORL,Goga Bitadze,19:24,8,5,2,4,1.0,1,2
20251203,ORL,Jase Richardson,15:52,8,5,2,5,0.6,1,0
20251203,ORL,Jonathan Isaac,12:12,4,5,0,4,0.5,0,1
20251203,ORL,Tyus Jones,6:45,5,0,0,3,0.667,1,0
20251203,ORL,Noah Penda,3:03,0,2,0,2,0.0,0,1
20251203,LAC,James Harden,36:43,27,4,9,24,0.458,3,1
20251203,LAC,Kawhi Leonard,35:25,21,6,5,21,0.333,2,3
20251203,LAC,Ivica Zubac,33:01,14,17,5,8,0.75,0,3
20251203,LAC,John Collins,32:13,15,9,1,13,0.462,2,1
20251203,LAC,Kris Dunn,20:31,8,0,2,6,0.667,2,0
20251203,LAC,Kobe Sanders,27:09,17,3,4,6,0.833,1,2
20251203,LAC,Nicolas Batum,19:57,6,3,2,4,0.5,0,1
20251203,LAC,Cam Christie,16:58,4,5,0,5,0.4,1,0
20251203,LAC,Kobe Brown,12:51,3,5,1,2,0.5,1,1
20251203,LAC,Yanic Konan Niederhäuser,2:36,0,2,0,0,,0,0
20251203,LAC,Jahmyl Telfort,2:36,0,0,0,0,,0,0
20251203,ATL,Dyson Daniels,34:48,15,3,2,13,0.462,2,3
20251203,ATL,Onyeka Okongwu,33:40,7,9,5,12,0.25,0,2
20251203,ATL,Zaccharie Risacher,33:13,11,3,3,11,0.364,2,1
20251203,ATL,Nickeil Alexander-Walker,30:39,21,5,3,18,0.389,1,1
20251203,ATL,Mouhamed Gueye,22:35,0,6,0,2,0.0,1,1
20251203,ATL,Vít Krejčí,21:15,5,3,1,7,0.286,1,3
20251203,ATL,Luke Kennard,20:46,11,5,2,5,0.8,0,1
20251203,ATL,Keaton Wallace,19:05,8,2,4,9,0.333,1,1
20251203,ATL,Asa Newell,18:41,11,1,0,6,0.667,1,2
20251203,ATL,Caleb Houstan,5:18,3,1,0,2,0.5,0,1
20251203,CHO,LaMelo Ball,36:55,34,8,9,27,0.444,1,4
20251203,CHO,Kon Knueppel,33:44,13,4,4,16,0.313,0,2
20251203,CHO,Sion James,30:25,11,1,0,6,0.5,0,0
20251203,CHO,Miles Bridges,28:31,8,6,0,12,0.25,0,1
20251203,CHO,Moussa Diabaté,19:56,2,8,2,2,0.5,1,2
20251203,CHO,Ryan Kalkbrenner,24:33,8,9,0,4,0.5,0,0
20251203,CHO,Tidjane Salaün,23:00,13,4,0,8,0.625,1,3
20251203,CHO,Liam McNeeley,20:54,10,3,1,8,0.375,0,0
20251203,CHO,Antonio Reeves,9:53,0,0,0,2,0.0,1,0
20251203,CHO,Collin Sexton,8:37,4,1,2,4,0.5,0,1
20251203,CHO,KJ Simpson,3:32,1,0,1,1,0.0,0,0
20251203,NYK,Karl-Anthony Towns,39:11,35,18,5,23,0.565,2,1
20251203,NYK,Jalen Brunson,36:40,26,2,5,16,0.563,3,2
20251203,NYK,Josh Hart,36:33,15,8,8,11,0.364,1,2
20251203,NYK,Mikal Bridges,35:54,16,4,2,14,0.5,2,0
20251203,NYK,Miles McBride,34:02,15,2,1,9,0.444,0,0
20251203,NYK,Jordan Clarkson,20:32,6,3,2,9,0.333,1,1
20251203,NYK,Tyler Kolek,13:17,6,3,5,5,0.4,0,1
20251203,NYK,Ariel Hukporti,12:36,0,2,0,0,,0,2
20251203,NYK,Guerschon Yabusele,9:21,0,1,0,1,0.0,0,0
20251203,NYK,Mohamed Diawara,1:22,0,0,0,0,,0,0
20251203,NYK,Pacôme Dadiet,0:16,0,0,0,0,,0,0
20251203,NYK,Trey Jemison,0:16,0,1,0,0,,0,0
20251203,BRK,Nic Claxton,35:27,14,8,9,7,0.857,2,1
20251203,BRK,Noah Clowney,33:59,20,7,2,13,0.462,0,0
20251203,BRK,Michael Porter Jr.,33:35,33,10,5,20,0.5,2,3
20251203,BRK,Egor Dёmin,25:00,10,0,4,8,0.375,2,4
20251203,BRK,Tyrese Martin,21:31,4,1,1,7,0.286,2,0
20251203,BRK,Ziaire Williams,25:28,8,4,1,7,0.429,0,2
20251203,BRK,Danny Wolf,24:31,8,4,3,5,0.6,0,6
20251203,BRK,Ben Saraf,14:34,6,0,2,3,0.667,2,3
20251203,BRK,Drake Powell,13:22,5,1,2,5,0.4,0,1
20251203,BRK,Day'Ron Sharpe,12:33,5,7,1,3,0.333,2,0
20251203,CHI,Ayo Dosunmu,36:04,16,2,1,13,0.385,3,2
20251203,CHI,Josh Giddey,36:01,28,11,11,14,0.714,0,3
20251203,CHI,Nikola Vučević,33:23,16,11,0,18,0.333,2,6
20251203,CHI,Matas Buzelis,32:46,14,5,3,14,0.429,1,3
20251203,CHI,Julian Phillips,28:20,5,1,1,6,0.333,3,0
20251203,CHI,Patrick Williams,23:17,10,3,0,7,0.429,3,1
20251203,CHI,Dalen Terry,17:59,6,5,1,6,0.5,2,1
20251203,CHI,Jevon Carter,16:15,6,3,1,8,0.25,0,0
20251203,CHI,Emanuel Miller,7:55,2,0,0,3,0.333,0,0
20251203,CHI,Lachlan Olbrich,6:48,0,1,1,1,0.0,0,0
20251203,CHI,Trentyn Flowers,1:12,0,0,1,0,,0,0
20251203,SAC,Keegan Murray,37:24,5,11,1,11,0.182,1,3
20251203,SAC,Russell Westbrook,28:01,12,4,9,13,0.385,1,4
20251203,SAC,DeMar DeRozan,22:33,12,2,0,12,0.5,1,2
20251203,SAC,Zach LaVine,18:41,2,1,1,5,0.2,1,1
20251203,SAC,Drew Eubanks,9:59,2,1,0,3,0.333,0,0
20251203,SAC,Maxime Raynaud,32:18,25,6,3,15,0.667,1,1
20251203,SAC,Malik Monk,29:43,25,3,5,19,0.526,2,0
20251203,SAC,Nique Clifford,22:47,2,0,2,7,0.143,1,0
20251203,SAC,Keon Ellis,19:59,0,0,0,4,0.0,0,0
20251203,SAC,Precious Achiuwa,18:35,10,4,0,8,0.5,2,1
20251203,HOU,Amen Thompson,36:34,20,12,7,16,0.5,2,5
20251203,HOU,Jabari Smith Jr.,34:40,14,8,1,12,0.417,0,1
20251203,HOU,Kevin Durant,31:49,24,3,8,16,0.563,0,0
20251203,HOU,Alperen Şengün,29:47,28,10,3,20,0.55,4,3
20251203,HOU,Josh Okogie,26:36,3,6,1,3,0.333,2,2
20251203,HOU,Reed Sheppard,27:46,5,6,1,7,0.286,1,1
20251203,HOU,Steven Adams,17:50,11,8,0,6,0.833,0,3
20251203,HOU,Aaron Holiday,17:00,7,2,1,5,0.6,0,1
20251203,HOU,Clint Capela,9:28,4,6,1,3,0.667,1,0
20251203,HOU,Jae'Sean Tate,4:02,2,1,1,1,1.0,0,0
20251203,HOU,Jeff Green,2:14,3,0,0,1,1.0,0,0
20251203,HOU,JD Davison,2:14,0,0,0,1,0.0,0,0
20251203,DET,Cade Cunningham,35:12,17,7,7,15,0.333,1,2
20251203,DET,Tobias Harris,29:01,20,5,0,14,0.5,0,0
20251203,DET,Jalen Duren,25:55,8,6,3,7,0.571,1,1
20251203,DET,Ausar Thompson,25:40,10,6,5,7,0.429,2,2
20251203,DET,Daniss Jenkins,24:08,7,1,2,8,0.25,0,2
20251203,DET,Caris LeVert,23:03,4,2,4,10,0.1,0,1
20251203,DET,Jaden Ivey,18:59,15,6,1,10,0.5,0,2
20251203,DET,Isaiah Stewart,17:31,5,4,0,3,0.667,1,0
20251203,DET,Ron Holland,17:15,5,2,0,10,0.2,1,1
20251203,DET,Javonte Green,15:57,9,1,2,6,0.5,2,1
20251203,DET,Paul Reed,7:19,9,4,1,5,0.8,0,2
20251203,MIL,A.J. Green,39:46,19,2,0,12,0.5,1,0
20251203,MIL,Ryan Rollins,38:48,22,4,8,16,0.563,2,3
20251203,MIL,Kevin Porter Jr.,35:10,26,2,7,18,0.444,2,7
20251203,MIL,Myles Turner,19:40,9,3,1,5,0.4,0,0
20251203,MIL,Giannis Antetokounmpo,3:00,2,1,1,0,,0,0
20251203,MIL,Bobby Portis,30:17,13,9,5,13,0.385,0,0
20251203,MIL,Jericho Sims,30:08,15,14,1,7,1.0,0,1
20251203,MIL,Gary Trent Jr.,22:02,3,1,2,4,0.25,0,1
20251203,MIL,Kyle Kuzma,21:10,4,4,3,7,0.286,1,3
20251203,MIA,Andrew Wiggins,33:22,11,6,5,18,0.222,1,1
20251203,MIA,Tyler Herro,33:07,20,4,0,17,0.471,2,2
20251203,MIA,Davion Mitchell,30:20,4,1,9,7,0.286,0,0
20251203,MIA,Bam Adebayo,28:24,21,7,1,19,0.526,1,1
20251203,MIA,Pelle Larsson,22:48,4,0,3,5,0.2,0,0
20251203,MIA,Kel'el Ware,25:14,22,10,2,11,0.727,1,3
20251203,MIA,Jaime Jaquez Jr.,21:55,10,4,3,10,0.3,4,2
20251203,MIA,Simone Fontecchio,21:03,8,3,2,8,0.25,1,1
20251203,MIA,Dru Smith,17:40,8,4,4,4,0.5,1,0
20251203,MIA,Nikola Jović,6:07,0,2,0,2,0.0,0,0
20251203,DAL,Naji Marshall,35:41,18,5,4,12,0.667,2,0
20251203,DAL,Ryan Nembhard,33:56,15,5,13,10,0.6,1,1
20251203,DAL,Max Christie,32:23,10,2,2,6,0.5,0,1
20251203,DAL,Cooper Flagg,31:08,22,6,2,13,0.692,1,3
20251203,DAL,Anthony Davis,28:10,17,17,4,17,0.412,1,4
20251203,DAL,Klay Thompson,26:17,17,3,1,17,0.353,0,0
20251203,DAL,D'Angelo Russell,15:16,10,3,2,7,0.571,0,0
20251203,DAL,Daniel Gafford,14:04,2,5,0,1,0.0,1,2
20251203,DAL,Brandon Williams,13:50,7,2,2,7,0.429,0,2
20251203,DAL,Dwight Powell,5:46,0,1,0,0,,0,0
20251203,DAL,Caleb Martin,3:29,0,1,1,1,0.0,0,0
20251204,GSW,Moses Moody,23:11,14,2,2,10,0.5,1,1
20251204,GSW,Will Richard,20:22,5,0,2,2,1.0,2,2
20251204,GSW,Brandin Podziemski,19:44,6,6,0,8,0.25,1,3
20251204,GSW,Al Horford,17:52,3,6,4,8,0.125,1,0
20251204,GSW,Draymond Green,9:23,3,3,0,3,0.333,0,1
20251204,GSW,Buddy Hield,25:31,14,8,2,12,0.5,2,0
20251204,GSW,Quinten Post,25:28,10,3,4,8,0.5,0,0
20251204,GSW,Pat Spencer,24:00,16,4,4,8,0.625,1,2
20251204,GSW,De'Anthony Melton,21:03,14,1,3,11,0.455,2,1
20251204,GSW,Jonathan Kuminga,20:06,9,6,2,12,0.333,0,3
20251204,GSW,Seth Curry,14:11,0,2,1,2,0.0,1,0
20251204,GSW,Gui Santos,11:39,4,1,1,4,0.5,0,0
20251204,GSW,Trayce Jackson-Davis,4:08,0,1,1,1,0.0,1,0
20251204,GSW,Gary Payton II,3:22,0,0,1,0,,0,0
20251204,PHI,Tyrese Maxey,39:40,35,3,2,27,0.481,2,3
20251204,PHI,Quentin Grimes,38:03,12,5,6,13,0.385,1,1
20251204,PHI,Dominick Barlow,35:26,6,14,3,6,0.5,1,1
20251204,PHI,Joel Embiid,25:13,12,6,3,13,0.385,0,3
20251204,PHI,VJ Edgecombe,23:50,10,6,5,8,0.5,3,5
20251204,PHI,Justin Edwards,21:48,8,3,1,6,0.5,1,1
20251204,PHI,Jared McCain,21:05,7,1,3,6,0.5,0,3
20251204,PHI,Andre Drummond,16:35,0,2,0,1,0.0,0,0
20251204,PHI,Jabari Walker,12:21,7,5,0,3,0.667,0,2
20251204,PHI,Adem Bona,5:59,2,2,0,2,0.5,0,0
20251204,BOS,Payton Pritchard,32:08,20,6,8,21,0.381,1,1
20251204,BOS,Jordan Walsh,29:42,22,7,3,8,1.0,2,0
20251204,BOS,Derrick White,28:46,30,7,9,21,0.571,1,2
20251204,BOS,Neemias Queta,21:03,17,4,2,9,0.778,1,1
20251204,BOS,Sam Hauser,20:31,6,2,3,6,0.333,1,0
20251204,BOS,Anfernee Simons,25:27,16,2,3,13,0.308,2,0
20251204,BOS,Baylor Scheierman,25:01,5,6,3,3,0.667,3,1
20251204,BOS,Josh Minott,22:02,11,4,2,7,0.571,1,1
20251204,BOS,Hugo González,17:40,14,5,0,7,0.857,0,1
20251204,BOS,Luka Garza,8:14,5,2,1,1,1.0,1,1
20251204,BOS,Ron Harper Jr.,4:43,0,0,1,3,0.0,1,0
20251204,BOS,Xavier Tillman Sr.,4:43,0,1,0,0,,0,1
20251204,WAS,CJ McCollum,30:33,22,2,3,15,0.467,1,4
20251204,WAS,Kyshawn George,28:24,15,3,1,7,0.714,2,4
20251204,WAS,Marvin Bagley III,25:39,5,6,0,8,0.25,0,1
20251204,WAS,Khris Middleton,25:11,16,3,4,12,0.583,0,2
20251204,WAS,Jamir Watkins,18:27,2,2,3,1,1.0,0,0
20251204,WAS,Bub Carrington,27:33,7,3,2,9,0.222,0,1
20251204,WAS,Will Riley,26:35,7,4,2,6,0.333,0,3
20251204,WAS,Cam Whitmore,18:05,4,0,2,11,0.182,1,0
20251204,WAS,Justin Champagnie,15:09,9,7,1,6,0.5,1,1
20251204,WAS,Tristan Vukcevic,11:27,10,4,1,5,0.6,0,0
20251204,WAS,Malaki Branham,8:14,2,2,2,3,0.0,0,0
20251204,WAS,Anthony Gill,4:43,2,1,0,1,1.0,0,2
20251204,UTA,Lauri Markkanen,34:33,30,8,1,18,0.611,0,1
20251204,UTA,Keyonte George,31:26,29,5,10,20,0.4,0,1
20251204,UTA,Kyle Filipowski,31:03,15,8,5,8,0.75,2,1
20251204,UTA,Svi Mykhailiuk,25:14,10,3,3,6,0.667,0,1
20251204,UTA,Ace Bailey,25:10,5,2,0,6,0.333,0,0
20251204,UTA,Walter Clayton,24:00,13,3,3,7,0.571,0,2
20251204,UTA,Brice Sensabaugh,21:50,8,3,3,7,0.286,1,2
20251204,UTA,Kyle Anderson,16:57,8,5,3,5,0.6,4,1
20251204,UTA,Isaiah Collier,14:39,3,1,3,3,0.333,0,2
20251204,UTA,Cody Williams,8:10,0,0,0,0,,0,1
20251204,UTA,Taylor Hendricks,6:58,2,1,0,3,0.333,0,0
20251204,BRK,Noah Clowney,34:13,29,4,3,15,0.533,0,3
20251204,BRK,Nic Claxton,29:25,12,9,4,12,0.5,0,1
20251204,BRK,Tyrese Martin,22:20,0,7,2,6,0.0,0,3
20251204,BRK,Egor Dёmin,20:23,3,1,2,4,0.25,0,0
20251204,BRK,Terance Mann,18:07,3,4,2,2,0.0,0,0
20251204,BRK,Danny Wolf,28:01,17,9,3,12,0.417,0,2
20251204,BRK,Ziaire Williams,27:53,23,0,1,14,0.5,1,1
20251204,BRK,Ben Saraf,23:54,12,2,2,7,0.571,3,5
20251204,BRK,Day'Ron Sharpe,18:35,10,7,2,7,0.571,1,2
20251204,BRK,Jalen Wilson,15:38,1,1,0,3,0.0,1,0
20251204,BRK,Tyson Etienne,1:31,0,0,1,0,,0,0
20251204,LAL,Austin Reaves,40:48,44,5,10,21,0.619,0,5
20251204,LAL,LeBron James,35:58,8,6,11,17,0.235,0,0
20251204,LAL,Rui Hachimura,34:58,12,3,0,9,0.444,1,1
20251204,LAL,Deandre Ayton,31:39,17,8,0,11,0.727,0,2
20251204,LAL,Gabe Vincent,24:19,5,2,4,8,0.25,1,1
20251204,LAL,Jake LaRavia,28:13,14,7,0,8,0.625,2,2
20251204,LAL,Jaxson Hayes,16:21,4,4,0,5,0.4,0,0
20251204,LAL,Nick Smith Jr.,14:17,12,2,0,7,0.571,2,0
20251204,LAL,Adou Thiero,10:08,4,1,1,1,1.0,1,0
20251204,LAL,Dalton Knecht,3:19,3,0,0,1,1.0,0,0
20251204,TOR,Sandro Mamukelashvili,36:38,13,8,5,13,0.308,2,2
20251204,TOR,Brandon Ingram,36:20,20,7,7,23,0.435,0,3
20251204,TOR,Scottie Barnes,36:08,23,11,9,16,0.5,1,1
20251204,TOR,Immanuel Quickley,32:01,13,1,5,9,0.556,2,5
20251204,TOR,Ja'Kobe Walter,24:47,17,3,2,10,0.6,1,0
20251204,TOR,Jamal Shead,21:22,4,2,6,1,0.0,2,1
20251204,TOR,Gradey Dick,16:10,8,1,0,4,0.5,0,1
20251204,TOR,Jamison Battle,15:45,10,3,1,5,0.8,0,0
20251204,TOR,Collin Murray-Boyles,15:41,12,2,3,7,0.714,1,2
20251204,TOR,Jonathan Mogbo,5:08,0,3,1,1,0.0,0,0
20251204,MIN,Julius Randle,36:30,28,9,3,18,0.5,0,4
20251204,MIN,Jaden McDaniels,34:48,14,7,5,14,0.429,2,2
20251204,MIN,Donte DiVincenzo,32:05,15,4,3,10,0.5,0,1
20251204,MIN,Anthony Edwards,31:22,11,6,4,6,0.5,1,8
20251204,MIN,Rudy Gobert,23:57,15,12,3,8,0.625,0,1
20251204,MIN,Naz Reid,32:40,19,7,6,13,0.462,1,0
20251204,MIN,Mike Conley,16:48,2,1,3,7,0.143,0,1
20251204,MIN,Jaylen Clark,14:28,12,2,0,9,0.444,1,0
20251204,MIN,Terrence Shannon Jr.,9:11,7,1,0,4,0.5,0,2
20251204,MIN,Rob Dillingham,8:11,2,0,3,3,0.333,0,0
20251204,NOP,Bryce McGowens,33:54,15,3,5,12,0.417,1,0
20251204,NOP,Trey Murphy III,33:46,21,7,8,17,0.412,2,2
20251204,NOP,Jeremiah Fears,33:33,20,7,6,17,0.471,1,3
20251204,NOP,Saddiq Bey,33:11,20,6,1,17,0.471,3,0
20251204,NOP,Derik Queen,29:08,12,4,5,9,0.444,1,1
20251204,NOP,Jose Alvarado,22:05,13,3,1,8,0.625,2,2
20251204,NOP,Karlo Matković,18:30,8,6,1,5,0.8,0,1
20251204,NOP,Jordan Hawkins,16:10,7,3,1,6,0.333,0,1
20251204,NOP,Micah Peavy,15:11,0,4,1,2,0.0,1,2
20251204,NOP,Trey Alexander,4:33,0,0,0,2,0.0,0,0
20251205,LAL,Austin Reaves,33:19,36,3,8,18,0.5,0,4
20251205,LAL,Gabe Vincent,29:38,18,1,1,10,0.5,0,0
20251205,LAL,Rui Hachimura,29:16,13,7,0,11,0.455,0,2
20251205,LAL,Deandre Ayton,27:32,6,10,0,9,0.333,1,2
20251205,LAL,Jake LaRavia,20:49,6,1,1,6,0.333,3,1
20251205,LAL,Nick Smith Jr.,23:30,13,2,0,10,0.5,2,1
20251205,LAL,Adou Thiero,19:30,0,3,0,2,0.0,0,2
20251205,LAL,Maxi Kleber,15:30,0,1,0,1,0.0,0,0
20251205,LAL,Dalton Knecht,13:50,5,1,1,5,0.2,0,0
20251205,LAL,Jaxson Hayes,13:50,3,4,0,2,0.5,1,0
20251205,LAL,Bronny James,6:38,5,0,1,3,0.667,1,2
20251205,LAL,Drew Timme,6:38,0,2,3,0,,0,0
20251205,BOS,Jaylen Brown,33:41,30,8,8,22,0.455,1,3
20251205,BOS,Payton Pritchard,30:09,15,2,6,13,0.462,1,2
20251205,BOS,Derrick White,29:37,19,5,6,14,0.5,0,3
20251205,BOS,Jordan Walsh,26:17,17,4,1,7,0.857,1,1
20251205,BOS,Neemias Queta,26:02,10,6,2,8,0.625,2,0
20251205,BOS,Sam Hauser,24:21,12,3,0,8,0.5,2,0
20251205,BOS,Josh Minott,22:56,6,3,3,3,0.667,0,0
20251205,BOS,Anfernee Simons,15:52,8,4,2,4,0.5,0,0
20251205,BOS,Baylor Scheierman,15:07,3,1,2,2,0.5,2,1
20251205,BOS,Hugo González,8:00,4,2,0,2,1.0,0,4
20251205,BOS,Xavier Tillman Sr.,3:18,2,0,0,1,1.0,0,0
20251205,BOS,Luka Garza,2:20,0,0,1,0,,0,0
20251205,BOS,Amari Williams,2:20,0,0,0,0,,0,0
20251205,MIA,Bam Adebayo,39:31,24,15,3,15,0.6,2,5
20251205,MIA,Andrew Wiggins,33:32,13,5,1,10,0.5,1,0
20251205,MIA,Norman Powell,32:17,28,3,4,18,0.5,0,3
20251205,MIA,Davion Mitchell,27:32,10,2,7,8,0.625,0,0
20251205,MIA,Kel'el Ware,22:04,4,8,1,3,0.333,0,2
20251205,MIA,Jaime Jaquez Jr.,33:06,16,3,2,14,0.571,1,3
20251205,MIA,Pelle Larsson,18:49,0,1,1,4,0.0,0,0
20251205,MIA,Dru Smith,17:26,5,4,2,3,0.333,0,1
20251205,MIA,Simone Fontecchio,15:43,5,3,2,5,0.4,0,1
20251205,ORL,Franz Wagner,34:04,32,5,3,22,0.545,1,2
20251205,ORL,Desmond Bane,32:59,5,0,3,16,0.125,0,2
20251205,ORL,Jalen Suggs,28:26,22,3,5,19,0.474,1,1
20251205,ORL,Wendell Carter Jr.,27:31,7,7,1,5,0.6,0,0
20251205,ORL,Paolo Banchero,20:12,9,6,2,8,0.375,0,1
20251205,ORL,Anthony Black,31:30,13,8,6,9,0.222,2,2
20251205,ORL,Tristan Da Silva,24:59,3,5,0,4,0.25,1,2
20251205,ORL,Goga Bitadze,20:29,8,8,1,4,0.75,0,0
20251205,ORL,Tyus Jones,15:59,7,0,2,5,0.6,0,0
20251205,ORL,Jase Richardson,3:51,0,0,1,0,,0,0
20251205,DEN,Jamal Murray,38:11,23,5,12,16,0.5,2,4
20251205,DEN,Nikola Jokić,35:36,40,9,8,26,0.5,1,2
20251205,DEN,Cameron Johnson,34:44,16,4,2,14,0.429,1,2
20251205,DEN,Peyton Watson,28:15,9,6,2,11,0.364,1,0
20251205,DEN,Spencer Jones,23:30,6,4,2,2,1.0,1,0
20251205,DEN,Bruce Brown,32:17,13,3,0,4,1.0,3,2
20251205,DEN,Tim Hardaway Jr.,27:19,17,6,0,11,0.455,0,1
20251205,DEN,Jonas Valančiūnas,12:01,8,4,2,4,1.0,0,1
20251205,DEN,Zeke Nnaji,8:08,2,1,0,1,1.0,0,0
20251205,ATL,Jalen Johnson,37:36,21,18,16,20,0.45,2,3
20251205,ATL,Nickeil Alexander-Walker,33:48,30,5,1,17,0.588,0,1
20251205,ATL,Dyson Daniels,33:39,15,3,8,14,0.5,2,3
20251205,ATL,Onyeka Okongwu,27:31,13,6,2,8,0.5,1,1
20251205,ATL,Zaccharie Risacher,20:49,9,3,0,7,0.571,0,0
20251205,ATL,Vít Krejčí,27:56,15,2,2,8,0.625,1,1
20251205,ATL,Kristaps Porziņģis,20:29,25,2,1,13,0.692,1,1
20251205,ATL,Luke Kennard,17:31,2,1,1,2,0.0,1,1
20251205,ATL,Mouhamed Gueye,10:25,3,3,0,4,0.25,0,1
20251205,ATL,Keaton Wallace,10:17,0,2,4,2,0.0,0,0
20251205,SAS,Julian Champagnie,34:38,11,4,1,8,0.5,3,0
20251205,SAS,De'Aaron Fox,32:47,25,5,9,19,0.474,1,4
20251205,SAS,Devin Vassell,29:56,28,3,3,16,0.5,0,2
20251205,SAS,Harrison Barnes,28:39,7,4,3,7,0.429,1,1
20251205,SAS,Bismack Biyombo,10:24,4,0,1,2,1.0,0,1
20251205,SAS,Jeremy Sochan,24:52,10,5,1,9,0.556,1,1
20251205,SAS,Keldon Johnson,24:46,14,7,0,10,0.5,1,2
20251205,SAS,Dylan Harper,23:15,3,4,6,11,0.091,0,2
20251205,SAS,David Jones García,9:55,9,0,4,5,0.6,1,0
20251205,SAS,Carter Bryant,9:04,2,3,0,4,0.25,0,0
20251205,SAS,Lindy Waters III,5:57,3,2,0,2,0.5,1,1
20251205,SAS,Kelly Olynyk,5:48,1,1,0,0,,0,0
20251205,CLE,Jaylon Tyson,32:52,24,6,2,15,0.733,0,2
20251205,CLE,Evan Mobley,32:18,17,10,5,12,0.583,0,2
20251205,CLE,Donovan Mitchell,31:45,28,2,8,17,0.529,3,5
20251205,CLE,De'Andre Hunter,20:33,11,3,0,9,0.556,1,1
20251205,CLE,Nae'Qwan Tomlin,18:21,13,2,2,10,0.5,0,0
20251205,CLE,Dean Wade,29:12,12,8,5,6,0.667,1,0
20251205,CLE,Craig Porter Jr.,23:54,11,7,1,6,0.667,2,0
20251205,CLE,Lonzo Ball,22:27,2,6,5,2,0.5,3,2
20251205,CLE,Thomas Bryant,15:42,8,3,2,4,0.5,0,1
20251205,CLE,Luke Travers,10:30,2,1,2,3,0.333,0,1
20251205,CLE,Chris Livingston,2:26,2,0,0,2,0.5,0,0
20251205,POR,Deni Avdija,38:21,35,9,7,16,0.563,1,4
20251205,POR,Jerami Grant,33:42,29,6,4,19,0.421,1,2
20251205,POR,Robert Williams,30:16,8,14,1,8,0.5,0,2
20251205,POR,Toumani Camara,24:22,1,2,4,4,0.0,1,0
20251205,POR,Sidy Cissoko,22:20,8,1,2,6,0.5,1,1
20251205,POR,Shaedon Sharpe,34:56,28,5,3,25,0.4,1,2
20251205,POR,Kris Murray,27:39,0,6,1,2,0.0,1,2
20251205,POR,Duop Reath,13:28,7,3,0,2,1.0,0,2
20251205,POR,Caleb Love,11:55,0,2,0,3,0.0,0,1
20251205,POR,Rayan Rupert,3:01,0,0,0,0,,0,1
20251205,DET,Cade Cunningham,36:22,29,4,9,15,0.467,3,1
20251205,DET,Duncan Robinson,33:48,14,7,0,7,0.571,2,1
20251205,DET,Tobias Harris,31:08,10,4,4,10,0.3,0,1
20251205,DET,Jalen Duren,27:01,18,8,0,11,0.545,0,6
20251205,DET,Ausar Thompson,24:55,15,4,2,12,0.5,1,1
20251205,DET,Isaiah Stewart,21:35,9,1,1,7,0.429,0,1
20251205,DET,Ron Holland,20:25,17,3,0,11,0.545,1,1
20251205,DET,Caris LeVert,16:22,4,2,3,2,1.0,0,1
20251205,DET,Daniss Jenkins,14:22,4,1,3,4,0.25,1,0
20251205,DET,Jaden Ivey,9:44,2,3,2,1,0.0,0,0
20251205,DET,Javonte Green,4:18,0,0,0,2,0.0,0,0
20251205,UTA,Ace Bailey,33:57,13,5,1,13,0.385,1,3
20251205,UTA,Keyonte George,27:50,18,0,4,12,0.417,0,2
20251205,UTA,Lauri Markkanen,26:27,18,9,2,13,0.385,0,0
20251205,UTA,Jusuf Nurkić,19:29,4,6,0,5,0.4,2,3
20251205,UTA,Svi Mykhailiuk,18:34,3,3,0,8,0.125,0,1
20251205,UTA,Kyle Filipowski,30:02,10,8,3,7,0.286,2,1
20251205,UTA,Isaiah Collier,23:44,13,0,7,5,0.8,0,0
20251205,UTA,Walter Clayton,19:05,11,1,4,9,0.444,0,1
20251205,UTA,Kevin Love,16:31,7,2,1,5,0.4,1,0
20251205,UTA,Brice Sensabaugh,12:21,8,2,1,6,0.5,1,1
20251205,UTA,Kyle Anderson,12:00,7,1,0,4,0.5,1,0
20251205,NYK,Jalen Brunson,30:51,33,2,4,17,0.529,0,0
20251205,NYK,Josh Hart,27:47,8,6,6,6,0.5,1,2
20251205,NYK,OG Anunoby,22:43,11,0,1,8,0.5,0,2
20251205,NYK,Karl-Anthony Towns,22:17,18,9,4,11,0.455,1,1
20251205,NYK,Mikal Bridges,19:53,10,5,3,7,0.714,1,1
20251205,NYK,Jordan Clarkson,31:01,16,4,5,13,0.385,2,2
20251205,NYK,Miles McBride,21:43,22,3,2,11,0.636,0,0
20251205,NYK,Mitchell Robinson,16:00,4,7,1,2,1.0,2,1
20251205,NYK,Tyler Kolek,14:16,7,2,1,6,0.5,1,2
20251205,NYK,Mohamed Diawara,12:22,2,2,3,2,0.5,1,0
20251205,NYK,Ariel Hukporti,12:00,4,4,0,2,1.0,0,0
20251205,NYK,Guerschon Yabusele,9:07,11,2,0,6,0.833,0,1
20251205,CHO,Miles Bridges,32:03,15,9,5,11,0.455,1,2
20251205,CHO,Kon Knueppel,31:59,21,3,7,12,0.583,1,4
20251205,CHO,Brandon Miller,29:38,12,3,2,14,0.357,1,4
20251205,CHO,Ryan Kalkbrenner,25:53,12,6,1,6,0.833,1,0
20251205,CHO,LaMelo Ball,11:52,11,2,3,9,0.444,1,2
20251205,CHO,KJ Simpson,28:02,8,3,4,6,0.333,5,7
20251205,CHO,Tidjane Salaün,22:02,21,3,1,8,0.75,1,0
20251205,CHO,Liam McNeeley,18:09,2,6,0,3,0.333,0,2
20251205,CHO,Moussa Diabaté,15:53,3,4,1,2,0.5,0,1
20251205,CHO,Sion James,14:23,3,3,1,0,,2,1
20251205,CHO,Mason Plumlee,6:13,1,4,0,0,,1,1
20251205,CHO,Antonio Reeves,3:53,2,1,1,3,0.333,0,0
20251205,TOR,Scottie Barnes,31:26,13,3,5,15,0.4,1,4
20251205,TOR,Immanuel Quickley,30:47,31,3,4,22,0.5,1,1
20251205,TOR,Brandon Ingram,28:38,7,9,2,13,0.231,0,4
20251205,TOR,Ja'Kobe Walter,24:45,2,4,2,7,0.0,3,1
20251205,TOR,Jakob Poeltl,22:34,5,7,1,5,0.4,2,3
20251205,TOR,Jamal Shead,21:24,9,5,1,12,0.333,2,2
20251205,TOR,Gradey Dick,20:38,4,1,1,7,0.286,1,0
20251205,TOR,Collin Murray-Boyles,19:12,7,2,1,4,0.75,0,4
20251205,TOR,Sandro Mamukelashvili,15:48,3,3,1,4,0.25,0,0
20251205,TOR,Jamison Battle,14:10,3,3,1,1,1.0,0,0
20251205,TOR,Garrett Temple,6:45,0,1,0,1,0.0,2,0
20251205,TOR,Jonathan Mogbo,3:53,2,0,0,1,1.0,0,0
20251205,IND,Bennedict Mathurin,38:07,28,5,3,16,0.563,2,2
20251205,IND,Andrew Nembhard,32:50,15,2,7,14,0.5,3,3
20251205,IND,Pascal Siakam,31:23,36,10,1,24,0.542,2,3
20251205,IND,Jay Huff,28:27,11,4,5,5,0.8,2,0
20251205,IND,Garrison Mathews,14:56,3,3,0,4,0.25,1,1
20251205,IND,Ethan Thompson,34:18,11,2,3,6,0.667,1,0
20251205,IND,Isaiah Jackson,18:19,7,3,0,4,0.75,1,2
20251205,IND,Johnny Furphy,16:14,2,1,1,4,0.25,0,0
20251205,IND,T.J. McConnell,13:56,2,3,4,3,0.333,1,1
20251205,IND,Jarace Walker,9:02,3,1,0,3,0.333,0,1
20251205,IND,Tony Bradley,1:14,2,1,0,1,1.0,0,0
20251205,IND,Taelon Peter,1:14,0,0,0,0,,0,0
20251205,CHI,Matas Buzelis,34:43,19,12,2,8,0.625,1,6
20251205,CHI,Josh Giddey,32:59,9,7,6,9,0.222,1,5
20251205,CHI,Coby White,26:26,22,3,6,14,0.429,0,2
20251205,CHI,Nikola Vučević,26:12,8,4,2,7,0.429,0,0
20251205,CHI,Julian Phillips,22:39,5,4,1,4,0.5,1,0
20251205,CHI,Patrick Williams,26:16,9,3,0,9,0.333,0,1
20251205,CHI,Jevon Carter,22:11,14,3,1,11,0.455,1,0
20251205,CHI,Zach Collins,20:34,8,6,1,5,0.6,0,0
20251205,CHI,Dalen Terry,19:31,7,3,0,7,0.429,3,4
20251205,CHI,Emanuel Miller,7:15,4,1,2,3,0.667,0,0
20251205,CHI,Lachlan Olbrich,1:14,0,0,0,0,,0,0
20251205,PHO,Dillon Brooks,31:06,23,4,4,24,0.417,0,2
20251205,PHO,Collin Gillespie,28:58,13,2,3,13,0.385,0,1
20251205,PHO,Grayson Allen,26:09,9,2,0,12,0.25,1,3
20251205,PHO,Royce O'Neale,19:20,0,2,2,4,0.0,1,1
20251205,PHO,Mark Williams,17:02,10,3,0,6,0.667,2,2
20251205,PHO,Oso Ighodaro,22:46,3,3,1,1,1.0,1,3
20251205,PHO,Jordan Goodwin,21:57,9,5,2,13,0.308,0,1
20251205,PHO,Ryan Dunn,18:17,4,4,0,3,0.333,3,0
20251205,PHO,Jamaree Bouyea,18:13,18,2,1,11,0.636,1,0
20251205,PHO,Nigel Hayes-Davis,14:38,2,2,0,4,0.25,1,0
20251205,PHO,Rasheer Fleming,8:12,3,2,0,5,0.2,2,0
20251205,PHO,Nick Richards,8:12,2,0,1,2,0.5,0,0
20251205,PHO,Khaman Maluach,5:10,2,3,0,2,0.5,0,0
20251205,HOU,Kevin Durant,32:22,28,4,8,17,0.647,2,5
20251205,HOU,Amen Thompson,31:50,31,4,1,17,0.706,0,3
20251205,HOU,Steven Adams,29:52,4,8,3,4,0.5,2,1
20251205,HOU,Jabari Smith Jr.,27:33,16,2,2,8,0.625,0,2
20251205,HOU,Josh Okogie,16:24,6,4,1,3,1.0,1,2
20251205,HOU,Aaron Holiday,29:04,10,1,2,3,1.0,2,2
20251205,HOU,Reed Sheppard,20:54,10,5,6,11,0.364,2,2
20251205,HOU,Jae'Sean Tate,19:09,8,2,1,6,0.5,0,2
20251205,HOU,Clint Capela,18:08,4,7,1,3,0.667,0,2
20251205,HOU,Jeff Green,8:12,0,1,0,1,0.0,0,0
20251205,HOU,JD Davison,6:32,0,2,0,3,0.0,0,0
20251205,LAC,James Harden,35:50,18,2,7,13,0.462,0,4
20251205,LAC,Ivica Zubac,34:47,10,6,1,6,0.667,1,2
20251205,LAC,Kawhi Leonard,34:42,24,8,4,23,0.435,1,1
20251205,LAC,John Collins,24:42,16,2,2,14,0.429,1,3
20251205,LAC,Kris Dunn,20:44,0,3,3,1,0.0,2,1
20251205,LAC,Nicolas Batum,30:52,6,3,4,7,0.286,1,2
20251205,LAC,Kobe Sanders,27:16,8,7,0,6,0.5,2,2
20251205,LAC,Kobe Brown,21:12,13,4,1,7,0.429,3,1
20251205,LAC,Cam Christie,9:55,3,2,0,3,0.333,0,0
20251205,MEM,Jaren Jackson Jr.,30:36,13,3,0,9,0.556,2,1
20251205,MEM,Zach Edey,29:25,10,8,1,8,0.5,0,2
20251205,MEM,Cedric Coward,28:29,23,14,5,18,0.556,1,1
20251205,MEM,Jaylen Wells,27:17,17,3,0,11,0.636,1,2
20251205,MEM,Vince Williams Jr.,19:12,3,1,4,5,0.2,0,3
20251205,MEM,Cam Spencer,28:51,17,5,7,11,0.636,1,2
20251205,MEM,Santi Aldama,24:37,7,6,4,9,0.333,1,3
20251205,MEM,Kentavious Caldwell-Pope,19:28,5,0,5,1,1.0,1,0
20251205,MEM,Jock Landale,16:32,7,1,1,5,0.6,1,1
20251205,MEM,John Konchar,15:33,5,1,1,1,1.0,1,0
20251205,PHI,Tyrese Maxey,36:49,12,4,4,14,0.357,4,2
20251205,PHI,Paul George,29:58,20,5,5,15,0.467,1,0
20251205,PHI,VJ Edgecombe,24:26,12,4,1,8,0.5,0,0
20251205,PHI,Andre Drummond,23:25,5,6,2,4,0.5,2,2
20251205,PHI,Dominick Barlow,21:10,6,4,2,6,0.167,1,2
20251205,PHI,Quentin Grimes,28:49,22,4,5,9,0.778,0,5
20251205,PHI,Adem Bona,23:41,10,6,0,7,0.571,1,1
20251205,PHI,Jared McCain,22:46,8,6,4,10,0.3,2,0
20251205,PHI,Jabari Walker,18:19,18,2,1,10,0.5,1,0
20251205,PHI,Kyle Lowry,9:48,3,1,1,3,0.333,0,0
20251205,PHI,Justin Edwards,0:50,0,0,0,0,,0,0
20251205,MIL,Kevin Porter Jr.,36:43,20,7,9,13,0.385,2,4
20251205,MIL,Ryan Rollins,34:44,16,6,7,13,0.462,4,2
20251205,MIL,Jericho Sims,29:50,2,9,0,1,1.0,0,2
20251205,MIL,Myles Turner,23:11,19,2,2,9,0.444,0,0
20251205,MIL,A.J. Green,15:12,0,0,2,4,0.0,0,1
20251205,MIL,Kyle Kuzma,28:46,14,5,1,12,0.583,1,2
20251205,MIL,Gary Trent Jr.,23:30,6,1,3,5,0.4,0,0
20251205,MIL,Bobby Portis,23:01,22,4,0,16,0.563,1,3
20251205,MIL,Gary Harris,20:53,0,3,1,1,0.0,0,2
20251205,MIL,Thanasis Antetokounmpo,0:50,2,0,0,1,1.0,0,0
20251205,MIL,Cole Anthony,0:50,0,0,1,0,,0,0
20251205,MIL,Amir Coffey,0:50,0,0,0,0,,0,0
20251205,MIL,Andre Jackson Jr.,0:50,0,0,0,1,0.0,0,0
20251205,MIL,Pete Nance,0:50,0,0,0,0,,0,0
20251205,DAL,Cooper Flagg,29:29,16,2,2,11,0.455,0,4
20251205,DAL,Naji Marshall,26:41,18,1,2,11,0.727,1,0
20251205,DAL,Ryan Nembhard,24:17,10,3,4,8,0.5,0,1
20251205,DAL,Anthony Davis,24:17,2,8,6,9,0.111,0,2
20251205,DAL,Max Christie,22:29,12,3,0,6,0.833,1,0
20251205,DAL,Brandon Williams,23:43,9,3,7,9,0.333,0,1
20251205,DAL,Jaden Hardy,20:24,23,2,2,13,0.615,0,1
20251205,DAL,Klay Thompson,17:49,3,5,0,7,0.143,0,0
20251205,DAL,Dwight Powell,15:59,3,2,2,1,1.0,0,1
20251205,DAL,D'Angelo Russell,15:35,12,3,3,7,0.571,0,1
20251205,DAL,Caleb Martin,11:33,3,0,0,3,0.333,0,0
20251205,DAL,Moussa Cisse,7:44,0,3,0,1,0.0,0,0
20251205,OKC,Shai Gilgeous-Alexander,28:34,33,5,6,12,0.833,0,2
20251205,OKC,Jalen Williams,24:07,15,8,5,11,0.455,1,1
20251205,OKC,Chet Holmgren,23:20,15,8,1,11,0.545,0,0
20251205,OKC,Cason Wallace,22:56,11,4,1,7,0.571,1,0
20251205,OKC,Jaylin Williams,18:51,4,3,3,4,0.25,1,0
20251205,OKC,Ajay Mitchell,22:52,9,0,2,7,0.429,1,3
20251205,OKC,Branden Carlson,21:49,9,6,3,6,0.667,0,0
20251205,OKC,Ousmane Dieng,21:31,7,1,1,5,0.4,0,0
20251205,OKC,Kenrich Williams,19:56,10,1,3,7,0.571,0,0
20251205,OKC,Aaron Wiggins,19:41,11,2,3,8,0.625,0,0
20251205,OKC,Chris Youngblood,8:39,3,4,0,2,0.5,0,0
20251205,OKC,Brooks Barnhizer,7:44,5,1,2,4,0.5,1,0
20251206,NOP,Trey Murphy III,34:54,23,5,5,17,0.588,2,4
20251206,NOP,Saddiq Bey,33:17,18,5,2,14,0.429,0,0
20251206,NOP,Jeremiah Fears,33:09,14,2,5,16,0.25,1,1
20251206,NOP,Derik Queen,25:45,6,9,5,5,0.4,1,3
20251206,NOP,Bryce McGowens,24:27,16,2,2,8,0.625,0,1
20251206,NOP,Jose Alvarado,30:00,9,2,6,6,0.667,4,4
20251206,NOP,Yves Missi,17:37,4,6,2,4,0.5,0,1
20251206,NOP,Micah Peavy,16:11,2,1,2,5,0.2,1,0
20251206,NOP,Jordan Hawkins,14:04,6,2,1,5,0.4,0,0
20251206,NOP,Karlo Matković,10:37,3,2,0,2,0.5,0,1
20251206,BRK,Michael Porter Jr.,33:21,35,9,3,23,0.609,2,2
20251206,BRK,Noah Clowney,29:41,10,6,0,11,0.364,0,2
20251206,BRK,Nic Claxton,29:11,14,11,10,9,0.556,0,2
20251206,BRK,Terance Mann,25:59,10,5,4,7,0.571,0,0
20251206,BRK,Egor Dёmin,25:03,8,4,7,5,0.6,0,3
20251206,BRK,Drake Powell,20:34,3,1,3,4,0.25,0,1
20251206,BRK,Ben Saraf,20:14,7,1,4,8,0.375,0,1
20251206,BRK,Day'Ron Sharpe,18:49,16,3,3,8,0.875,1,2
20251206,BRK,Danny Wolf,18:49,7,4,2,7,0.429,1,3
20251206,BRK,Ziaire Williams,14:34,9,1,0,7,0.429,2,0
20251206,BRK,Jalen Wilson,3:45,0,0,0,0,,0,0
20251206,ATL,Jalen Johnson,39:07,30,12,12,18,0.556,2,3
20251206,ATL,Onyeka Okongwu,35:59,21,9,6,17,0.588,2,3
20251206,ATL,Dyson Daniels,35:54,12,6,3,16,0.25,0,2
20251206,ATL,Nickeil Alexander-Walker,32:02,17,4,4,15,0.467,3,3
20251206,ATL,Zaccharie Risacher,18:45,7,5,3,6,0.5,1,0
20251206,ATL,Vít Krejčí,30:40,14,2,2,9,0.556,3,0
20251206,ATL,Luke Kennard,22:49,15,3,2,7,0.857,2,1
20251206,ATL,Asa Newell,12:16,11,3,3,6,0.833,0,0
20251206,ATL,Mouhamed Gueye,8:38,4,1,0,2,1.0,0,0
20251206,ATL,Keaton Wallace,3:50,0,0,1,2,0.0,0,0
20251206,WAS,Bub Carrington,36:58,14,2,9,6,0.667,1,1
20251206,WAS,Kyshawn George,36:10,15,6,7,11,0.545,3,5
20251206,WAS,CJ McCollum,35:53,28,0,3,17,0.529,0,6
20251206,WAS,Justin Champagnie,32:10,16,5,3,9,0.667,1,0
20251206,WAS,Marvin Bagley III,19:14,6,3,2,5,0.6,1,1
20251206,WAS,Tristan Vukcevic,27:16,18,5,4,14,0.5,0,1
20251206,WAS,Will Riley,19:00,15,1,0,12,0.5,0,3
20251206,WAS,Jamir Watkins,15:50,2,3,0,2,0.0,0,0
20251206,WAS,Malaki Branham,14:29,2,1,1,3,0.0,0,3
20251206,WAS,Anthony Gill,1:30,0,0,0,0,,0,0
20251206,WAS,AJ Johnson,1:30,0,0,0,1,0.0,0,0
20251206,GSW,Quinten Post,31:55,12,9,3,14,0.357,0,2
20251206,GSW,Pat Spencer,29:28,19,4,7,12,0.583,1,1
20251206,GSW,Buddy Hield,26:26,13,7,3,9,0.444,0,1
20251206,GSW,Jonathan Kuminga,21:30,4,7,3,10,0.1,0,1
20251206,GSW,Will Richard,20:36,4,3,0,4,0.25,1,1
20251206,GSW,Gary Payton II,26:40,6,3,1,9,0.333,3,3
20251206,GSW,Gui Santos,26:30,14,3,3,8,0.375,0,2
20251206,GSW,Brandin Podziemski,21:07,10,3,2,9,0.444,1,1
20251206,GSW,Moses Moody,19:43,9,2,2,5,0.4,1,1
20251206,GSW,Trayce Jackson-Davis,16:05,8,5,1,6,0.5,1,0
20251206,CLE,Donovan Mitchell,37:10,29,4,3,26,0.423,0,2
20251206,CLE,Evan Mobley,35:08,18,10,1,19,0.421,1,1
20251206,CLE,Jaylon Tyson,34:05,11,11,3,12,0.417,0,1
20251206,CLE,De'Andre Hunter,33:17,6,3,3,9,0.222,1,2
20251206,CLE,Darius Garland,31:59,17,5,4,15,0.4,2,3
20251206,CLE,Dean Wade,19:22,3,4,0,5,0.2,1,0
20251206,CLE,Nae'Qwan Tomlin,16:05,6,12,1,10,0.3,2,3
20251206,CLE,Craig Porter Jr.,15:12,0,4,0,4,0.0,0,0
20251206,CLE,Thomas Bryant,12:24,2,6,0,4,0.0,0,0
20251206,CLE,Luke Travers,5:18,2,2,0,3,0.333,0,0
20251206,MIL,Kevin Porter Jr.,36:27,32,4,6,16,0.688,4,1
20251206,MIL,Jericho Sims,30:35,2,3,1,1,1.0,1,1
20251206,MIL,Kyle Kuzma,28:42,15,4,1,12,0.417,1,3
20251206,MIL,Myles Turner,25:08,12,1,0,8,0.5,1,1
20251206,MIL,Ryan Rollins,22:52,10,6,6,14,0.286,0,2
20251206,MIL,Gary Trent Jr.,28:30,11,1,1,11,0.364,1,0
20251206,MIL,Bobby Portis,20:28,7,7,4,11,0.182,1,1
20251206,MIL,Gary Harris,13:38,2,1,1,2,0.5,0,1
20251206,MIL,Andre Jackson Jr.,11:32,4,3,2,1,1.0,1,1
20251206,MIL,Amir Coffey,7:50,4,1,0,0,,0,0
20251206,MIL,Thanasis Antetokounmpo,4:46,7,2,0,3,0.667,1,1
20251206,MIL,Cole Anthony,4:46,3,2,2,2,0.5,0,0
20251206,MIL,Pete Nance,4:46,3,1,0,3,0.333,0,0
20251206,DET,Jalen Duren,32:37,16,16,1,8,0.75,0,1
20251206,DET,Cade Cunningham,31:40,23,6,12,18,0.444,0,3
20251206,DET,Ausar Thompson,27:23,13,6,8,7,0.857,1,1
20251206,DET,Isaiah Stewart,25:31,19,2,0,8,0.75,0,1
20251206,DET,Duncan Robinson,23:49,7,2,1,7,0.286,0,1
20251206,DET,Caris LeVert,21:31,11,2,1,5,0.6,0,2
20251206,DET,Ron Holland,18:15,4,4,1,8,0.0,1,0
20251206,DET,Javonte Green,16:53,13,0,0,9,0.556,2,2
20251206,DET,Jaden Ivey,15:37,10,5,2,4,0.75,0,2
20251206,DET,Paul Reed,15:23,6,10,3,8,0.375,0,1
20251206,DET,Marcus Sasser,4:13,0,0,2,1,0.0,0,0
20251206,DET,Daniss Jenkins,3:34,2,0,0,1,1.0,0,1
20251206,DET,Chaz Lanier,3:34,0,0,0,2,0.0,1,0
20251206,SAC,DeMar DeRozan,39:49,13,6,6,11,0.545,2,0
20251206,SAC,Zach LaVine,39:25,42,5,1,24,0.5,1,0
20251206,SAC,Keegan Murray,32:24,16,4,1,11,0.545,2,1
20251206,SAC,Russell Westbrook,31:46,12,1,10,11,0.455,4,6
20251206,SAC,Maxime Raynaud,25:04,12,10,1,11,0.545,0,0
20251206,SAC,Nique Clifford,18:01,15,6,0,8,0.875,1,2
20251206,SAC,Malik Monk,17:27,3,0,4,7,0.143,0,1
20251206,SAC,Precious Achiuwa,16:19,7,10,1,5,0.6,0,0
20251206,SAC,Drew Eubanks,10:46,4,2,0,2,1.0,0,0
20251206,SAC,Keon Ellis,8:59,3,1,0,3,0.333,1,0
20251206,MIA,Kel'el Ware,29:39,5,6,0,4,0.5,2,1
20251206,MIA,Norman Powell,26:34,18,2,1,14,0.429,0,0
20251206,MIA,Andrew Wiggins,26:07,13,4,4,10,0.6,0,3
20251206,MIA,Bam Adebayo,24:35,9,7,3,9,0.444,0,0
20251206,MIA,Dru Smith,19:08,4,1,2,6,0.167,1,1
20251206,MIA,Jaime Jaquez Jr.,35:28,27,6,6,15,0.6,0,2
20251206,MIA,Nikola Jović,30:49,12,2,6,10,0.4,1,5
20251206,MIA,Simone Fontecchio,25:36,20,7,0,14,0.571,0,0
20251206,MIA,Keshad Johnson,14:25,3,5,0,2,0.5,0,0
20251206,MIA,Jahmir Young,7:39,0,1,1,1,0.0,1,1
20251206,LAC,James Harden,38:57,34,5,6,18,0.556,4,4
20251206,LAC,Ivica Zubac,38:25,15,13,2,14,0.5,0,3
20251206,LAC,Kris Dunn,36:17,8,6,4,11,0.273,3,1
20251206,LAC,Kawhi Leonard,31:22,20,3,2,17,0.471,0,0
20251206,LAC,John Collins,29:40,12,2,0,7,0.714,1,0
20251206,LAC,Bogdan Bogdanović,22:51,9,1,2,7,0.571,0,0
20251206,LAC,Nicolas Batum,17:25,3,4,0,3,0.333,0,0
20251206,LAC,Kobe Sanders,15:31,2,1,0,3,0.333,0,1
20251206,LAC,Brook Lopez,9:32,3,0,0,5,0.2,0,1
20251206,MIN,Anthony Edwards,37:12,15,6,4,11,0.273,1,5
20251206,MIN,Jaden McDaniels,37:05,27,1,2,13,0.769,2,2
20251206,MIN,Rudy Gobert,32:42,4,7,2,1,1.0,0,2
20251206,MIN,Julius Randle,32:40,24,3,6,15,0.4,0,2
20251206,MIN,Donte DiVincenzo,24:41,5,4,4,6,0.333,1,0
20251206,MIN,Naz Reid,27:53,19,9,3,11,0.636,0,2
20251206,MIN,Mike Conley,18:00,5,2,0,2,0.5,1,0
20251206,MIN,Jaylen Clark,16:15,8,3,0,5,0.6,1,0
20251206,MIN,Rob Dillingham,8:37,0,0,2,1,0.0,0,0
20251206,MIN,Terrence Shannon Jr.,4:52,2,0,0,3,0.333,0,0
20251206,MIN,Joe Ingles,0:03,0,0,0,0,,0,0
20251206,HOU,Jabari Smith Jr.,40:54,22,8,3,19,0.526,1,1
20251206,HOU,Amen Thompson,33:04,7,6,6,11,0.182,3,6
20251206,HOU,Kevin Durant,31:16,27,1,3,20,0.55,0,1
20251206,HOU,Clint Capela,29:57,8,8,1,7,0.571,0,2
20251206,HOU,Josh Okogie,23:20,7,6,0,3,0.667,2,2
20251206,HOU,Aaron Holiday,26:47,19,2,0,12,0.583,1,2
20251206,HOU,Reed Sheppard,20:14,12,2,3,8,0.625,0,3
20251206,HOU,Jae'Sean Tate,17:16,5,3,3,4,0.5,1,1
20251206,HOU,JD Davison,8:40,0,1,2,1,0.0,0,0
20251206,HOU,Jeff Green,6:26,2,0,1,1,1.0,0,0
20251206,HOU,Isaiah Crawford,2:06,0,0,0,1,0.0,0,0
20251206,DAL,P.J. Washington,36:27,14,7,1,13,0.462,5,2
20251206,DAL,Cooper Flagg,35:41,19,5,3,15,0.467,2,0
20251206,DAL,Anthony Davis,30:16,29,8,2,19,0.737,2,0
20251206,DAL,Naji Marshall,28:11,15,2,2,8,0.75,1,1
20251206,DAL,Ryan Nembhard,23:15,11,1,7,7,0.714,1,2
20251206,DAL,Brandon Williams,23:06,20,1,5,12,0.667,2,0
20251206,DAL,Max Christie,22:42,6,2,0,2,0.5,0,2
20251206,DAL,Dwight Powell,17:44,4,3,0,1,1.0,0,2
20251206,DAL,D'Angelo Russell,12:55,4,1,2,3,0.333,0,3
20251206,DAL,Jaden Hardy,6:39,0,0,0,2,0.0,0,0
20251206,DAL,Moussa Cisse,1:32,0,1,0,0,,0,0
20251206,DAL,Caleb Martin,1:32,0,0,0,0,,0,0
20251207,ORL,Desmond Bane,33:37,16,6,4,15,0.467,1,0
20251207,ORL,Wendell Carter Jr.,33:27,8,7,3,8,0.25,0,0
20251207,ORL,Jalen Suggs,31:47,17,3,4,16,0.375,2,2
20251207,ORL,Paolo Banchero,24:28,16,1,2,11,0.364,0,1
20251207,ORL,Franz Wagner,7:17,7,3,1,4,0.75,1,0
20251207,ORL,Anthony Black,30:29,14,11,4,16,0.375,0,4
20251207,ORL,Tyus Jones,20:32,6,1,2,5,0.4,1,1
20251207,ORL,Tristan Da Silva,17:48,0,5,1,7,0.0,1,1
20251207,ORL,Goga Bitadze,12:29,2,3,0,1,1.0,0,0
20251207,ORL,Jonathan Isaac,10:47,4,2,0,1,1.0,0,1
20251207,ORL,Noah Penda,5:52,2,4,2,2,0.5,0,1
20251207,ORL,Jase Richardson,5:44,8,1,0,6,0.5,1,0
20251207,ORL,Jett Howard,5:43,0,1,0,2,0.0,0,0
20251207,NYK,Jalen Brunson,37:40,30,2,9,23,0.435,0,2
20251207,NYK,Mikal Bridges,34:14,12,6,7,17,0.353,1,2
20251207,NYK,Josh Hart,33:35,17,12,1,13,0.538,2,0
20251207,NYK,OG Anunoby,27:39,21,7,0,14,0.571,3,0
20251207,NYK,Mitchell Robinson,24:35,6,13,2,4,0.75,1,1
20251207,NYK,Ariel Hukporti,22:41,6,7,2,2,0.5,1,1
20251207,NYK,Miles McBride,21:16,4,1,2,7,0.143,0,1
20251207,NYK,Jordan Clarkson,17:02,0,2,0,5,0.0,0,2
20251207,NYK,Guerschon Yabusele,10:39,8,2,0,3,0.667,0,1
20251207,NYK,Tyler Kolek,8:07,2,0,1,2,0.5,0,1
20251207,NYK,Mohamed Diawara,1:16,0,0,0,1,0.0,0,0
20251207,NYK,Tosan Evbuomwan,1:16,0,0,0,0,,0,0
20251207,BOS,Jaylen Brown,38:52,30,8,5,19,0.474,1,3
20251207,BOS,Payton Pritchard,37:52,15,4,6,12,0.5,1,0
20251207,BOS,Derrick White,37:17,27,4,5,21,0.476,0,5
20251207,BOS,Neemias Queta,33:40,11,11,4,7,0.571,1,2
20251207,BOS,Jordan Walsh,25:58,9,6,0,8,0.5,3,0
20251207,BOS,Sam Hauser,26:13,9,3,0,7,0.429,1,0
20251207,BOS,Anfernee Simons,20:39,12,3,2,14,0.357,0,0
20251207,BOS,Josh Minott,10:47,3,0,2,1,1.0,0,1
20251207,BOS,Baylor Scheierman,6:16,0,1,0,1,0.0,1,0
20251207,BOS,Hugo González,2:26,5,1,0,2,1.0,0,0
20251207,TOR,Scottie Barnes,37:16,18,11,8,12,0.5,1,2
20251207,TOR,Brandon Ingram,35:13,30,4,3,20,0.55,0,4
20251207,TOR,Immanuel Quickley,31:19,11,1,5,9,0.444,1,1
20251207,TOR,Jakob Poeltl,24:49,10,4,0,9,0.444,0,0
20251207,TOR,Ja'Kobe Walter,11:53,0,0,1,2,0.0,0,1
20251207,TOR,Sandro Mamukelashvili,23:16,14,6,0,10,0.6,0,1
20251207,TOR,Jamal Shead,22:25,9,4,3,10,0.4,2,2
20251207,TOR,Ochai Agbaji,22:14,11,3,0,7,0.571,0,0
20251207,TOR,A.J. Lawson,13:27,10,5,0,8,0.5,0,0
20251207,TOR,Gradey Dick,7:28,0,2,1,0,,0,0
20251207,TOR,Collin Murray-Boyles,6:15,0,2,1,0,,0,1
20251207,TOR,Alijah Martin,4:25,0,0,0,1,0.0,1,0
20251207,DEN,Cameron Johnson,38:38,8,4,3,7,0.286,0,0
20251207,DEN,Jamal Murray,35:28,34,3,5,25,0.56,1,0
20251207,DEN,Nikola Jokić,34:50,28,9,11,16,0.688,1,4
20251207,DEN,Peyton Watson,30:25,10,8,1,9,0.444,0,4
20251207,DEN,Spencer Jones,24:37,8,2,1,5,0.6,2,1
20251207,DEN,Tim Hardaway Jr.,26:55,14,1,2,6,0.5,2,0
20251207,DEN,Bruce Brown,19:54,0,0,0,3,0.0,0,0
20251207,DEN,Jalen Pickett,16:03,5,4,3,3,0.667,1,0
20251207,DEN,Jonas Valančiūnas,13:10,8,4,3,9,0.444,1,1
20251207,CHO,Miles Bridges,36:54,24,9,8,19,0.526,1,3
20251207,CHO,Kon Knueppel,33:28,14,4,4,13,0.385,1,2
20251207,CHO,Brandon Miller,29:32,17,5,5,19,0.263,1,5
20251207,CHO,KJ Simpson,29:18,16,5,1,14,0.429,1,0
20251207,CHO,Ryan Kalkbrenner,24:31,6,6,0,4,0.75,0,1
20251207,CHO,Sion James,25:52,7,2,1,6,0.333,1,1
20251207,CHO,Mason Plumlee,21:55,4,6,2,2,0.5,1,1
20251207,CHO,Liam McNeeley,19:33,13,4,2,5,0.8,1,0
20251207,CHO,Tidjane Salaün,15:51,5,6,1,3,0.667,0,0
20251207,CHO,Antonio Reeves,3:07,0,0,0,0,,0,0
20251207,POR,Toumani Camara,32:44,13,6,1,13,0.385,3,3
20251207,POR,Jerami Grant,32:08,21,7,3,16,0.313,0,2
20251207,POR,Deni Avdija,30:43,17,7,7,14,0.5,3,5
20251207,POR,Sidy Cissoko,23:41,6,4,0,6,0.333,0,4
20251207,POR,Yang Hansen,19:13,4,5,2,5,0.4,0,2
20251207,POR,Shaedon Sharpe,26:41,17,2,2,11,0.455,1,6
20251207,POR,Kris Murray,21:51,2,3,1,1,1.0,1,0
20251207,POR,Caleb Love,20:07,4,2,3,7,0.286,0,2
20251207,POR,Duop Reath,19:03,12,2,1,6,0.667,0,1
20251207,POR,Rayan Rupert,10:34,0,1,0,3,0.0,0,0
20251207,POR,Javonte Cooke,3:15,0,1,1,1,0.0,0,0
20251207,MEM,Jaylen Wells,25:40,16,5,3,8,0.5,2,0
20251207,MEM,Cedric Coward,24:39,11,6,3,12,0.417,0,3
20251207,MEM,Jaren Jackson Jr.,23:50,6,3,4,10,0.3,3,1
20251207,MEM,Zach Edey,21:56,12,10,3,11,0.455,0,6
20251207,MEM,Vince Williams Jr.,16:13,5,2,0,6,0.333,0,3
20251207,MEM,Cam Spencer,31:47,12,3,6,9,0.444,4,4
20251207,MEM,Santi Aldama,28:08,22,7,1,11,0.636,2,0
20251207,MEM,Kentavious Caldwell-Pope,23:21,16,2,5,8,0.625,2,2
20251207,MEM,Jock Landale,21:01,15,8,2,7,0.571,2,3
20251207,MEM,John Konchar,17:19,2,3,1,4,0.25,3,0
20251207,MEM,Olivier-Maxence Prosper,3:03,2,2,0,2,0.0,0,0
20251207,MEM,Jahmai Mashack,3:03,0,0,0,1,0.0,0,0
20251207,GSW,Jimmy Butler,28:48,19,8,6,10,0.5,2,2
20251207,GSW,Pat Spencer,27:10,12,5,6,10,0.6,1,4
20251207,GSW,Quinten Post,26:00,19,4,1,14,0.5,1,0
20251207,GSW,Will Richard,24:11,9,4,0,5,0.6,1,0
20251207,GSW,Buddy Hield,22:26,9,7,1,10,0.4,1,1
20251207,GSW,Brandin Podziemski,28:55,21,8,7,13,0.538,2,3
20251207,GSW,Trayce Jackson-Davis,22:01,4,3,2,2,1.0,0,0
20251207,GSW,Gui Santos,19:34,6,7,2,8,0.375,1,2
20251207,GSW,Moses Moody,19:14,11,4,1,6,0.5,0,0
20251207,GSW,De'Anthony Melton,17:25,13,1,1,9,0.444,2,3
20251207,GSW,Gary Payton II,4:17,0,0,0,1,0.0,0,0
20251207,CHI,Josh Giddey,34:57,18,3,5,15,0.4,1,4
20251207,CHI,Ayo Dosunmu,27:20,4,4,5,6,0.167,0,1
20251207,CHI,Coby White,24:37,12,1,1,10,0.3,0,4
20251207,CHI,Matas Buzelis,24:32,16,3,1,12,0.583,3,2
20251207,CHI,Nikola Vučević,24:20,9,6,3,13,0.308,1,2
20251207,CHI,Jevon Carter,21:42,13,1,2,8,0.5,3,1
20251207,CHI,Patrick Williams,20:11,3,6,2,6,0.167,2,0
20251207,CHI,Zach Collins,18:50,3,4,1,7,0.143,0,0
20251207,CHI,Dalen Terry,17:38,4,3,3,3,0.667,2,0
20251207,CHI,Julian Phillips,12:22,5,2,1,3,0.333,0,0
20251207,CHI,Lachlan Olbrich,4:50,0,3,0,1,0.0,0,0
20251207,CHI,Trentyn Flowers,4:21,4,1,0,3,0.667,0,1
20251207,CHI,Emanuel Miller,4:21,0,1,0,2,0.0,0,0
20251207,LAL,Austin Reaves,39:08,11,4,4,16,0.188,1,2
20251207,LAL,Luka Dončić,38:57,31,15,11,24,0.375,0,5
20251207,LAL,Rui Hachimura,36:06,17,6,1,12,0.583,0,0
20251207,LAL,LeBron James,34:12,29,7,6,17,0.706,1,2
20251207,LAL,Deandre Ayton,31:25,14,12,2,7,1.0,1,0
20251207,LAL,Gabe Vincent,19:07,3,1,0,3,0.333,0,0
20251207,LAL,Jake LaRavia,17:02,4,2,0,4,0.25,0,1
20251207,LAL,Jaxson Hayes,16:31,3,5,0,1,1.0,0,0
20251207,LAL,Adou Thiero,4:24,0,0,0,0,,0,0
20251207,LAL,Jarred Vanderbilt,3:08,0,0,1,1,0.0,0,0
20251207,PHI,Tyrese Maxey,38:48,28,7,9,24,0.458,2,4
20251207,PHI,VJ Edgecombe,37:49,15,5,3,13,0.385,0,1
20251207,PHI,Paul George,32:09,12,6,3,8,0.375,1,1
20251207,PHI,Joel Embiid,30:16,16,7,2,21,0.19,1,0
20251207,PHI,Dominick Barlow,23:51,7,4,0,7,0.286,1,0
20251207,PHI,Quentin Grimes,29:15,7,8,3,7,0.286,0,0
20251207,PHI,Andre Drummond,17:44,11,12,0,11,0.455,0,0
20251207,PHI,Jabari Walker,17:13,4,4,0,4,0.25,0,0
20251207,PHI,Jared McCain,12:55,8,1,1,7,0.429,0,0
20251207,OKC,Ajay Mitchell,28:45,7,2,4,5,0.4,0,1
20251207,OKC,Cason Wallace,25:24,6,2,4,5,0.4,5,1
20251207,OKC,Jalen Williams,25:02,25,3,8,19,0.579,2,0
20251207,OKC,Jaylin Williams,23:47,5,6,4,7,0.286,1,2
20251207,OKC,Chet Holmgren,22:35,25,9,1,15,0.8,1,3
20251207,OKC,Ousmane Dieng,25:52,14,2,3,7,0.714,0,0
20251207,OKC,Kenrich Williams,24:23,11,7,6,7,0.571,0,2
20251207,OKC,Branden Carlson,24:13,13,6,0,9,0.556,0,1
20251207,OKC,Aaron Wiggins,20:06,19,3,1,9,0.667,0,2
20251207,OKC,Brooks Barnhizer,11:30,3,1,0,2,0.5,0,1
20251207,OKC,Chris Youngblood,8:23,3,3,1,3,0.333,0,0
20251207,UTA,Kyle Filipowski,36:13,21,10,2,14,0.714,3,1
20251207,UTA,Svi Mykhailiuk,33:21,6,1,1,3,0.667,2,3
20251207,UTA,Ace Bailey,32:12,13,1,4,14,0.357,1,3
20251207,UTA,Keyonte George,27:49,8,6,3,12,0.25,0,6
20251207,UTA,Jusuf Nurkić,19:49,7,8,2,9,0.333,0,1
20251207,UTA,Walter Clayton,29:17,20,2,9,12,0.667,0,2
20251207,UTA,Taylor Hendricks,24:44,20,5,1,10,0.6,0,0
20251207,UTA,Kevin Love,15:59,0,2,2,3,0.0,0,1
20251207,UTA,Cody Williams,8:23,4,2,0,4,0.5,0,0
20251207,UTA,Brice Sensabaugh,6:06,2,0,0,3,0.333,0,0
20251207,UTA,Isaiah Collier,6:06,0,0,1,1,0.0,0,0
20251208,SAC,Russell Westbrook,40:18,24,12,14,16,0.625,2,3
20251208,SAC,Zach LaVine,38:00,16,2,3,13,0.462,1,5
20251208,SAC,Keegan Murray,37:27,8,11,2,11,0.273,0,2
20251208,SAC,DeMar DeRozan,36:04,20,5,3,16,0.5,1,1
20251208,SAC,Maxime Raynaud,23:14,13,8,3,8,0.625,0,3
20251208,SAC,Precious Achiuwa,20:58,11,5,2,9,0.556,2,0
20251208,SAC,Keon Ellis,15:08,3,1,0,3,0.333,0,0
20251208,SAC,Nique Clifford,14:08,7,2,0,6,0.5,0,2
20251208,SAC,Malik Monk,9:10,0,4,1,5,0.0,0,2
20251208,SAC,Drew Eubanks,5:33,3,1,0,1,0.0,0,1
20251208,IND,Bennedict Mathurin,35:07,25,6,2,14,0.5,1,1
20251208,IND,Pascal Siakam,34:35,23,5,4,21,0.476,2,2
20251208,IND,Andrew Nembhard,32:44,28,4,12,18,0.556,2,3
20251208,IND,Jay Huff,31:26,8,7,2,5,0.2,2,1
20251208,IND,Ethan Thompson,27:46,6,5,0,4,0.5,2,0
20251208,IND,Jarace Walker,18:26,12,3,1,5,0.6,0,2
20251208,IND,Garrison Mathews,17:18,7,1,1,7,0.286,0,0
20251208,IND,Isaiah Jackson,16:34,0,7,0,2,0.0,3,2
20251208,IND,T.J. McConnell,15:37,4,1,3,9,0.222,0,1
20251208,IND,Johnny Furphy,10:27,3,2,0,2,0.5,2,1
20251208,PHO,Collin Gillespie,33:09,19,6,4,15,0.4,0,1
20251208,PHO,Royce O'Neale,32:54,11,8,5,6,0.667,2,2
20251208,PHO,Grayson Allen,32:43,12,3,4,16,0.313,2,2
20251208,PHO,Dillon Brooks,30:45,18,2,2,20,0.35,0,2
20251208,PHO,Mark Williams,28:35,22,7,3,9,0.778,2,0
20251208,PHO,Jordan Goodwin,25:54,9,3,1,8,0.5,1,1
20251208,PHO,Ryan Dunn,24:19,2,8,4,8,0.125,0,0
20251208,PHO,Oso Ighodaro,19:16,10,5,2,6,0.833,1,1
20251208,PHO,Jamaree Bouyea,12:25,5,1,1,2,1.0,0,0
20251208,MIN,Jaden McDaniels,39:53,4,6,3,7,0.143,0,1
20251208,MIN,Anthony Edwards,38:03,40,9,2,21,0.714,1,1
20251208,MIN,Julius Randle,37:17,21,3,8,11,0.636,0,3
20251208,MIN,Donte DiVincenzo,27:22,2,4,4,7,0.143,1,3
20251208,MIN,Rudy Gobert,20:59,15,8,1,9,0.778,1,0
20251208,MIN,Naz Reid,30:07,6,9,0,12,0.167,1,1
20251208,MIN,Bones Hyland,15:47,14,1,3,8,0.625,1,3
20251208,MIN,Mike Conley,15:18,0,2,4,5,0.0,0,1
20251208,MIN,Jaylen Clark,11:31,3,2,1,2,0.5,0,0
20251208,MIN,Terrence Shannon Jr.,3:38,0,2,0,1,0.0,0,0
20251208,MIN,Joe Ingles,0:06,0,0,0,0,,0,0
20251208,SAS,Harrison Barnes,35:07,24,2,1,15,0.6,0,2
20251208,SAS,De'Aaron Fox,30:26,14,4,7,11,0.364,1,4
20251208,SAS,Devin Vassell,27:14,5,3,3,5,0.2,0,0
20251208,SAS,Luke Kornet,25:39,6,8,1,6,0.5,0,1
20251208,SAS,Stephon Castle,23:03,18,5,5,15,0.333,0,3
20251208,SAS,Julian Champagnie,28:53,17,6,3,9,0.556,2,0
20251208,SAS,Dylan Harper,25:51,22,3,6,16,0.625,0,2
20251208,SAS,Keldon Johnson,16:43,12,6,2,8,0.625,0,0
20251208,SAS,Kelly Olynyk,14:56,11,2,1,7,0.571,2,0
20251208,SAS,Carter Bryant,8:24,4,1,0,4,0.5,0,0
20251208,SAS,Jeremy Sochan,3:44,2,3,0,2,0.5,0,1
20251208,NOP,Trey Murphy III,37:48,32,3,4,21,0.619,2,1
20251208,NOP,Saddiq Bey,36:14,17,6,2,11,0.636,0,0
20251208,NOP,Derik Queen,33:07,33,10,10,15,0.733,0,4
20251208,NOP,Herbert Jones,25:40,17,6,4,10,0.6,4,0
20251208,NOP,Jeremiah Fears,20:42,5,3,4,8,0.25,1,2
20251208,NOP,Jose Alvarado,31:11,10,3,6,7,0.571,1,1
20251208,NOP,Bryce McGowens,23:31,8,1,2,5,0.6,0,0
20251208,NOP,Micah Peavy,13:14,4,1,0,7,0.286,0,0
20251208,NOP,Yves Missi,7:38,2,0,1,1,1.0,0,0
20251208,NOP,Karlo Matković,7:16,4,0,2,2,1.0,0,0
20251208,NOP,Jordan Hawkins,3:39,0,0,0,1,0.0,0,1
20251209,MIA,Davion Mitchell,37:12,11,2,9,8,0.5,1,2
20251209,MIA,Bam Adebayo,35:33,19,8,2,14,0.5,1,0
20251209,MIA,Andrew Wiggins,35:25,19,2,2,14,0.571,1,1
20251209,MIA,Tyler Herro,34:27,20,7,3,17,0.412,0,1
20251209,MIA,Norman Powell,34:00,21,7,2,19,0.421,3,1
20251209,MIA,Jaime Jaquez Jr.,24:26,10,3,3,12,0.417,0,1
20251209,MIA,Kel'el Ware,12:27,4,6,0,1,1.0,0,0
20251209,MIA,Pelle Larsson,10:31,2,2,1,2,0.5,0,1
20251209,MIA,Dru Smith,8:06,2,2,1,1,1.0,2,0
20251209,MIA,Simone Fontecchio,7:53,0,0,2,5,0.0,0,1
20251209,ORL,Desmond Bane,38:02,37,6,5,24,0.583,1,1
20251209,ORL,Anthony Black,34:03,10,3,7,15,0.333,1,2
20251209,ORL,Paolo Banchero,32:00,18,7,4,13,0.385,0,3
20251209,ORL,Jalen Suggs,31:00,20,3,4,13,0.538,2,4
20251209,ORL,Wendell Carter Jr.,30:54,14,10,3,8,0.75,1,0
20251209,ORL,Tristan Da Silva,27:42,11,7,2,9,0.444,0,3
20251209,ORL,Goga Bitadze,17:06,7,6,1,4,0.75,0,2
20251209,ORL,Tyus Jones,17:00,0,2,4,1,0.0,0,1
20251209,ORL,Jonathan Isaac,12:13,0,3,0,0,,0,0
20251209,NYK,Jalen Brunson,39:12,35,3,4,19,0.684,0,3
20251209,NYK,Josh Hart,36:14,21,6,4,11,0.727,2,3
20251209,NYK,Mikal Bridges,36:05,15,5,4,14,0.429,2,0
20251209,NYK,OG Anunoby,35:59,13,6,1,11,0.364,2,3
20251209,NYK,Karl-Anthony Towns,30:48,14,16,1,11,0.364,1,1
20251209,NYK,Jordan Clarkson,26:22,12,3,0,10,0.5,0,1
20251209,NYK,Mitchell Robinson,15:59,2,5,4,0,,1,2
20251209,NYK,Tyler Kolek,7:31,2,1,1,1,1.0,1,0
20251209,NYK,Guerschon Yabusele,6:58,0,2,0,1,0.0,0,0
20251209,NYK,Kevin McCullar Jr.,1:13,3,1,0,1,1.0,0,0
20251209,NYK,Mohamed Diawara,1:13,0,0,0,1,0.0,0,0
20251209,NYK,Tosan Evbuomwan,1:13,0,0,0,0,,0,0
20251209,NYK,Ariel Hukporti,1:13,0,0,0,0,,0,0
20251209,TOR,Brandon Ingram,38:37,31,6,6,18,0.611,2,3
20251209,TOR,Scottie Barnes,37:27,13,5,4,18,0.333,2,2
20251209,TOR,Jamal Shead,33:33,18,3,8,15,0.4,1,1
20251209,TOR,Ochai Agbaji,25:38,3,4,1,4,0.25,1,0
20251209,TOR,Jakob Poeltl,24:49,10,9,3,7,0.714,2,2
20251209,TOR,Collin Murray-Boyles,21:31,6,5,3,6,0.5,0,1
20251209,TOR,Ja'Kobe Walter,18:20,13,1,0,8,0.625,0,0
20251209,TOR,Sandro Mamukelashvili,15:00,2,2,1,4,0.25,1,1
20251209,TOR,Chucky Hepburn,8:23,0,0,2,3,0.0,0,1
20251209,TOR,Gradey Dick,7:35,0,1,0,3,0.0,0,2
20251209,TOR,A.J. Lawson,2:53,2,0,0,2,0.0,0,0
20251209,TOR,Jonathan Mogbo,2:05,3,1,0,1,1.0,0,0
20251209,TOR,Alijah Martin,2:05,0,0,0,0,,0,0
20251209,TOR,Garrett Temple,2:05,0,0,0,1,0.0,0,0
20251210,PHO,Royce O'Neale,26:27,4,4,1,7,0.286,2,5
20251210,PHO,Dillon Brooks,26:17,16,2,1,16,0.25,0,0
20251210,PHO,Collin Gillespie,25:34,2,4,3,5,0.2,3,4
20251210,PHO,Grayson Allen,21:53,10,1,4,9,0.333,1,1
20251210,PHO,Mark Williams,19:02,9,5,1,5,0.4,1,0
20251210,PHO,Jamaree Bouyea,28:12,14,2,6,9,0.667,1,2
20251210,PHO,Oso Ighodaro,19:04,6,5,3,7,0.429,0,1
20251210,PHO,Jordan Goodwin,18:53,15,3,1,12,0.5,2,2
20251210,PHO,Ryan Dunn,16:15,4,2,2,4,0.5,1,3
20251210,PHO,Nigel Hayes-Davis,12:00,0,1,0,2,0.0,0,0
20251210,PHO,Rasheer Fleming,9:35,7,0,0,5,0.6,1,0
20251210,PHO,Khaman Maluach,9:35,2,3,1,3,0.333,0,0
20251210,PHO,Nick Richards,7:13,0,5,1,0,,0,2
20251210,OKC,Shai Gilgeous-Alexander,26:50,28,2,8,15,0.733,2,4
20251210,OKC,Chet Holmgren,24:38,24,8,2,13,0.692,0,0
20251210,OKC,Jalen Williams,22:49,15,5,5,8,0.625,1,3
20251210,OKC,Luguentz Dort,21:40,12,4,1,8,0.5,0,0
20251210,OKC,Cason Wallace,18:38,9,4,2,5,0.8,4,0
20251210,OKC,Aaron Wiggins,21:47,6,3,1,7,0.286,2,2
20251210,OKC,Jaylin Williams,21:24,2,6,6,3,0.333,1,0
20251210,OKC,Ajay Mitchell,18:43,9,2,4,5,0.6,1,1
20251210,OKC,Kenrich Williams,17:10,5,2,1,7,0.286,0,2
20251210,OKC,Alex Caruso,12:46,3,1,1,3,0.333,3,2
20251210,OKC,Branden Carlson,12:00,11,2,0,5,1.0,0,0
20251210,OKC,Ousmane Dieng,12:00,11,3,0,6,0.667,0,0
20251210,OKC,Chris Youngblood,9:35,3,1,1,3,0.333,0,0
20251210,SAS,Luke Kornet,33:01,10,8,1,3,0.333,0,0
20251210,SAS,Harrison Barnes,32:33,16,3,1,12,0.417,1,1
20251210,SAS,De'Aaron Fox,31:29,20,4,3,17,0.471,2,1
20251210,SAS,Devin Vassell,30:45,8,4,5,10,0.2,3,1
20251210,SAS,Stephon Castle,26:34,30,10,6,14,0.714,0,4
20251210,SAS,Julian Champagnie,28:44,16,7,2,8,0.75,1,1
20251210,SAS,Keldon Johnson,22:11,17,8,0,9,0.556,1,0
20251210,SAS,Dylan Harper,20:13,13,3,3,12,0.5,1,2
20251210,SAS,Kelly Olynyk,12:12,2,2,4,1,0.0,0,0
20251210,SAS,Jordan McLaughlin,1:09,0,0,0,0,,0,0
20251210,SAS,Lindy Waters III,1:09,0,1,0,0,,0,0
20251210,LAL,Luka Dončić,40:56,35,5,8,24,0.458,1,3
20251210,LAL,Austin Reaves,39:49,15,8,7,16,0.375,0,3
20251210,LAL,LeBron James,36:26,19,15,8,14,0.5,0,3
20251210,LAL,Rui Hachimura,30:50,8,1,1,4,0.75,0,0
20251210,LAL,Deandre Ayton,25:39,11,8,1,9,0.556,1,0
20251210,LAL,Marcus Smart,28:13,26,3,1,16,0.563,0,1
20251210,LAL,Gabe Vincent,14:19,0,0,0,1,0.0,0,0
20251210,LAL,Jaxson Hayes,11:36,2,3,0,1,1.0,0,0
20251210,LAL,Jake LaRavia,8:45,0,0,1,1,0.0,1,1
20251210,LAL,Dalton Knecht,1:09,3,0,0,1,1.0,0,0
20251210,LAL,Bronny James,1:09,0,0,0,0,,0,0
20251210,LAL,Adou Thiero,1:09,0,0,0,0,,1,0
20251211,LAC,Kawhi Leonard,40:48,24,9,4,22,0.409,5,1
20251211,LAC,James Harden,40:22,22,3,7,18,0.389,3,4
20251211,LAC,Ivica Zubac,34:32,33,7,1,14,0.929,1,1
20251211,LAC,Kris Dunn,25:51,9,1,6,7,0.429,2,3
20251211,LAC,John Collins,23:32,9,0,2,7,0.429,2,2
20251211,LAC,Nicolas Batum,27:49,6,3,2,5,0.4,0,2
20251211,LAC,Bogdan Bogdanović,24:22,10,5,2,4,0.5,1,0
20251211,LAC,Brook Lopez,13:28,0,0,0,1,0.0,1,0
20251211,LAC,Kobe Sanders,9:16,0,0,1,0,,0,2
20251211,HOU,Amen Thompson,41:27,20,9,8,12,0.667,1,1
20251211,HOU,Jabari Smith Jr.,36:55,18,10,4,14,0.429,1,4
20251211,HOU,Kevin Durant,36:43,16,1,3,14,0.357,0,5
20251211,HOU,Alperen Şengün,36:02,22,15,5,22,0.409,4,5
20251211,HOU,Josh Okogie,21:02,8,3,2,6,0.5,1,0
20251211,HOU,Reed Sheppard,26:01,10,4,2,9,0.444,0,1
20251211,HOU,Steven Adams,17:55,4,6,2,4,0.5,2,1
20251211,HOU,Aaron Holiday,17:25,13,1,0,9,0.444,0,1
20251211,HOU,Clint Capela,6:30,4,2,0,3,0.667,0,0
20251211,BOS,Jordan Walsh,32:02,20,8,0,10,0.8,3,1
20251211,BOS,Payton Pritchard,30:41,11,5,7,14,0.286,0,0
20251211,BOS,Derrick White,29:18,11,2,3,12,0.25,0,4
20251211,BOS,Jaylen Brown,28:47,30,3,3,17,0.588,0,4
20251211,BOS,Neemias Queta,25:24,9,10,0,6,0.5,0,1
20251211,BOS,Anfernee Simons,26:06,7,0,2,9,0.222,1,0
20251211,BOS,Josh Minott,22:09,7,1,1,4,0.5,2,1
20251211,BOS,Sam Hauser,21:49,0,7,1,10,0.0,0,2
20251211,BOS,Hugo González,15:28,6,3,1,5,0.4,1,0
20251211,BOS,Baylor Scheierman,8:16,0,0,0,1,0.0,0,0
20251211,MIL,Kevin Porter Jr.,31:56,18,10,13,10,0.6,1,3
20251211,MIL,Kyle Kuzma,30:48,31,6,0,17,0.765,0,3
20251211,MIL,Myles Turner,28:22,4,3,0,6,0.167,0,1
20251211,MIL,Gary Trent Jr.,27:47,13,2,1,9,0.556,0,0
20251211,MIL,Ryan Rollins,25:42,10,2,7,10,0.4,2,3
20251211,MIL,Gary Harris,32:34,0,2,2,3,0.0,0,1
20251211,MIL,Bobby Portis,26:20,27,10,0,13,0.846,1,0
20251211,MIL,Cole Anthony,18:54,9,3,5,6,0.667,1,2
20251211,MIL,Jericho Sims,10:05,2,1,0,2,0.5,0,2
20251211,MIL,Pete Nance,1:53,2,1,0,2,0.5,0,0
20251211,MIL,Thanasis Antetokounmpo,1:53,0,0,0,1,0.0,0,0
20251211,MIL,Amir Coffey,1:53,0,0,0,0,,0,0
20251211,MIL,Andre Jackson Jr.,1:53,0,0,0,0,,0,0
20251211,POR,Deni Avdija,31:57,16,6,6,15,0.333,1,2
20251211,POR,Jerami Grant,30:49,16,5,1,19,0.316,0,3
20251211,POR,Kris Murray,28:33,7,9,1,6,0.333,2,2
20251211,POR,Toumani Camara,27:49,15,4,5,10,0.5,1,1
20251211,POR,Shaedon Sharpe,27:15,21,3,3,14,0.571,0,2
20251211,POR,Sidy Cissoko,31:59,20,4,2,12,0.667,0,0
20251211,POR,Rayan Rupert,23:40,14,6,3,11,0.545,1,1
20251211,POR,Caleb Love,21:44,9,1,4,9,0.444,0,2
20251211,POR,Duop Reath,12:30,2,2,1,5,0.2,0,1
20251211,POR,Javonte Cooke,3:44,0,1,1,1,0.0,0,1
20251211,NOP,Derik Queen,34:40,17,5,7,12,0.667,2,0
20251211,NOP,Trey Murphy III,31:04,24,6,4,14,0.714,3,1
20251211,NOP,Saddiq Bey,29:26,15,8,5,14,0.357,0,1
20251211,NOP,Jeremiah Fears,25:07,19,7,4,14,0.643,1,3
20251211,NOP,Herbert Jones,14:27,4,5,0,8,0.25,0,0
20251211,NOP,Bryce McGowens,29:52,23,7,2,11,0.727,2,0
20251211,NOP,Jordan Poole,25:48,22,1,3,19,0.421,1,1
20251211,NOP,Jose Alvarado,22:52,4,5,9,8,0.25,0,2
20251211,NOP,Yves Missi,13:21,5,8,0,4,0.5,1,0
20251211,NOP,Micah Peavy,10:30,5,3,1,3,0.667,0,0
20251211,NOP,Jordan Hawkins,1:27,3,0,0,3,0.333,0,0
20251211,NOP,Karlo Matković,1:27,2,2,1,2,0.5,0,0
20251211,DEN,Cameron Johnson,32:34,16,3,1,13,0.462,1,1
20251211,DEN,Nikola Jokić,29:03,36,12,8,16,0.875,2,1
20251211,DEN,Jamal Murray,25:42,11,3,9,13,0.308,2,1
20251211,DEN,Peyton Watson,22:49,21,2,1,10,0.7,0,2
20251211,DEN,Spencer Jones,21:46,2,3,1,1,1.0,0,0
20251211,DEN,Bruce Brown,26:14,8,5,7,5,0.4,1,3
20251211,DEN,Jalen Pickett,24:58,6,5,4,6,0.333,2,2
20251211,DEN,Tim Hardaway Jr.,24:42,11,5,2,11,0.455,0,0
20251211,DEN,Jonas Valančiūnas,18:57,15,6,2,7,1.0,0,2
20251211,DEN,Hunter Tyson,7:04,8,0,0,4,0.75,0,0
20251211,DEN,Zeke Nnaji,6:11,2,2,0,2,0.5,1,0
20251211,SAC,Maxime Raynaud,36:36,15,9,1,13,0.538,1,1
20251211,SAC,Nique Clifford,28:24,2,4,0,8,0.125,0,4
20251211,SAC,Keegan Murray,27:31,15,6,1,13,0.538,2,1
20251211,SAC,Russell Westbrook,26:40,17,3,5,11,0.455,0,2
20251211,SAC,DeMar DeRozan,21:11,11,3,1,7,0.571,1,0
20251211,SAC,Keon Ellis,31:22,8,2,4,9,0.333,4,1
20251211,SAC,Malik Monk,30:07,18,4,5,11,0.455,1,5
20251211,SAC,Devin Carter,21:06,15,1,4,10,0.5,0,2
20251211,SAC,Precious Achiuwa,9:55,4,6,0,4,0.5,0,0
20251211,SAC,Drew Eubanks,3:51,0,0,0,0,,0,0
20251211,SAC,Doug McDermott,3:17,0,0,0,1,0.0,0,0
20251212,CHI,Josh Giddey,34:13,26,7,11,17,0.588,1,3
20251212,CHI,Coby White,29:39,20,5,2,15,0.4,0,2
20251212,CHI,Isaac Okoro,26:10,15,3,1,11,0.636,0,0
20251212,CHI,Matas Buzelis,23:42,10,0,1,8,0.625,0,0
20251212,CHI,Nikola Vučević,21:38,13,3,4,8,0.75,0,1
20251212,CHI,Patrick Williams,26:10,16,5,1,8,0.75,1,2
20251212,CHI,Tre Jones,24:58,6,2,5,9,0.333,0,1
20251212,CHI,Zach Collins,19:55,16,8,2,7,0.857,0,1
20251212,CHI,Jalen Smith,16:48,5,10,1,9,0.222,1,0
20251212,CHI,Dalen Terry,13:33,2,1,1,2,0.5,0,1
20251212,CHI,Julian Phillips,3:14,0,0,0,0,,0,0
20251212,CHO,Kon Knueppel,36:03,33,5,9,21,0.571,0,2
20251212,CHO,Brandon Miller,34:12,18,5,4,22,0.364,1,3
20251212,CHO,Miles Bridges,33:56,32,2,7,20,0.65,0,0
20251212,CHO,Ryan Kalkbrenner,31:07,10,6,2,6,0.833,0,1
20251212,CHO,KJ Simpson,25:18,10,5,3,9,0.444,1,1
20251212,CHO,Sion James,25:52,14,4,1,9,0.556,0,1
20251212,CHO,Josh Green,17:23,2,0,1,2,0.5,1,0
20251212,CHO,Tidjane Salaün,17:19,5,2,3,5,0.4,2,0
20251212,CHO,Moussa Diabaté,12:40,2,3,0,2,0.5,0,0
20251212,CHO,Drew Peterson,6:10,0,0,0,1,0.0,0,0
20251212,ATL,Jalen Johnson,33:34,19,11,12,19,0.368,2,6
20251212,ATL,Dyson Daniels,33:34,18,10,5,10,0.6,1,3
20251212,ATL,Nickeil Alexander-Walker,30:32,22,2,0,14,0.429,0,2
20251212,ATL,Onyeka Okongwu,27:57,14,3,3,10,0.4,2,5
20251212,ATL,Zaccharie Risacher,27:24,10,3,2,8,0.625,2,2
20251212,ATL,Vít Krejčí,28:33,8,2,2,7,0.429,2,2
20251212,ATL,Mouhamed Gueye,17:07,8,2,0,5,0.4,0,0
20251212,ATL,Asa Newell,16:35,10,3,1,5,0.8,0,0
20251212,ATL,Luke Kennard,15:17,0,0,3,2,0.0,0,0
20251212,ATL,Keaton Wallace,9:28,6,1,0,5,0.4,0,0
20251212,DET,Jalen Duren,24:16,14,7,2,10,0.6,1,0
20251212,DET,Cade Cunningham,22:30,15,1,6,10,0.5,2,1
20251212,DET,Duncan Robinson,21:10,15,4,2,10,0.5,0,1
20251212,DET,Ausar Thompson,21:07,12,6,1,9,0.556,2,3
20251212,DET,Tobias Harris,21:05,9,3,1,9,0.444,3,1
20251212,DET,Ron Holland,24:33,12,5,3,3,1.0,1,2
20251212,DET,Caris LeVert,23:03,10,1,8,6,0.5,2,1
20251212,DET,Isaiah Stewart,21:09,17,5,5,9,0.778,0,0
20251212,DET,Javonte Green,20:06,9,1,0,7,0.429,3,0
20251212,DET,Jaden Ivey,18:42,10,2,4,8,0.625,2,1
20251212,DET,Daniss Jenkins,13:12,8,2,1,4,0.5,0,1
20251212,DET,Paul Reed,4:57,4,3,0,3,0.667,0,1
20251212,DET,Marcus Sasser,4:10,7,0,1,3,1.0,0,0
20251212,IND,Andrew Nembhard,35:12,18,5,7,15,0.4,1,2
20251212,IND,Pascal Siakam,33:48,20,5,2,18,0.444,1,1
20251212,IND,Ethan Thompson,32:46,12,2,3,10,0.4,0,0
20251212,IND,Bennedict Mathurin,29:47,7,5,2,8,0.25,0,1
20251212,IND,Jay Huff,27:32,13,4,2,12,0.333,0,0
20251212,IND,Garrison Mathews,23:22,8,4,2,6,0.333,0,0
20251212,IND,Jarace Walker,18:12,3,7,1,4,0.25,1,2
20251212,IND,T.J. McConnell,17:12,15,2,5,11,0.636,2,0
20251212,IND,Isaiah Jackson,11:47,7,9,1,8,0.375,0,1
20251212,IND,Tony Bradley,8:41,2,2,1,2,0.5,1,0
20251212,IND,Johnny Furphy,1:41,0,1,0,2,0.0,0,0
20251212,PHI,VJ Edgecombe,39:28,22,4,5,10,0.6,2,0
20251212,PHI,Quentin Grimes,38:56,10,9,4,9,0.333,1,1
20251212,PHI,Dominick Barlow,34:18,10,8,1,8,0.5,0,0
20251212,PHI,Paul George,33:07,23,6,5,17,0.471,1,4
20251212,PHI,Joel Embiid,31:56,39,9,3,23,0.522,1,3
20251212,PHI,Justin Edwards,18:37,0,2,3,5,0.0,0,0
20251212,PHI,Andre Drummond,16:04,0,9,1,1,0.0,0,1
20251212,PHI,Jared McCain,13:52,5,1,0,6,0.333,1,1
20251212,PHI,Jabari Walker,13:42,6,2,0,0,,0,2
20251212,CLE,Evan Mobley,36:14,23,13,6,17,0.412,0,0
20251212,CLE,Darius Garland,35:19,18,3,6,17,0.353,2,2
20251212,CLE,Donovan Mitchell,35:14,48,4,4,31,0.548,2,3
20251212,CLE,Jaylon Tyson,30:54,13,6,3,5,0.6,0,0
20251212,CLE,De'Andre Hunter,27:07,15,4,0,14,0.286,0,0
20251212,CLE,Lonzo Ball,24:04,5,3,2,6,0.167,3,0
20251212,CLE,Dean Wade,22:40,2,5,2,2,0.0,2,0
20251212,CLE,Craig Porter Jr.,10:48,4,5,4,2,1.0,2,1
20251212,CLE,Nae'Qwan Tomlin,10:05,0,3,1,2,0.0,0,0
20251212,CLE,Thomas Bryant,7:35,2,2,0,1,1.0,0,1
20251212,WAS,Bub Carrington,41:28,27,6,8,20,0.5,1,3
20251212,WAS,CJ McCollum,36:39,27,4,6,20,0.45,1,1
20251212,WAS,Marvin Bagley III,33:17,15,13,4,10,0.6,0,2
20251212,WAS,Kyshawn George,26:20,15,2,3,10,0.5,1,2
20251212,WAS,Justin Champagnie,17:54,3,7,1,4,0.25,1,0
20251212,WAS,Jamir Watkins,29:29,15,8,1,7,0.857,0,2
20251212,WAS,Will Riley,23:26,7,3,4,2,0.5,1,2
20251212,WAS,Tre Johnson,16:44,3,1,1,6,0.167,1,1
20251212,WAS,Tristan Vukcevic,14:43,14,5,1,7,0.429,0,3
20251212,UTA,Lauri Markkanen,35:36,26,9,2,22,0.409,1,5
20251212,UTA,Keyonte George,33:48,39,6,8,20,0.6,2,3
20251212,UTA,Ace Bailey,31:27,8,4,0,12,0.333,0,1
20251212,UTA,Jusuf Nurkić,27:30,13,17,7,9,0.667,1,1
20251212,UTA,Svi Mykhailiuk,23:41,6,3,3,5,0.4,0,1
20251212,UTA,Isaiah Collier,23:58,5,2,8,6,0.333,0,2
20251212,UTA,Kevin Love,20:24,20,8,1,15,0.533,1,0
20251212,UTA,Kyle Filipowski,18:38,2,4,1,5,0.2,0,0
20251212,UTA,Brice Sensabaugh,17:28,11,3,2,8,0.5,1,0
20251212,UTA,Walter Clayton,7:30,0,2,1,2,0.0,0,0
20251212,MEM,Santi Aldama,35:46,22,7,2,15,0.533,1,0
20251212,MEM,Jaylen Wells,32:32,19,5,1,13,0.462,1,2
20251212,MEM,Cedric Coward,29:23,17,12,6,11,0.636,0,1
20251212,MEM,Jaren Jackson Jr.,26:35,12,5,3,13,0.462,0,1
20251212,MEM,Ja Morant,25:14,21,4,10,20,0.35,0,4
20251212,MEM,Jock Landale,27:18,8,9,1,7,0.429,0,0
20251212,MEM,Cam Spencer,25:18,20,2,4,6,1.0,0,0
20251212,MEM,Kentavious Caldwell-Pope,22:29,7,2,5,10,0.3,2,1
20251212,MEM,Vince Williams Jr.,15:25,0,3,0,4,0.0,0,1
20251212,BRK,Nic Claxton,34:34,14,10,4,12,0.417,1,0
20251212,BRK,Michael Porter Jr.,34:29,34,4,3,20,0.6,0,4
20251212,BRK,Noah Clowney,32:56,11,4,4,13,0.385,2,4
20251212,BRK,Terance Mann,27:14,12,4,7,8,0.5,2,2
20251212,BRK,Egor Dёmin,18:10,3,1,1,7,0.143,2,2
20251212,BRK,Danny Wolf,26:52,17,7,1,10,0.6,1,2
20251212,BRK,Ziaire Williams,25:20,3,3,1,4,0.25,0,0
20251212,BRK,Tyrese Martin,15:30,11,3,1,7,0.571,0,1
20251212,BRK,Day'Ron Sharpe,13:26,6,6,3,3,0.333,0,1
20251212,BRK,Nolan Traoré,8:48,0,1,0,2,0.0,0,0
20251212,BRK,Drake Powell,2:41,0,0,1,0,,0,1
20251212,DAL,Cooper Flagg,34:27,22,5,8,16,0.625,1,0
20251212,DAL,Anthony Davis,32:41,24,14,3,21,0.476,3,3
20251212,DAL,Naji Marshall,32:10,17,1,4,9,0.667,1,1
20251212,DAL,P.J. Washington,24:32,13,4,2,10,0.4,1,3
20251212,DAL,Ryan Nembhard,20:48,0,2,5,4,0.0,0,3
20251212,DAL,Max Christie,33:07,15,6,3,13,0.385,2,1
20251212,DAL,Brandon Williams,26:28,9,3,5,7,0.571,1,2
20251212,DAL,Klay Thompson,20:29,12,2,2,9,0.444,0,1
20251212,DAL,Dwight Powell,15:19,7,3,1,5,0.6,1,0
20251212,MIN,Donte DiVincenzo,35:14,21,6,4,15,0.467,0,0
20251212,MIN,Rudy Gobert,35:11,24,14,1,13,0.846,2,0
20251212,MIN,Jaden McDaniels,34:46,17,5,5,15,0.533,1,3
20251212,MIN,Julius Randle,34:05,27,9,6,14,0.5,0,3
20251212,MIN,Bones Hyland,4:39,3,0,2,1,1.0,0,0
20251212,MIN,Terrence Shannon Jr.,30:29,9,4,3,7,0.429,2,2
20251212,MIN,Naz Reid,30:21,18,4,7,14,0.5,1,0
20251212,MIN,Jaylen Clark,18:41,2,1,2,3,0.333,2,0
20251212,MIN,Rob Dillingham,16:34,6,1,0,7,0.429,0,2
20251212,GSW,Jimmy Butler,36:52,15,8,5,11,0.545,1,1
20251212,GSW,Quinten Post,33:11,16,6,3,15,0.333,0,1
20251212,GSW,Stephen Curry,32:13,39,5,5,28,0.5,0,2
20251212,GSW,Pat Spencer,28:16,12,5,4,13,0.385,2,2
20251212,GSW,Buddy Hield,18:57,6,2,2,4,0.5,0,2
20251212,GSW,Brandin Podziemski,22:51,2,2,4,4,0.25,0,2
20251212,GSW,Moses Moody,22:37,11,4,2,10,0.5,3,0
20251212,GSW,De'Anthony Melton,20:12,9,2,1,6,0.333,1,1
20251212,GSW,Trayce Jackson-Davis,14:41,8,7,1,4,0.75,0,0
20251212,GSW,Gui Santos,6:28,2,1,0,1,1.0,0,1
20251212,GSW,Gary Payton II,3:42,0,0,0,0,,0,1
20251213,NYK,Mikal Bridges,42:32,16,3,3,13,0.538,0,1
20251213,NYK,OG Anunoby,40:12,24,6,4,13,0.615,3,4
20251213,NYK,Jalen Brunson,38:39,40,4,8,27,0.593,1,2
20251213,NYK,Karl-Anthony Towns,37:12,29,8,2,11,0.818,1,0
20251213,NYK,Josh Hart,31:21,12,6,6,12,0.5,3,3
20251213,NYK,Mitchell Robinson,17:26,5,9,0,2,1.0,0,0
20251213,NYK,Tyler Kolek,15:44,4,3,4,3,0.667,1,1
20251213,NYK,Jordan Clarkson,12:56,2,0,1,3,0.333,0,1
20251213,NYK,Guerschon Yabusele,3:58,0,2,0,0,,0,0
20251213,ORL,Desmond Bane,37:28,18,6,7,17,0.412,1,3
20251213,ORL,Anthony Black,36:33,12,8,4,15,0.333,1,4
20251213,ORL,Wendell Carter Jr.,35:23,14,6,2,6,0.667,4,0
20251213,ORL,Paolo Banchero,35:20,25,8,3,22,0.455,1,5
20251213,ORL,Jalen Suggs,29:28,26,2,7,16,0.625,0,2
20251213,ORL,Jett Howard,14:36,8,2,1,5,0.6,1,0
20251213,ORL,Goga Bitadze,12:37,0,3,1,0,,1,0
20251213,ORL,Tristan Da Silva,11:59,0,1,0,5,0.0,0,0
20251213,ORL,Jonathan Isaac,9:31,5,4,0,5,0.4,0,0
20251213,ORL,Tyus Jones,9:30,3,0,1,2,0.5,0,0
20251213,ORL,Jase Richardson,7:35,9,1,2,4,0.75,0,0
20251213,SAS,De'Aaron Fox,36:35,22,2,4,15,0.533,2,1
20251213,SAS,Stephon Castle,33:41,22,6,2,16,0.563,0,6
20251213,SAS,Devin Vassell,32:14,23,5,4,13,0.462,1,1
20251213,SAS,Harrison Barnes,27:03,6,4,5,10,0.2,2,1
20251213,SAS,Luke Kornet,24:22,2,8,1,3,0.333,1,0
20251213,SAS,Julian Champagnie,26:34,3,8,2,5,0.2,0,1
20251213,SAS,Dylan Harper,24:54,8,4,1,13,0.231,1,3
20251213,SAS,Victor Wembanyama,20:39,22,9,2,11,0.545,1,5
20251213,SAS,Keldon Johnson,13:58,3,6,0,4,0.25,1,1
20251213,OKC,Shai Gilgeous-Alexander,36:34,29,4,5,23,0.522,0,5
20251213,OKC,Jalen Williams,32:42,17,7,4,16,0.313,4,2
20251213,OKC,Chet Holmgren,30:28,17,7,0,8,0.375,0,1
20251213,OKC,Luguentz Dort,21:38,3,3,2,7,0.143,0,0
20251213,OKC,Isaiah Hartenstein,20:14,10,9,1,9,0.556,1,3
20251213,OKC,Cason Wallace,26:52,7,3,1,7,0.429,2,1
20251213,OKC,Ajay Mitchell,24:19,9,6,4,4,0.5,2,1
20251213,OKC,Alex Caruso,24:04,11,8,3,9,0.556,3,0
20251213,OKC,Aaron Wiggins,11:58,0,1,0,4,0.0,0,1
20251213,OKC,Jaylin Williams,11:11,6,3,0,5,0.4,1,0
20251214,WAS,Bub Carrington,36:19,11,3,5,11,0.364,1,1
20251214,WAS,Kyshawn George,35:53,9,8,9,11,0.273,1,3
20251214,WAS,CJ McCollum,34:07,18,6,2,18,0.444,0,1
20251214,WAS,Justin Champagnie,33:01,13,14,0,13,0.462,2,0
20251214,WAS,Marvin Bagley III,31:58,23,14,1,14,0.643,1,2
20251214,WAS,Will Riley,22:31,12,1,0,7,0.571,0,1
20251214,WAS,Tristan Vukcevic,16:02,6,3,0,7,0.286,0,2
20251214,WAS,Tre Johnson,15:39,14,2,2,7,0.571,0,0
20251214,WAS,Jamir Watkins,14:30,2,5,0,1,1.0,0,1
20251214,IND,Bennedict Mathurin,31:39,15,4,2,9,0.333,0,1
20251214,IND,Andrew Nembhard,30:00,7,2,6,14,0.214,0,0
20251214,IND,Pascal Siakam,28:40,11,4,4,12,0.333,1,1
20251214,IND,Jay Huff,24:51,13,4,0,9,0.556,0,0
20251214,IND,Ethan Thompson,23:54,2,0,2,4,0.0,0,0
20251214,IND,Isaiah Jackson,23:09,11,12,0,8,0.625,0,1
20251214,IND,Jarace Walker,22:12,12,3,0,13,0.385,0,1
20251214,IND,Garrison Mathews,18:37,8,1,2,5,0.4,1,0
20251214,IND,T.J. McConnell,15:28,4,4,4,4,0.5,0,4
20251214,IND,Johnny Furphy,13:29,5,4,0,3,0.667,0,0
20251214,IND,Quenton Jackson,8:01,1,3,0,3,0.0,0,0
20251214,CHO,Kon Knueppel,43:50,29,4,3,19,0.579,1,2
20251214,CHO,Miles Bridges,39:26,20,10,6,19,0.368,1,2
20251214,CHO,Brandon Miller,38:56,25,13,6,23,0.348,1,4
20251214,CHO,Sion James,37:09,9,7,3,9,0.333,0,1
20251214,CHO,Ryan Kalkbrenner,20:30,7,3,0,4,0.75,1,2
20251214,CHO,Moussa Diabaté,21:51,5,6,0,3,0.667,1,1
20251214,CHO,KJ Simpson,19:04,6,0,4,9,0.222,2,3
20251214,CHO,Josh Green,14:57,8,2,0,6,0.5,1,0
20251214,CHO,Tidjane Salaün,13:57,6,2,2,3,0.667,0,1
20251214,CHO,Mason Plumlee,10:27,4,4,4,2,1.0,1,0
20251214,CHO,Drew Peterson,4:53,0,2,0,1,0.0,0,0
20251214,CLE,Darius Garland,39:25,26,2,9,19,0.421,1,4
20251214,CLE,Donovan Mitchell,37:55,17,2,7,24,0.25,2,2
20251214,CLE,Dean Wade,31:33,14,8,2,9,0.556,1,0
20251214,CLE,De'Andre Hunter,26:32,4,4,0,7,0.143,0,1
20251214,CLE,Jarrett Allen,22:54,9,3,1,8,0.375,0,1
20251214,CLE,Jaylon Tyson,35:29,16,13,1,13,0.462,1,1
20251214,CLE,Lonzo Ball,31:54,8,5,4,8,0.375,5,2
20251214,CLE,Thomas Bryant,14:13,10,6,1,4,0.75,0,1
20251214,CLE,Nae'Qwan Tomlin,14:10,7,3,0,3,1.0,0,0
20251214,CLE,Tyrese Proctor,6:32,0,0,2,0,,0,0
20251214,CLE,Craig Porter Jr.,4:23,0,0,0,0,,0,2
20251214,PHI,Quentin Grimes,38:38,14,2,7,14,0.286,2,2
20251214,PHI,VJ Edgecombe,38:36,26,6,2,21,0.429,0,2
20251214,PHI,Paul George,33:22,35,4,3,21,0.524,0,2
20251214,PHI,Joel Embiid,30:12,22,14,1,20,0.4,1,3
20251214,PHI,Dominick Barlow,27:11,11,7,1,6,0.667,2,1
20251214,PHI,Andre Drummond,19:49,5,10,3,6,0.333,1,0
20251214,PHI,Jared McCain,17:45,0,3,5,5,0.0,2,0
20251214,PHI,Jabari Walker,17:23,4,5,1,2,0.0,1,0
20251214,PHI,Justin Edwards,8:51,0,2,1,5,0.0,1,0
20251214,PHI,Kyle Lowry,8:15,0,1,1,1,0.0,0,1
20251214,ATL,Dyson Daniels,38:42,27,10,4,19,0.684,1,3
20251214,ATL,Onyeka Okongwu,36:26,20,15,4,17,0.353,1,4
20251214,ATL,Jalen Johnson,35:04,12,10,12,17,0.294,1,2
20251214,ATL,Nickeil Alexander-Walker,34:05,12,7,6,18,0.167,1,2
20251214,ATL,Zaccharie Risacher,21:22,15,1,1,9,0.556,2,0
20251214,ATL,Vít Krejčí,25:52,19,4,1,9,0.667,1,1
20251214,ATL,Luke Kennard,20:57,5,4,2,2,0.5,0,0
20251214,ATL,Asa Newell,13:52,9,4,2,6,0.667,0,1
20251214,ATL,Mouhamed Gueye,10:38,1,1,0,1,0.0,1,2
20251214,ATL,Keaton Wallace,3:02,0,1,1,1,0.0,0,1
20251214,MIL,Kevin Porter Jr.,29:43,5,3,7,13,0.154,4,6
20251214,MIL,Gary Trent Jr.,28:55,20,2,0,14,0.5,2,2
20251214,MIL,Kyle Kuzma,27:40,13,7,3,11,0.545,0,2
20251214,MIL,Myles Turner,23:57,9,3,1,4,0.5,0,1
20251214,MIL,Ryan Rollins,22:28,11,2,5,11,0.455,0,2
20251214,MIL,Jericho Sims,30:25,7,7,1,4,0.75,0,1
20251214,MIL,Cole Anthony,20:11,2,4,1,4,0.0,1,4
20251214,MIL,Bobby Portis,16:28,10,3,1,7,0.571,1,0
20251214,MIL,Andre Jackson Jr.,15:01,2,2,1,6,0.167,0,0
20251214,MIL,Amir Coffey,9:24,0,0,0,1,0.0,0,1
20251214,MIL,Pete Nance,9:24,0,3,0,3,0.0,0,1
20251214,MIL,Gary Harris,6:24,3,1,0,1,1.0,0,0
20251214,BRK,Michael Porter Jr.,26:24,12,6,5,11,0.364,0,3
20251214,BRK,Egor Dёmin,25:34,17,3,3,8,0.75,2,2
20251214,BRK,Nic Claxton,25:34,10,3,3,8,0.625,0,2
20251214,BRK,Noah Clowney,21:50,16,3,2,9,0.444,0,2
20251214,BRK,Terance Mann,20:33,12,5,3,6,0.667,2,0
20251214,BRK,Danny Wolf,23:37,8,4,2,12,0.25,1,0
20251214,BRK,Drake Powell,23:20,13,4,3,7,0.571,1,3
20251214,BRK,Ziaire Williams,21:33,10,3,2,6,0.667,1,1
20251214,BRK,Tyrese Martin,18:03,14,1,2,8,0.625,2,0
20251214,BRK,Day'Ron Sharpe,16:52,10,8,5,6,0.667,4,0
20251214,BRK,Nolan Traoré,9:24,0,2,3,1,0.0,0,0
20251214,BRK,Jalen Wilson,7:16,5,1,0,3,0.667,1,0
20251214,NOP,Trey Murphy III,33:44,20,10,2,14,0.571,0,1
20251214,NOP,Jeremiah Fears,28:05,20,2,3,13,0.538,2,3
20251214,NOP,Derik Queen,24:46,4,8,5,4,0.5,0,5
20251214,NOP,Saddiq Bey,24:40,10,6,1,12,0.333,2,0
20251214,NOP,Herbert Jones,19:47,10,2,1,8,0.375,0,1
20251214,NOP,Jordan Poole,27:16,16,2,4,15,0.4,2,1
20251214,NOP,Zion Williamson,26:37,18,6,3,14,0.5,0,1
20251214,NOP,Jose Alvarado,17:39,3,2,2,3,0.333,1,0
20251214,NOP,Bryce McGowens,14:16,5,3,0,2,0.5,0,0
20251214,NOP,Karlo Matković,12:00,4,4,0,5,0.4,0,0
20251214,NOP,Yves Missi,11:10,4,8,0,3,0.667,0,2
20251214,CHI,Nikola Vučević,30:47,12,8,4,16,0.313,0,0
20251214,CHI,Coby White,28:28,20,5,5,18,0.444,2,2
20251214,CHI,Josh Giddey,24:04,11,7,5,10,0.4,0,4
20251214,CHI,Matas Buzelis,23:35,9,6,3,5,0.6,1,0
20251214,CHI,Isaac Okoro,23:31,5,3,1,10,0.2,0,0
20251214,CHI,Kevin Huerter,24:16,16,3,0,12,0.5,4,3
20251214,CHI,Tre Jones,24:16,6,2,5,7,0.286,2,0
20251214,CHI,Patrick Williams,23:38,8,4,2,5,0.4,0,0
20251214,CHI,Dalen Terry,13:27,9,3,0,5,0.8,0,1
20251214,CHI,Jalen Smith,12:20,6,0,1,3,0.667,1,2
20251214,CHI,Zach Collins,11:38,2,2,0,1,0.0,0,1
20251214,SAC,DeMar DeRozan,39:07,17,4,3,15,0.533,1,0
20251214,SAC,Keegan Murray,38:58,10,8,1,11,0.273,0,4
20251214,SAC,Russell Westbrook,28:09,8,7,10,13,0.308,3,4
20251214,SAC,Maxime Raynaud,26:26,8,6,0,6,0.5,0,2
20251214,SAC,Zach LaVine,15:40,10,1,1,8,0.5,0,2
20251214,SAC,Malik Monk,26:45,16,3,3,9,0.333,0,0
20251214,SAC,Precious Achiuwa,26:32,17,6,0,7,1.0,0,0
20251214,SAC,Dennis Schröder,25:04,17,1,3,11,0.455,0,2
20251214,SAC,Nique Clifford,13:19,0,0,0,1,0.0,1,1
20251214,MIN,Jaden McDaniels,37:57,21,4,2,19,0.368,2,2
20251214,MIN,Julius Randle,36:25,24,10,3,21,0.429,3,1
20251214,MIN,Bones Hyland,35:41,18,3,5,10,0.6,0,2
20251214,MIN,Donte DiVincenzo,33:40,18,6,6,18,0.389,4,1
20251214,MIN,Rudy Gobert,20:04,7,12,3,4,0.75,0,1
20251214,MIN,Naz Reid,34:35,20,11,3,12,0.583,2,2
20251214,MIN,Jaylen Clark,16:30,2,1,0,3,0.333,0,2
20251214,MIN,Terrence Shannon Jr.,13:14,2,0,0,3,0.333,0,0
20251214,MIN,Rob Dillingham,11:54,5,1,3,4,0.5,1,0
20251214,LAL,Luka Dončić,38:12,29,3,6,25,0.28,1,6
20251214,LAL,LeBron James,36:14,26,3,4,17,0.471,2,8
20251214,LAL,Marcus Smart,31:36,8,4,6,7,0.286,1,2
20251214,LAL,Rui Hachimura,30:58,3,7,1,5,0.2,2,0
20251214,LAL,Deandre Ayton,30:09,20,13,0,11,0.909,2,3
20251214,LAL,Jake LaRavia,21:12,6,8,1,9,0.222,2,0
20251214,LAL,Gabe Vincent,18:59,5,0,0,5,0.4,1,0
20251214,LAL,Jaxson Hayes,17:39,12,9,2,4,1.0,0,2
20251214,LAL,Jarred Vanderbilt,15:01,7,7,0,5,0.4,2,0
20251214,PHO,Collin Gillespie,36:40,10,3,6,9,0.444,1,1
20251214,PHO,Grayson Allen,35:03,13,2,7,11,0.364,3,2
20251214,PHO,Devin Booker,31:22,27,6,7,17,0.412,1,1
20251214,PHO,Mark Williams,28:53,20,6,1,10,0.9,0,1
20251214,PHO,Dillon Brooks,24:32,18,1,0,9,0.667,1,3
20251214,PHO,Royce O'Neale,23:57,12,5,1,7,0.571,1,2
20251214,PHO,Jordan Goodwin,18:10,5,3,2,7,0.286,2,2
20251214,PHO,Ryan Dunn,16:57,5,4,2,6,0.333,1,2
20251214,PHO,Oso Ighodaro,15:53,2,5,3,4,0.25,1,4
20251214,PHO,Jamaree Bouyea,6:01,2,1,0,2,0.5,0,0
20251214,PHO,Nick Richards,2:32,0,1,0,0,,0,1
20251214,GSW,Stephen Curry,35:26,48,3,2,26,0.615,3,3
20251214,GSW,Jimmy Butler,34:57,16,7,4,11,0.273,3,3
20251214,GSW,Draymond Green,29:54,14,8,7,8,0.625,3,8
20251214,GSW,Moses Moody,23:26,12,2,2,9,0.556,1,0
20251214,GSW,Quinten Post,19:27,11,1,4,9,0.444,1,0
20251214,GSW,Brandin Podziemski,32:34,12,7,6,7,0.571,1,1
20251214,GSW,De'Anthony Melton,18:54,0,1,1,5,0.0,2,1
20251214,GSW,Buddy Hield,16:24,10,1,1,7,0.571,0,1
20251214,GSW,Trayce Jackson-Davis,15:59,5,4,3,2,1.0,0,1
20251214,GSW,Pat Spencer,6:45,2,0,2,3,0.333,0,0
20251214,GSW,Gui Santos,6:16,1,2,2,0,,0,0
20251214,POR,Jerami Grant,34:25,35,3,2,22,0.545,0,4
20251214,POR,Shaedon Sharpe,32:43,35,3,4,18,0.667,4,3
20251214,POR,Deni Avdija,32:32,26,7,8,16,0.375,1,4
20251214,POR,Toumani Camara,25:27,7,3,3,8,0.375,2,1
20251214,POR,Donovan Clingan,21:57,3,10,3,3,0.333,1,1
20251214,POR,Sidy Cissoko,28:20,6,3,1,6,0.333,1,0
20251214,POR,Kris Murray,27:11,5,3,2,5,0.4,0,0
20251214,POR,Robert Williams,19:09,11,11,3,4,1.0,1,3
20251214,POR,Caleb Love,12:00,8,0,4,6,0.5,1,1
20251214,POR,Rayan Rupert,6:16,0,0,0,1,0.0,0,0
20251215,DET,Cade Cunningham,36:19,32,4,10,21,0.524,1,3
20251215,DET,Tobias Harris,31:49,13,7,3,11,0.364,0,0
20251215,DET,Jalen Duren,29:05,6,3,0,6,0.5,2,1
20251215,DET,Duncan Robinson,25:52,7,1,2,4,0.5,0,1
20251215,DET,Ausar Thompson,22:46,7,6,0,6,0.5,0,2
20251215,DET,Isaiah Stewart,22:18,7,7,0,6,0.5,0,0
20251215,DET,Jaden Ivey,20:59,10,3,3,11,0.364,2,2
20251215,DET,Caris LeVert,19:04,13,1,2,10,0.5,1,1
20251215,DET,Ron Holland,14:29,9,5,0,8,0.375,0,0
20251215,DET,Javonte Green,14:10,8,1,1,4,0.75,3,0
20251215,DET,Daniss Jenkins,3:11,0,1,0,2,0.0,0,0
20251215,BOS,Jaylen Brown,40:29,34,8,7,25,0.52,1,4
20251215,BOS,Derrick White,37:52,31,6,1,18,0.556,1,4
20251215,BOS,Payton Pritchard,35:19,12,4,5,14,0.357,0,1
20251215,BOS,Neemias Queta,34:27,6,7,1,5,0.6,2,0
20251215,BOS,Jordan Walsh,17:41,8,6,0,3,0.667,2,2
20251215,BOS,Anfernee Simons,25:19,9,0,1,9,0.333,0,0
20251215,BOS,Hugo González,16:28,5,5,0,3,0.667,0,1
20251215,BOS,Baylor Scheierman,14:54,0,0,1,2,0.0,0,0
20251215,BOS,Josh Minott,13:12,0,1,0,2,0.0,1,0
20251215,BOS,Sam Hauser,4:20,0,0,0,1,0.0,0,0
20251215,TOR,Brandon Ingram,37:48,28,5,5,19,0.474,0,4
20251215,TOR,Immanuel Quickley,34:26,15,4,4,12,0.5,1,3
20251215,TOR,Scottie Barnes,32:26,17,10,6,16,0.5,2,4
20251215,TOR,Jakob Poeltl,29:21,8,8,2,6,0.667,0,4
20251215,TOR,Ochai Agbaji,21:42,5,4,2,4,0.5,1,0
20251215,TOR,Jamal Shead,23:19,8,3,10,9,0.333,0,1
20251215,TOR,Sandro Mamukelashvili,18:33,11,7,0,9,0.444,2,1
20251215,TOR,Gradey Dick,15:09,10,2,0,9,0.444,2,1
20251215,TOR,Collin Murray-Boyles,14:34,4,2,2,2,1.0,1,1
20251215,TOR,Ja'Kobe Walter,12:42,0,0,2,2,0.0,0,0
20251215,MIA,Norman Powell,34:03,20,3,4,15,0.333,0,3
20251215,MIA,Bam Adebayo,33:01,20,10,2,13,0.538,1,2
20251215,MIA,Andrew Wiggins,32:22,10,2,2,12,0.333,2,1
20251215,MIA,Davion Mitchell,31:57,12,4,4,11,0.455,2,2
20251215,MIA,Simone Fontecchio,26:02,3,4,2,5,0.2,0,2
20251215,MIA,Jaime Jaquez Jr.,29:45,10,4,4,9,0.556,3,5
20251215,MIA,Dru Smith,20:06,11,3,2,8,0.5,2,0
20251215,MIA,Kel'el Ware,19:20,6,13,0,7,0.429,0,3
20251215,MIA,Keshad Johnson,13:13,4,2,0,3,0.333,2,0
20251215,MIA,Nikola Jović,0:12,0,0,0,0,,0,0
20251215,DAL,Cooper Flagg,41:46,42,7,6,27,0.481,1,4
20251215,DAL,P.J. Washington,39:12,25,14,0,20,0.5,0,2
20251215,DAL,Ryan Nembhard,38:05,14,3,11,12,0.5,1,4
20251215,DAL,Naji Marshall,36:16,15,3,1,12,0.583,1,0
20251215,DAL,Daniel Gafford,12:53,2,2,2,1,1.0,1,1
20251215,DAL,Max Christie,28:15,8,5,3,5,0.4,0,0
20251215,DAL,Dwight Powell,23:37,7,9,0,4,0.5,0,0
20251215,DAL,Klay Thompson,20:56,12,2,0,10,0.4,1,0
20251215,DAL,Moussa Cisse,13:28,6,7,0,4,0.5,1,1
20251215,DAL,Jaden Hardy,10:32,2,2,1,3,0.333,0,2
20251215,UTA,Keyonte George,40:51,37,5,6,20,0.55,0,2
20251215,UTA,Lauri Markkanen,39:47,33,16,5,23,0.478,4,1
20251215,UTA,Kyle Filipowski,37:33,25,9,1,13,0.692,0,2
20251215,UTA,Ace Bailey,24:19,7,2,3,9,0.333,0,1
20251215,UTA,Brice Sensabaugh,21:38,4,2,3,3,0.667,0,1
20251215,UTA,Isaiah Collier,31:15,10,3,8,8,0.5,2,0
20251215,UTA,Cody Williams,22:18,11,1,2,9,0.556,0,0
20251215,UTA,Taylor Hendricks,18:24,11,4,1,5,0.8,0,1
20251215,UTA,Kyle Anderson,15:27,0,1,2,4,0.0,1,2
20251215,UTA,Walter Clayton,13:28,2,4,2,3,0.333,1,3
20251215,HOU,Kevin Durant,44:04,25,5,7,14,0.571,1,5
20251215,HOU,Amen Thompson,43:31,14,12,6,13,0.385,0,1
20251215,HOU,Jabari Smith Jr.,43:25,16,10,4,11,0.545,0,2
20251215,HOU,Alperen Şengün,42:29,33,10,10,27,0.519,2,4
20251215,HOU,Josh Okogie,27:40,16,4,0,9,0.778,2,3
20251215,HOU,Reed Sheppard,31:35,14,3,1,17,0.294,2,0
20251215,HOU,Steven Adams,15:30,3,0,0,1,1.0,0,1
20251215,HOU,Aaron Holiday,10:14,3,0,1,1,1.0,0,0
20251215,HOU,Clint Capela,6:32,1,2,0,0,,0,0
20251215,DEN,Jamal Murray,43:09,35,3,5,17,0.529,0,3
20251215,DEN,Cameron Johnson,43:03,13,3,2,9,0.556,0,0
20251215,DEN,Nikola Jokić,42:24,39,15,10,27,0.481,2,4
20251215,DEN,Spencer Jones,40:54,11,3,0,8,0.5,2,0
20251215,DEN,Peyton Watson,5:51,5,0,0,4,0.5,1,0
20251215,DEN,Tim Hardaway Jr.,39:58,13,1,2,10,0.4,2,0
20251215,DEN,Bruce Brown,27:02,2,9,4,3,0.333,3,1
20251215,DEN,Jonas Valančiūnas,13:43,8,3,1,5,0.8,0,2
20251215,DEN,Zeke Nnaji,8:56,2,1,0,2,0.5,0,0
20251215,MEM,Jaren Jackson Jr.,32:45,31,4,4,18,0.722,2,2
20251215,MEM,Santi Aldama,30:48,3,2,2,5,0.2,1,1
20251215,MEM,Jaylen Wells,29:40,16,5,3,10,0.5,1,1
20251215,MEM,Cedric Coward,23:13,12,2,2,9,0.556,0,4
20251215,MEM,Ja Morant,20:58,12,3,4,12,0.333,1,1
20251215,MEM,Cam Spencer,30:01,27,3,6,13,0.692,1,1
20251215,MEM,Jock Landale,27:29,8,4,3,5,0.6,1,0
20251215,MEM,Kentavious Caldwell-Pope,23:22,4,7,6,5,0.4,2,0
20251215,MEM,Vince Williams Jr.,18:20,8,1,3,7,0.429,1,0
20251215,MEM,Jahmai Mashack,1:42,0,0,0,1,0.0,0,1
20251215,MEM,Olivier-Maxence Prosper,1:42,0,1,0,1,0.0,0,0
20251215,LAC,Kawhi Leonard,36:39,21,4,3,18,0.5,1,2
20251215,LAC,Ivica Zubac,33:08,6,13,2,6,0.5,0,4
20251215,LAC,James Harden,31:17,13,3,6,10,0.4,3,3
20251215,LAC,Kris Dunn,26:42,17,1,5,10,0.6,0,1
20251215,LAC,John Collins,26:08,10,2,1,10,0.5,0,2
20251215,LAC,Kobe Brown,25:22,9,4,1,10,0.2,0,0
20251215,LAC,Jordan Miller,21:52,10,6,3,6,0.5,0,2
20251215,LAC,Bogdan Bogdanović,18:54,7,3,3,6,0.333,0,1
20251215,LAC,Kobe Sanders,12:38,5,2,0,3,0.667,0,2
20251215,LAC,Cam Christie,3:40,3,0,2,1,1.0,0,0
20251215,LAC,Yanic Konan Niederhäuser,3:40,2,1,0,0,,0,1
20251216,SAS,Stephon Castle,34:54,15,7,12,15,0.333,0,2
20251216,SAS,Devin Vassell,33:17,12,5,3,14,0.286,0,0
20251216,SAS,De'Aaron Fox,31:40,16,2,9,13,0.385,1,5
20251216,SAS,Harrison Barnes,23:28,11,3,2,9,0.444,1,0
20251216,SAS,Luke Kornet,22:45,14,6,1,9,0.778,0,0
20251216,SAS,Dylan Harper,28:23,21,7,0,14,0.5,0,0
20251216,SAS,Julian Champagnie,25:02,3,2,1,5,0.2,1,0
20251216,SAS,Victor Wembanyama,24:54,18,6,1,17,0.412,1,1
20251216,SAS,Keldon Johnson,15:37,3,4,0,3,0.333,0,0
20251216,NYK,Jalen Brunson,41:03,25,4,8,27,0.407,0,4
20251216,NYK,OG Anunoby,40:01,28,9,3,17,0.588,0,0
20251216,NYK,Mikal Bridges,32:38,11,5,5,12,0.333,0,1
20251216,NYK,Karl-Anthony Towns,29:40,16,11,1,12,0.5,2,2
20251216,NYK,Josh Hart,29:16,11,8,3,7,0.714,2,1
20251216,NYK,Jordan Clarkson,26:40,15,2,0,15,0.4,1,0
20251216,NYK,Tyler Kolek,20:27,14,5,5,9,0.556,0,1
20251216,NYK,Mitchell Robinson,18:22,4,15,2,6,0.333,1,1
20251216,NYK,Ariel Hukporti,1:52,0,0,0,0,,1,0
20251217,CLE,Donovan Mitchell,32:32,32,1,5,23,0.478,0,3
20251217,CLE,Jaylon Tyson,32:29,21,2,3,10,0.8,1,3
20251217,CLE,Darius Garland,30:11,15,5,6,16,0.375,0,2
20251217,CLE,Jarrett Allen,27:36,14,6,3,9,0.778,1,2
20251217,CLE,Dean Wade,21:51,2,2,1,3,0.333,0,0
20251217,CLE,De'Andre Hunter,27:46,12,5,1,9,0.444,0,2
20251217,CLE,Thomas Bryant,18:05,7,6,0,6,0.333,0,3
20251217,CLE,Craig Porter Jr.,17:49,4,2,4,2,1.0,3,1
20251217,CLE,Lonzo Ball,17:25,2,7,1,5,0.2,1,3
20251217,CLE,Nae'Qwan Tomlin,7:45,2,1,1,2,0.0,0,0
20251217,CLE,Tyrese Proctor,6:31,0,3,1,2,0.0,0,1
20251217,CHI,Josh Giddey,33:30,23,11,11,18,0.444,2,3
20251217,CHI,Isaac Okoro,30:54,12,2,1,7,0.857,1,0
20251217,CHI,Coby White,30:22,25,5,3,13,0.615,2,3
20251217,CHI,Nikola Vučević,28:57,20,9,4,14,0.643,2,1
20251217,CHI,Matas Buzelis,22:15,9,1,1,7,0.429,0,1
20251217,CHI,Kevin Huerter,25:55,11,3,1,9,0.444,0,2
20251217,CHI,Tre Jones,24:17,11,1,11,7,0.714,3,1
20251217,CHI,Zach Collins,16:20,10,4,2,8,0.5,2,2
20251217,CHI,Jalen Smith,15:54,4,7,1,3,0.667,0,1
20251217,CHI,Patrick Williams,10:32,2,0,0,3,0.333,0,1
20251217,CHI,Dalen Terry,1:04,0,0,0,0,,0,0
20251217,MEM,Santi Aldama,34:19,8,11,3,8,0.5,0,3
20251217,MEM,Jaren Jackson Jr.,33:27,28,12,3,18,0.556,1,4
20251217,MEM,Jaylen Wells,31:21,17,4,2,13,0.385,4,1
20251217,MEM,Cedric Coward,27:15,13,5,3,12,0.417,1,3
20251217,MEM,Brandon Clarke,16:34,6,3,1,7,0.286,1,0
20251217,MEM,Jock Landale,29:55,20,10,3,15,0.533,2,0
20251217,MEM,Vince Williams Jr.,25:07,5,5,4,6,0.167,0,2
20251217,MEM,Kentavious Caldwell-Pope,23:13,12,1,3,12,0.333,1,3
20251217,MEM,Olivier-Maxence Prosper,15:17,7,2,1,4,0.75,0,2
20251217,MEM,Jahmai Mashack,3:32,0,1,0,1,0.0,0,0
20251217,MIN,Donte DiVincenzo,37:17,19,11,4,16,0.375,3,1
20251217,MIN,Jaden McDaniels,36:44,13,7,6,11,0.364,1,1
20251217,MIN,Rudy Gobert,35:28,16,16,4,8,0.75,1,4
20251217,MIN,Julius Randle,35:18,21,5,3,21,0.429,3,4
20251217,MIN,Bones Hyland,34:08,12,3,5,11,0.273,1,2
20251217,MIN,Naz Reid,30:03,16,7,2,16,0.375,1,2
20251217,MIN,Rob Dillingham,11:07,5,1,2,5,0.4,0,3
20251217,MIN,Terrence Shannon Jr.,10:57,6,1,0,6,0.333,0,0
20251217,MIN,Jaylen Clark,8:58,2,1,0,4,0.25,1,1
20251218,ATL,Jalen Johnson,39:29,43,11,9,27,0.593,1,4
20251218,ATL,Onyeka Okongwu,36:09,12,4,1,10,0.5,3,1
20251218,ATL,Dyson Daniels,31:34,14,3,6,12,0.5,1,2
20251218,ATL,Zaccharie Risacher,20:28,5,3,1,7,0.286,0,1
20251218,ATL,Trae Young,20:09,8,1,10,8,0.375,1,3
20251218,ATL,Nickeil Alexander-Walker,34:06,28,8,2,18,0.611,0,3
20251218,ATL,Vít Krejčí,23:18,5,3,0,3,0.333,0,0
20251218,ATL,Luke Kennard,13:54,4,1,1,2,0.5,0,1
20251218,ATL,Asa Newell,10:27,3,1,1,2,0.5,0,0
20251218,ATL,Mouhamed Gueye,10:26,4,0,0,3,0.667,0,0
20251218,CHO,Brandon Miller,35:17,26,5,8,15,0.6,3,1
20251218,CHO,Kon Knueppel,34:59,28,5,7,17,0.588,3,4
20251218,CHO,Miles Bridges,32:06,16,3,2,13,0.462,1,0
20251218,CHO,LaMelo Ball,29:12,28,4,13,16,0.625,1,6
20251218,CHO,Ryan Kalkbrenner,27:20,8,4,2,5,0.6,1,1
20251218,CHO,Sion James,20:25,5,2,1,6,0.333,1,0
20251218,CHO,Moussa Diabaté,17:34,5,6,2,4,0.5,0,0
20251218,CHO,Tidjane Salaün,15:53,10,4,1,6,0.667,0,0
20251218,CHO,KJ Simpson,13:00,4,0,2,7,0.286,1,2
20251218,CHO,Josh Green,11:07,3,3,1,2,0.5,0,0
20251218,CHO,Mason Plumlee,3:07,0,1,0,0,,0,0
20251218,NYK,Mikal Bridges,37:16,22,8,5,19,0.474,0,1
20251218,NYK,Jalen Brunson,34:22,25,7,7,23,0.435,3,3
20251218,NYK,OG Anunoby,33:42,16,6,1,13,0.385,2,3
20251218,NYK,Ariel Hukporti,26:56,4,5,3,3,0.333,1,0
20251218,NYK,Mohamed Diawara,18:52,5,3,1,5,0.4,1,2
20251218,NYK,Jordan Clarkson,29:22,18,3,1,12,0.5,1,1
20251218,NYK,Tyler Kolek,26:12,16,6,11,10,0.7,1,2
20251218,NYK,Trey Jemison,18:26,5,5,1,2,1.0,0,2
20251218,NYK,Guerschon Yabusele,11:19,3,3,0,5,0.2,0,2
20251218,NYK,Pacôme Dadiet,3:33,0,0,1,0,,1,0
20251218,NYK,Kevin McCullar Jr.,0:01,0,0,0,0,,0,0
20251218,IND,Bennedict Mathurin,38:28,16,8,2,18,0.389,2,2
20251218,IND,Pascal Siakam,37:33,26,6,5,22,0.409,3,2
20251218,IND,Andrew Nembhard,37:25,31,1,4,19,0.632,1,2
20251218,IND,Quenton Jackson,27:09,10,4,2,7,0.429,1,1
20251218,IND,Jay Huff,18:06,6,10,1,7,0.286,0,3
20251218,IND,Isaiah Jackson,26:18,4,10,2,3,0.667,0,0
20251218,IND,T.J. McConnell,17:54,8,5,5,6,0.667,1,2
20251218,IND,Jarace Walker,16:17,6,3,1,4,0.5,0,2
20251218,IND,Garrison Mathews,7:54,4,1,0,4,0.5,0,0
20251218,IND,Johnny Furphy,5:45,0,1,0,1,0.0,0,0
20251218,IND,Tony Bradley,3:36,2,3,0,2,0.0,0,0
20251218,IND,Ethan Thompson,3:36,0,0,0,0,,0,0
20251218,MIA,Andrew Wiggins,32:54,10,4,2,11,0.273,2,2
20251218,MIA,Norman Powell,32:39,24,6,2,14,0.571,3,3
20251218,MIA,Bam Adebayo,31:04,8,17,1,13,0.308,1,3
20251218,MIA,Kel'el Ware,30:17,22,12,1,11,0.727,0,0
20251218,MIA,Davion Mitchell,29:57,10,0,7,11,0.455,1,2
20251218,MIA,Jaime Jaquez Jr.,29:00,19,5,1,13,0.692,0,3
20251218,MIA,Dru Smith,24:21,3,3,6,8,0.125,2,0
20251218,MIA,Simone Fontecchio,22:10,7,4,2,7,0.286,0,0
20251218,MIA,Kasparas Jakučionis,7:38,3,0,1,1,1.0,0,1
20251218,BRK,Nic Claxton,34:47,16,12,8,9,0.889,2,2
20251218,BRK,Michael Porter Jr.,33:44,28,6,3,24,0.417,0,1
20251218,BRK,Terance Mann,30:32,4,3,2,4,0.5,1,1
20251218,BRK,Egor Dёmin,27:53,14,2,1,18,0.278,0,1
20251218,BRK,Noah Clowney,26:12,8,6,3,13,0.154,1,2
20251218,BRK,Danny Wolf,19:35,9,5,2,11,0.364,2,3
20251218,BRK,Tyrese Martin,18:56,2,2,3,8,0.125,0,1
20251218,BRK,Ziaire Williams,18:42,2,2,0,2,0.5,1,0
20251218,BRK,Day'Ron Sharpe,13:13,4,6,2,4,0.5,0,1
20251218,BRK,Jalen Wilson,12:30,8,2,0,5,0.6,0,0
20251218,BRK,Drake Powell,3:56,0,3,0,0,,0,0
20251218,TOR,Sandro Mamukelashvili,36:25,18,7,2,12,0.667,1,0
20251218,TOR,Scottie Barnes,35:58,24,11,2,14,0.714,2,5
20251218,TOR,Brandon Ingram,35:16,29,8,3,18,0.5,2,4
20251218,TOR,Immanuel Quickley,28:46,9,6,10,11,0.273,1,2
20251218,TOR,Ochai Agbaji,20:28,10,2,1,7,0.571,1,0
20251218,TOR,Jamal Shead,23:27,8,2,11,9,0.333,0,3
20251218,TOR,Ja'Kobe Walter,19:01,3,2,1,3,0.333,1,0
20251218,TOR,Gradey Dick,18:22,6,1,0,5,0.4,0,1
20251218,TOR,Collin Murray-Boyles,17:23,4,4,0,3,0.667,1,0
20251218,TOR,Jamison Battle,4:54,0,2,1,2,0.0,0,1
20251218,MIL,Kevin Porter Jr.,40:09,22,4,13,18,0.389,1,7
20251218,MIL,Myles Turner,30:57,21,6,2,14,0.429,0,0
20251218,MIL,Gary Trent Jr.,30:26,3,0,2,8,0.125,2,0
20251218,MIL,Jericho Sims,25:34,6,7,1,4,0.75,0,4
20251218,MIL,A.J. Green,24:25,5,2,1,5,0.4,1,1
20251218,MIL,Bobby Portis,39:29,24,12,0,16,0.563,2,1
20251218,MIL,Ryan Rollins,28:13,17,4,5,15,0.467,3,3
20251218,MIL,Gary Harris,20:47,7,3,1,4,0.75,1,0
20251218,HOU,Jabari Smith Jr.,44:08,12,12,2,18,0.278,0,4
20251218,HOU,Kevin Durant,42:41,32,7,2,15,0.8,1,6
20251218,HOU,Amen Thompson,40:36,23,6,4,14,0.786,1,4
20251218,HOU,Alperen Şengün,35:42,28,11,8,26,0.423,2,2
20251218,HOU,Josh Okogie,30:10,10,4,3,7,0.429,0,0
20251218,HOU,Steven Adams,27:49,6,10,3,10,0.2,1,1
20251218,HOU,Reed Sheppard,26:57,11,4,7,12,0.333,1,0
20251218,HOU,Aaron Holiday,10:18,3,1,1,3,0.333,0,0
20251218,HOU,Clint Capela,6:40,3,3,0,2,0.5,0,1
20251218,NOP,Trey Murphy III,38:29,27,3,2,13,0.692,1,0
20251218,NOP,Herbert Jones,38:13,18,3,3,14,0.5,8,1
20251218,NOP,Derik Queen,35:21,16,12,3,16,0.438,0,3
20251218,NOP,Saddiq Bey,34:19,29,9,1,18,0.611,2,1
20251218,NOP,Jeremiah Fears,20:12,9,3,4,8,0.5,0,1
20251218,NOP,Jose Alvarado,30:22,7,3,6,5,0.4,1,0
20251218,NOP,Jordan Poole,24:32,15,1,2,13,0.385,3,2
20251218,NOP,Zion Williamson,21:26,9,3,5,9,0.333,0,2
20251218,NOP,Karlo Matković,11:07,3,2,1,1,1.0,0,1
20251218,NOP,Yves Missi,6:24,0,2,0,0,,0,1
20251218,NOP,Bryce McGowens,4:35,0,0,0,0,,0,0
20251218,LAC,Kawhi Leonard,32:09,22,8,6,17,0.529,1,3
20251218,LAC,Ivica Zubac,31:41,11,11,3,7,0.429,0,2
20251218,LAC,Kris Dunn,31:22,14,5,4,8,0.625,0,6
20251218,LAC,John Collins,28:26,20,4,2,13,0.538,1,2
20251218,LAC,Bogdan Bogdanović,24:26,14,2,1,12,0.5,0,2
20251218,LAC,Kobe Sanders,29:39,5,4,4,5,0.4,2,6
20251218,LAC,Jordan Miller,20:23,3,6,3,5,0.2,0,4
20251218,LAC,Nicolas Batum,19:49,6,2,0,5,0.4,2,1
20251218,LAC,Brook Lopez,15:14,6,5,2,4,0.5,0,1
20251218,LAC,RayJ Dennis,3:32,0,2,0,0,,0,1
20251218,LAC,Kobe Brown,3:19,0,0,0,0,,0,0
20251218,OKC,Chet Holmgren,30:31,22,7,2,13,0.615,1,1
20251218,OKC,Cason Wallace,29:11,5,1,4,8,0.125,5,0
20251218,OKC,Jalen Williams,28:43,20,1,5,14,0.571,2,1
20251218,OKC,Shai Gilgeous-Alexander,28:41,32,7,6,24,0.542,2,1
20251218,OKC,Luguentz Dort,18:04,0,1,1,6,0.0,0,1
20251218,OKC,Ajay Mitchell,28:35,16,7,5,15,0.467,2,1
20251218,OKC,Aaron Wiggins,22:37,5,4,0,7,0.286,0,0
20251218,OKC,Isaiah Joe,22:14,14,4,2,7,0.714,2,2
20251218,OKC,Branden Carlson,15:59,4,4,0,3,0.667,0,1
20251218,OKC,Alex Caruso,15:25,4,2,3,4,0.5,4,0
20251218,WAS,Kyshawn George,36:05,11,6,7,13,0.385,2,1
20251218,WAS,Bub Carrington,33:09,15,5,3,12,0.5,1,2
20251218,WAS,CJ McCollum,29:06,11,4,3,12,0.417,2,2
20251218,WAS,Alex Sarr,24:04,18,4,3,18,0.444,0,0
20251218,WAS,Bilal Coulibaly,22:34,3,4,2,7,0.143,1,3
20251218,WAS,Tre Johnson,24:06,8,6,2,9,0.222,1,1
20251218,WAS,Marvin Bagley III,18:36,13,4,5,6,0.833,0,2
20251218,WAS,Justin Champagnie,17:52,5,9,0,4,0.5,0,1
20251218,WAS,Will Riley,17:22,2,1,3,5,0.2,2,0
20251218,WAS,Jamir Watkins,8:16,2,0,0,3,0.333,1,0
20251218,WAS,Tristan Vukcevic,4:54,6,2,0,3,0.667,0,0
20251218,WAS,AJ Johnson,3:30,0,1,1,2,0.0,0,0
20251218,WAS,Anthony Gill,0:26,0,0,0,0,,0,0
20251218,SAS,Devin Vassell,26:21,18,6,3,12,0.583,1,1
20251218,SAS,Stephon Castle,25:08,17,2,7,11,0.636,0,3
20251218,SAS,De'Aaron Fox,24:59,6,3,3,8,0.125,3,2
20251218,SAS,Luke Kornet,23:11,10,5,2,6,0.667,1,0
20251218,SAS,Harrison Barnes,18:14,2,1,2,6,0.0,0,0
20251218,SAS,Julian Champagnie,25:51,12,7,2,9,0.444,0,1
20251218,SAS,Dylan Harper,22:36,24,5,3,13,0.692,0,1
20251218,SAS,Keldon Johnson,21:02,9,8,1,8,0.5,0,1
20251218,SAS,Victor Wembanyama,17:18,15,8,4,11,0.545,0,2
20251218,SAS,Jeremy Sochan,15:38,0,2,1,1,0.0,1,0
20251218,SAS,Carter Bryant,8:41,5,4,0,2,1.0,0,2
20251218,SAS,Jordan McLaughlin,4:01,1,1,1,0,,0,1
20251218,SAS,Bismack Biyombo,3:30,0,1,0,1,0.0,0,0
20251218,SAS,Lindy Waters III,3:30,0,0,0,2,0.0,0,0
20251218,DET,Cade Cunningham,44:32,29,10,9,30,0.4,0,4
20251218,DET,Jalen Duren,34:24,17,13,1,20,0.4,2,1
20251218,DET,Tobias Harris,18:11,0,4,3,5,0.0,0,0
20251218,DET,Duncan Robinson,13:02,2,2,0,7,0.143,0,0
20251218,DET,Ausar Thompson,8:54,8,2,2,7,0.429,1,0
20251218,DET,Isaiah Stewart,31:24,14,8,1,10,0.5,1,2
20251218,DET,Caris LeVert,27:07,6,3,3,8,0.375,1,0
20251218,DET,Daniss Jenkins,20:25,11,4,1,8,0.5,1,2
20251218,DET,Ron Holland,19:54,12,7,0,11,0.455,0,0
20251218,DET,Javonte Green,18:22,3,6,2,5,0.2,3,1
20251218,DET,Jaden Ivey,14:29,8,0,1,6,0.5,1,0
20251218,DET,Marcus Sasser,7:53,0,2,3,2,0.0,0,0
20251218,DET,Paul Reed,6:23,4,1,0,3,0.667,1,0
20251218,DAL,Cooper Flagg,39:55,23,10,4,20,0.4,1,0
20251218,DAL,Anthony Davis,37:22,15,14,2,18,0.389,0,2
20251218,DAL,P.J. Washington,36:40,13,7,3,10,0.6,1,2
20251218,DAL,Naji Marshall,33:17,16,3,1,9,0.556,0,0
20251218,DAL,Ryan Nembhard,21:42,6,2,7,5,0.6,0,2
20251218,DAL,Brandon Williams,31:16,14,5,2,8,0.375,0,3
20251218,DAL,Klay Thompson,19:19,5,1,2,8,0.25,0,2
20251218,DAL,Max Christie,19:12,11,2,0,4,0.5,1,0
20251218,DAL,Daniel Gafford,15:38,9,6,1,5,0.6,0,5
20251218,DAL,D'Angelo Russell,10:39,4,1,0,2,0.5,1,1
20251218,ORL,Paolo Banchero,39:17,26,16,10,21,0.429,1,2
20251218,ORL,Anthony Black,37:25,22,2,3,18,0.444,2,3
20251218,ORL,Desmond Bane,36:24,6,2,8,11,0.273,0,1
20251218,ORL,Wendell Carter Jr.,28:34,26,8,0,15,0.733,1,0
20251218,ORL,Tyus Jones,19:09,5,0,4,2,0.5,0,0
20251218,ORL,Jett Howard,28:51,12,6,2,6,0.5,1,0
20251218,ORL,Goga Bitadze,19:26,6,4,1,7,0.429,2,0
20251218,ORL,Jase Richardson,19:19,9,1,2,9,0.444,1,2
20251218,ORL,Noah Penda,11:35,3,5,0,2,0.5,1,1
20251218,DEN,Nikola Jokić,37:47,23,11,13,17,0.588,2,6
20251218,DEN,Cameron Johnson,35:41,19,11,3,9,0.667,0,0
20251218,DEN,Jamal Murray,35:40,32,2,3,22,0.5,1,1
20251218,DEN,Bruce Brown,34:25,11,2,2,11,0.455,0,2
20251218,DEN,Spencer Jones,18:54,8,1,1,7,0.571,3,0
20251218,DEN,Tim Hardaway Jr.,26:58,12,4,0,8,0.625,0,2
20251218,DEN,Jalen Pickett,23:54,9,3,7,7,0.429,0,0
20251218,DEN,Jonas Valančiūnas,13:11,10,5,0,6,0.667,1,2
20251218,DEN,Zeke Nnaji,7:35,0,1,2,0,,0,0
20251218,DEN,Julian Strawther,5:55,2,0,0,1,1.0,0,0
20251218,GSW,Jimmy Butler,33:56,31,3,3,17,0.647,1,2
20251218,GSW,Stephen Curry,33:15,15,9,7,13,0.231,1,2
20251218,GSW,Moses Moody,30:27,5,8,3,10,0.2,1,1
20251218,GSW,Draymond Green,30:03,7,6,3,9,0.333,2,5
20251218,GSW,Quinten Post,26:38,9,11,1,14,0.214,1,1
20251218,GSW,Brandin Podziemski,27:46,18,2,2,11,0.727,1,2
20251218,GSW,De'Anthony Melton,14:55,2,0,2,6,0.167,2,2
20251218,GSW,Gui Santos,13:39,6,5,2,2,1.0,0,1
20251218,GSW,Buddy Hield,9:58,3,0,0,2,0.5,0,2
20251218,GSW,Jonathan Kuminga,9:31,2,4,1,5,0.2,0,1
20251218,GSW,Trayce Jackson-Davis,6:46,0,4,3,0,,0,0
20251218,GSW,Gary Payton II,3:07,0,2,0,0,,0,1
20251218,PHO,Collin Gillespie,33:44,16,6,5,12,0.417,2,3
20251218,PHO,Dillon Brooks,33:02,24,7,2,23,0.435,1,3
20251218,PHO,Devin Booker,32:57,25,2,2,19,0.474,1,3
20251218,PHO,Royce O'Neale,31:19,9,5,3,9,0.333,3,1
20251218,PHO,Mark Williams,19:01,6,4,1,3,0.667,1,1
20251218,PHO,Jordan Goodwin,30:08,9,6,3,12,0.25,2,0
20251218,PHO,Oso Ighodaro,28:24,2,13,0,3,0.333,5,2
20251218,PHO,Ryan Dunn,17:10,4,2,2,3,0.667,0,2
20251218,PHO,Jamaree Bouyea,14:15,4,4,1,4,0.25,1,0
20251218,LAL,Luka Dončić,39:33,45,11,14,28,0.5,5,1
20251218,LAL,Rui Hachimura,32:47,13,3,1,10,0.6,0,0
20251218,LAL,LeBron James,32:37,28,7,10,17,0.471,1,2
20251218,LAL,Marcus Smart,27:42,17,4,1,11,0.545,1,1
20251218,LAL,Jaxson Hayes,22:11,16,3,0,7,1.0,0,1
20251218,LAL,Jake LaRavia,28:13,12,6,4,6,0.667,0,1
20251218,LAL,Jarred Vanderbilt,25:10,7,11,1,7,0.429,0,1
20251218,LAL,Maxi Kleber,19:00,5,2,1,2,0.5,0,0
20251218,LAL,Nick Smith Jr.,5:19,0,0,0,2,0.0,0,0
20251218,LAL,Dalton Knecht,4:29,0,0,0,1,0.0,0,0
20251218,LAL,Adou Thiero,2:59,0,1,0,2,0.0,0,0
20251218,UTA,Keyonte George,39:05,34,4,8,20,0.45,0,2
20251218,UTA,Jusuf Nurkić,31:34,15,8,7,8,0.625,1,5
20251218,UTA,Kyle Filipowski,27:13,6,13,0,7,0.429,0,1
20251218,UTA,Ace Bailey,26:10,19,4,0,13,0.538,1,1
20251218,UTA,Svi Mykhailiuk,16:59,11,1,0,3,1.0,1,1
20251218,UTA,Isaiah Collier,28:08,18,0,13,12,0.5,0,3
20251218,UTA,Taylor Hendricks,22:45,4,3,1,1,1.0,1,0
20251218,UTA,Brice Sensabaugh,17:29,15,3,0,9,0.556,0,0
20251218,UTA,Kevin Love,16:20,5,2,1,5,0.2,0,0
20251218,UTA,Walter Clayton,14:19,8,1,1,5,0.6,0,0
20251218,SAC,Keegan Murray,42:48,17,3,2,17,0.471,2,2
20251218,SAC,Maxime Raynaud,36:52,29,11,2,20,0.5,2,2
20251218,SAC,Russell Westbrook,35:25,20,3,10,11,0.727,0,3
20251218,SAC,DeMar DeRozan,34:51,33,4,3,16,0.625,2,2
20251218,SAC,Precious Achiuwa,14:00,2,5,2,5,0.2,1,1
20251218,SAC,Keon Ellis,32:27,10,4,3,9,0.333,6,3
20251218,SAC,Dennis Schröder,22:20,6,2,6,6,0.333,0,2
20251218,SAC,Nique Clifford,19:57,8,2,0,6,0.5,0,1
20251218,SAC,Dylan Cardwell,16:08,8,7,1,3,1.0,0,1
20251218,SAC,Dario Šarić,10:12,0,1,0,1,0.0,0,1
20251218,POR,Deni Avdija,42:13,35,5,5,19,0.632,1,5
20251218,POR,Jerami Grant,40:26,20,9,5,18,0.389,0,3
20251218,POR,Shaedon Sharpe,35:06,26,4,4,22,0.5,1,4
20251218,POR,Donovan Clingan,34:58,19,8,4,9,0.667,0,1
20251218,POR,Toumani Camara,34:37,17,8,5,12,0.5,0,2
20251218,POR,Sidy Cissoko,28:35,3,0,3,6,0.167,2,2
20251218,POR,Kris Murray,17:19,7,3,1,6,0.5,1,1
20251218,POR,Robert Williams,17:13,2,6,2,3,0.333,0,1
20251218,POR,Caleb Love,8:39,5,1,1,7,0.286,1,0
20251218,POR,Duop Reath,4:14,0,0,0,1,0.0,0,0
20251218,POR,Rayan Rupert,1:40,0,0,0,0,,0,0
20251219,MIA,Jaime Jaquez Jr.,36:20,14,8,4,15,0.333,0,4
20251219,MIA,Bam Adebayo,36:07,16,10,4,13,0.462,1,3
20251219,MIA,Kasparas Jakučionis,35:36,17,6,4,13,0.385,0,1
20251219,MIA,Norman Powell,34:27,18,4,3,21,0.333,1,1
20251219,MIA,Kel'el Ware,27:34,24,14,2,12,0.667,0,0
20251219,MIA,Simone Fontecchio,30:28,12,2,4,13,0.308,0,1
20251219,MIA,Dru Smith,21:09,7,1,4,10,0.2,3,3
20251219,MIA,Myron Gardner,16:31,5,2,1,4,0.5,1,0
20251219,MIA,Keshad Johnson,0:54,3,0,0,1,1.0,0,0
20251219,MIA,Vladislav Goldin,0:54,0,0,1,0,,0,0
20251219,BOS,Derrick White,35:41,33,5,6,20,0.55,0,1
20251219,BOS,Jaylen Brown,34:44,30,9,7,18,0.5,1,5
20251219,BOS,Payton Pritchard,26:52,9,4,4,8,0.25,2,0
20251219,BOS,Neemias Queta,25:00,10,3,3,6,0.667,1,1
20251219,BOS,Jordan Walsh,21:33,6,7,1,6,0.333,0,1
20251219,BOS,Hugo González,29:27,10,8,0,7,0.571,2,2
20251219,BOS,Anfernee Simons,28:53,14,4,1,10,0.6,0,1
20251219,BOS,Sam Hauser,25:14,15,4,3,6,0.833,0,2
20251219,BOS,Josh Minott,6:52,2,1,0,1,1.0,2,1
20251219,BOS,Baylor Scheierman,5:44,0,1,0,0,,0,0
20251219,PHI,VJ Edgecombe,38:04,23,3,4,18,0.556,2,1
20251219,PHI,Tyrese Maxey,37:49,30,2,9,24,0.458,1,3
20251219,PHI,Paul George,33:05,7,6,4,10,0.2,1,1
20251219,PHI,Andre Drummond,32:18,14,13,1,7,0.571,0,1
20251219,PHI,Dominick Barlow,17:37,11,4,1,7,0.714,0,0
20251219,PHI,Jared McCain,21:03,12,3,1,10,0.4,0,1
20251219,PHI,Quentin Grimes,17:51,5,1,1,4,0.25,1,2
20251219,PHI,Adem Bona,14:46,3,2,0,1,1.0,0,1
20251219,PHI,Jabari Walker,13:48,3,1,0,3,0.0,0,0
20251219,PHI,Justin Edwards,13:39,8,1,0,4,0.5,2,0
20251219,NYK,Mikal Bridges,37:04,21,7,5,16,0.563,0,2
20251219,NYK,Jalen Brunson,36:50,22,6,9,22,0.318,0,0
20251219,NYK,Karl-Anthony Towns,35:20,22,11,1,15,0.467,0,3
20251219,NYK,Josh Hart,33:50,5,10,6,7,0.286,1,3
20251219,NYK,OG Anunoby,31:52,2,3,1,9,0.111,0,2
20251219,NYK,Mitchell Robinson,26:03,21,16,1,8,0.875,1,1
20251219,NYK,Jordan Clarkson,15:50,9,2,0,6,0.667,1,3
20251219,NYK,Tyler Kolek,15:27,2,2,2,3,0.333,0,4
20251219,NYK,Guerschon Yabusele,4:29,3,0,1,1,1.0,0,0
20251219,NYK,Mohamed Diawara,3:16,0,0,0,1,0.0,0,0
20251219,SAS,Devin Vassell,27:21,18,7,3,15,0.467,2,1
20251219,SAS,Stephon Castle,23:55,17,2,7,10,0.7,0,3
20251219,SAS,De'Aaron Fox,21:53,8,5,8,11,0.364,1,2
20251219,SAS,Harrison Barnes,21:48,7,4,0,3,0.667,1,0
20251219,SAS,Luke Kornet,17:37,8,9,0,5,0.6,1,1
20251219,SAS,Victor Wembanyama,21:28,26,12,3,15,0.667,1,2
20251219,SAS,Dylan Harper,18:26,6,3,4,6,0.5,0,2
20251219,SAS,Julian Champagnie,18:19,6,4,3,7,0.286,3,0
20251219,SAS,Lindy Waters III,16:55,8,1,0,5,0.6,2,0
20251219,SAS,Keldon Johnson,16:08,13,3,2,8,0.75,0,0
20251219,SAS,Jordan McLaughlin,10:02,4,3,0,3,0.667,0,1
20251219,SAS,Jeremy Sochan,10:02,0,1,0,1,0.0,0,0
20251219,SAS,Kelly Olynyk,8:03,4,1,0,4,0.5,0,1
20251219,SAS,Carter Bryant,8:03,1,1,1,1,0.0,0,1
20251219,ATL,Nickeil Alexander-Walker,32:34,23,2,4,18,0.389,0,3
20251219,ATL,Jalen Johnson,31:07,17,11,6,11,0.545,1,7
20251219,ATL,Onyeka Okongwu,30:56,7,8,5,11,0.273,2,1
20251219,ATL,Zaccharie Risacher,30:25,11,6,3,11,0.364,2,2
20251219,ATL,Dyson Daniels,25:51,11,6,3,14,0.357,0,1
20251219,ATL,Luke Kennard,28:46,10,2,0,5,0.8,1,1
20251219,ATL,Asa Newell,19:39,9,0,1,9,0.444,0,1
20251219,ATL,Vít Krejčí,18:21,2,3,1,5,0.2,0,0
20251219,ATL,Mouhamed Gueye,14:18,4,4,0,6,0.333,0,0
20251219,ATL,Keaton Wallace,8:03,4,1,3,4,0.5,1,0
20251219,CHI,Matas Buzelis,33:11,24,5,1,15,0.6,2,0
20251219,CHI,Nikola Vučević,32:18,24,15,2,20,0.55,1,1
20251219,CHI,Josh Giddey,29:59,17,6,7,15,0.467,1,2
20251219,CHI,Coby White,29:46,13,6,9,13,0.385,0,3
20251219,CHI,Isaac Okoro,19:30,3,2,0,3,0.333,3,0
20251219,CHI,Tre Jones,22:06,16,1,6,7,0.714,2,2
20251219,CHI,Kevin Huerter,20:15,14,5,3,12,0.5,2,0
20251219,CHI,Zach Collins,18:58,13,3,2,5,0.8,0,3
20251219,CHI,Jalen Smith,15:08,4,4,0,4,0.5,0,1
20251219,CHI,Ayo Dosunmu,13:56,8,1,3,7,0.429,1,0
20251219,CHI,Patrick Williams,4:53,0,0,1,1,0.0,0,0
20251219,CLE,Darius Garland,33:12,35,2,8,27,0.481,1,4
20251219,CLE,Jarrett Allen,29:45,14,12,5,9,0.667,2,1
20251219,CLE,Dean Wade,27:53,2,5,1,4,0.25,0,0
20251219,CLE,Tyrese Proctor,26:52,16,6,3,15,0.4,1,1
20251219,CLE,Jaylon Tyson,25:45,9,5,1,10,0.4,1,5
20251219,CLE,Lonzo Ball,28:06,8,3,8,4,0.75,2,1
20251219,CLE,De'Andre Hunter,25:47,11,3,1,10,0.3,0,1
20251219,CLE,Nae'Qwan Tomlin,20:55,15,3,2,14,0.429,1,1
20251219,CLE,Thomas Bryant,16:06,11,4,2,6,0.667,1,0
20251219,CLE,Luke Travers,5:39,4,3,0,2,1.0,1,1
20251219,OKC,Shai Gilgeous-Alexander,37:02,35,5,7,26,0.462,2,3
20251219,OKC,Jalen Williams,31:31,17,7,2,16,0.375,2,4
20251219,OKC,Luguentz Dort,28:46,11,4,2,12,0.25,0,1
20251219,OKC,Isaiah Hartenstein,27:31,1,10,0,2,0.0,0,2
20251219,OKC,Chet Holmgren,24:51,14,5,0,9,0.444,0,0
20251219,OKC,Cason Wallace,26:48,2,2,0,3,0.0,3,1
20251219,OKC,Ajay Mitchell,22:54,14,2,2,10,0.5,0,0
20251219,OKC,Alex Caruso,22:30,7,12,1,7,0.286,0,0
20251219,OKC,Isaiah Joe,12:55,6,4,2,5,0.4,0,0
20251219,OKC,Kenrich Williams,5:12,0,1,0,2,0.0,0,0
20251219,MIN,Anthony Edwards,40:46,26,12,3,20,0.45,3,3
20251219,MIN,Jaden McDaniels,37:02,13,4,2,13,0.308,0,2
20251219,MIN,Donte DiVincenzo,33:23,15,4,1,12,0.417,0,1
20251219,MIN,Rudy Gobert,33:07,9,14,1,7,0.429,0,2
20251219,MIN,Julius Randle,32:09,19,8,5,15,0.2,0,2
20251219,MIN,Naz Reid,30:39,15,6,2,10,0.5,3,1
20251219,MIN,Bones Hyland,15:41,13,3,3,7,0.571,2,1
20251219,MIN,Rob Dillingham,12:01,0,6,3,4,0.0,0,1
20251219,MIN,Terrence Shannon Jr.,5:12,2,0,0,0,,0,0
20251220,HOU,Kevin Durant,39:32,31,6,5,14,0.571,0,3
20251220,HOU,Jabari Smith Jr.,38:29,22,10,2,14,0.571,0,4
20251220,HOU,Amen Thompson,38:18,16,4,6,14,0.5,2,3
20251220,HOU,Alperen Şengün,30:21,8,6,4,9,0.444,1,5
20251220,HOU,Josh Okogie,28:38,9,3,1,5,0.6,0,0
20251220,HOU,Reed Sheppard,30:00,28,2,6,15,0.6,3,1
20251220,HOU,Steven Adams,25:14,1,12,0,4,0.0,0,0
20251220,HOU,Aaron Holiday,7:57,0,4,0,2,0.0,0,3
20251220,HOU,Jae'Sean Tate,1:30,0,0,0,0,,0,0
20251220,DEN,Jamal Murray,34:35,16,4,7,13,0.308,2,2
20251220,DEN,Cameron Johnson,31:53,6,4,3,10,0.2,1,0
20251220,DEN,Tim Hardaway Jr.,29:54,8,2,0,9,0.333,1,2
20251220,DEN,Nikola Jokić,29:08,25,7,5,20,0.45,0,5
20251220,DEN,Spencer Jones,27:50,9,4,2,8,0.5,2,0
20251220,DEN,Bruce Brown,27:44,12,12,1,8,0.625,2,0
20251220,DEN,Jalen Pickett,22:22,10,4,1,7,0.571,0,1
20251220,DEN,Jonas Valančiūnas,15:43,10,1,1,10,0.5,1,1
20251220,DEN,Zeke Nnaji,11:19,1,0,0,1,0.0,0,0
20251220,DEN,Julian Strawther,4:46,2,0,1,2,0.0,0,0
20251220,DEN,Hunter Tyson,4:46,2,1,0,4,0.25,0,0
20251220,IND,Pascal Siakam,30:51,22,5,3,14,0.429,1,3
20251220,IND,Andrew Nembhard,27:01,7,3,5,11,0.182,0,1
20251220,IND,Bennedict Mathurin,26:45,4,4,2,9,0.222,1,2
20251220,IND,Jay Huff,21:18,9,6,2,8,0.375,0,0
20251220,IND,Quenton Jackson,17:02,2,2,1,3,0.333,0,2
20251220,IND,Johnny Furphy,23:12,18,2,0,10,0.7,0,1
20251220,IND,Jarace Walker,20:05,7,5,3,11,0.182,1,0
20251220,IND,Ethan Thompson,18:57,7,2,2,7,0.429,1,1
20251220,IND,T.J. McConnell,17:31,16,4,8,10,0.8,2,2
20251220,IND,James Wiseman,14:44,6,3,0,5,0.6,0,1
20251220,IND,Isaiah Jackson,11:58,4,5,1,4,0.25,0,1
20251220,IND,Garrison Mathews,10:36,7,1,1,2,1.0,1,0
20251220,NOP,Trey Murphy III,32:59,17,6,4,8,0.625,0,2
20251220,NOP,Saddiq Bey,27:52,18,5,3,14,0.429,1,1
20251220,NOP,Derik Queen,27:10,17,10,4,8,1.0,1,2
20251220,NOP,Jeremiah Fears,22:30,5,3,1,6,0.333,0,4
20251220,NOP,Herbert Jones,12:07,5,3,3,6,0.333,1,0
20251220,NOP,Jordan Poole,31:35,16,2,6,10,0.4,0,2
20251220,NOP,Zion Williamson,23:29,29,7,1,14,0.643,1,2
20251220,NOP,Jose Alvarado,21:59,3,1,1,5,0.2,1,2
20251220,NOP,Karlo Matković,19:53,6,9,2,5,0.6,1,1
20251220,NOP,Micah Peavy,14:36,8,1,0,4,0.75,0,0
20251220,NOP,Yves Missi,2:55,4,1,0,3,0.667,0,0
20251220,NOP,Jordan Hawkins,2:55,0,1,0,2,0.0,0,0
20251220,DAL,Cooper Flagg,36:31,24,4,3,16,0.5,0,3
20251220,DAL,Naji Marshall,34:23,22,9,4,12,0.75,2,5
20251220,DAL,Anthony Davis,33:57,24,15,2,20,0.55,0,1
20251220,DAL,P.J. Washington,30:21,15,8,2,8,0.75,0,0
20251220,DAL,Ryan Nembhard,26:14,7,0,5,7,0.429,1,1
20251220,DAL,Brandon Williams,21:23,10,2,5,6,0.667,0,4
20251220,DAL,Klay Thompson,17:32,10,1,1,11,0.364,1,3
20251220,DAL,Max Christie,14:16,0,0,1,2,0.0,0,0
20251220,DAL,Daniel Gafford,14:03,2,4,0,0,,0,1
20251220,DAL,D'Angelo Russell,11:20,0,1,1,1,0.0,1,0
20251220,PHI,Tyrese Maxey,40:44,38,2,4,31,0.484,1,0
20251220,PHI,VJ Edgecombe,34:44,26,6,4,21,0.476,0,2
20251220,PHI,Dominick Barlow,30:20,21,4,2,13,0.692,2,1
20251220,PHI,Quentin Grimes,24:36,6,2,7,9,0.222,2,1
20251220,PHI,Andre Drummond,23:14,6,12,3,5,0.4,0,0
20251220,PHI,Jared McCain,30:24,12,5,5,11,0.273,3,2
20251220,PHI,Adem Bona,24:46,10,8,0,6,0.333,1,1
20251220,PHI,Jabari Walker,17:40,2,8,0,5,0.2,1,0
20251220,PHI,Justin Edwards,13:32,0,0,2,1,0.0,1,1
20251220,BOS,Payton Pritchard,37:00,33,7,10,24,0.542,0,1
20251220,BOS,Derrick White,35:55,15,5,7,20,0.25,0,2
20251220,BOS,Sam Hauser,27:21,6,6,1,6,0.333,0,1
20251220,BOS,Neemias Queta,22:08,14,5,0,7,1.0,1,1
20251220,BOS,Jordan Walsh,12:44,0,4,0,1,0.0,0,1
20251220,BOS,Hugo González,27:49,10,10,0,9,0.556,2,0
20251220,BOS,Anfernee Simons,26:00,15,3,1,15,0.4,2,0
20251220,BOS,Luka Garza,25:43,12,10,2,9,0.444,0,1
20251220,BOS,Josh Minott,17:25,5,4,0,2,0.5,0,1
20251220,BOS,Baylor Scheierman,7:55,2,1,1,2,0.5,2,1
20251220,TOR,Brandon Ingram,35:10,24,4,7,17,0.588,0,3
20251220,TOR,Scottie Barnes,33:08,12,9,6,15,0.333,0,4
20251220,TOR,Immanuel Quickley,31:33,3,4,7,12,0.083,1,1
20251220,TOR,Sandro Mamukelashvili,29:47,24,5,1,13,0.692,0,2
20251220,TOR,Ochai Agbaji,27:08,6,3,1,5,0.2,0,0
20251220,TOR,Jamal Shead,23:38,6,3,2,5,0.4,0,1
20251220,TOR,Collin Murray-Boyles,22:40,9,6,4,8,0.5,0,1
20251220,TOR,Ja'Kobe Walter,15:11,7,0,0,6,0.333,0,0
20251220,TOR,Gradey Dick,13:20,5,0,1,4,0.5,1,0
20251220,TOR,Jamison Battle,6:27,0,2,1,1,0.0,0,0
20251220,TOR,Garrett Temple,1:58,0,1,0,1,0.0,0,0
20251220,CHO,Kon Knueppel,34:27,19,7,5,14,0.357,0,4
20251220,CHO,Miles Bridges,30:23,19,2,2,15,0.4,0,4
20251220,CHO,Brandon Miller,30:02,14,7,0,16,0.25,1,5
20251220,CHO,Ryan Kalkbrenner,24:09,4,7,2,3,0.667,0,0
20251220,CHO,LaMelo Ball,23:04,8,1,6,14,0.214,2,4
20251220,CHO,Sion James,22:03,5,5,0,6,0.333,1,1
20251220,CHO,Tre Mann,17:50,3,4,3,6,0.167,2,2
20251220,CHO,Tidjane Salaün,17:37,8,3,0,8,0.375,1,1
20251220,CHO,Moussa Diabaté,16:41,1,3,0,2,0.0,1,0
20251220,CHO,Josh Green,14:09,5,3,2,5,0.4,3,2
20251220,CHO,Mason Plumlee,7:10,0,1,1,0,,1,0
20251220,CHO,Pat Connaughton,2:25,0,0,0,0,,0,0
20251220,DET,Cade Cunningham,35:38,22,10,10,20,0.45,2,2
20251220,DET,Tobias Harris,27:15,16,5,3,8,0.625,1,1
20251220,DET,Ausar Thompson,25:58,14,4,2,8,0.625,3,4
20251220,DET,Duncan Robinson,24:55,15,3,1,10,0.5,1,0
20251220,DET,Jalen Duren,24:39,19,11,2,16,0.563,1,1
20251220,DET,Isaiah Stewart,24:22,8,11,0,7,0.286,1,5
20251220,DET,Ron Holland,23:08,9,9,1,11,0.273,1,1
20251220,DET,Caris LeVert,17:34,2,2,0,2,0.0,2,2
20251220,DET,Javonte Green,14:16,2,3,1,4,0.25,3,0
20251220,DET,Jaden Ivey,13:16,5,1,2,6,0.333,1,1
20251220,DET,Daniss Jenkins,4:09,0,1,0,1,0.0,0,1
20251220,DET,Paul Reed,2:25,0,0,0,0,,0,1
20251220,DET,Marcus Sasser,2:25,0,1,1,0,,0,1
20251220,WAS,CJ McCollum,39:26,28,5,6,16,0.563,0,0
20251220,WAS,Kyshawn George,39:14,28,7,7,16,0.625,1,4
20251220,WAS,Bub Carrington,34:51,14,7,4,11,0.364,0,2
20251220,WAS,Alex Sarr,26:00,18,11,2,16,0.5,0,0
20251220,WAS,Khris Middleton,22:07,6,3,4,9,0.111,2,1
20251220,WAS,Justin Champagnie,23:56,4,11,4,5,0.2,1,1
20251220,WAS,Marvin Bagley III,21:56,16,6,3,13,0.615,0,2
20251220,WAS,Tre Johnson,21:27,12,3,2,11,0.455,1,3
20251220,WAS,Will Riley,10:50,4,1,0,2,0.5,0,0
20251220,WAS,Malaki Branham,0:13,0,0,0,0,,0,0
20251220,MEM,Cam Spencer,37:06,19,4,11,18,0.389,0,2
20251220,MEM,Jaylen Wells,32:01,4,5,1,10,0.2,1,2
20251220,MEM,Jaren Jackson Jr.,31:59,22,8,3,18,0.389,2,3
20251220,MEM,Cedric Coward,31:00,14,6,3,9,0.556,1,2
20251220,MEM,Brandon Clarke,3:52,2,3,0,2,0.5,1,0
20251220,MEM,Santi Aldama,35:44,37,10,2,23,0.652,1,2
20251220,MEM,Kentavious Caldwell-Pope,27:57,11,2,5,7,0.429,1,2
20251220,MEM,Jock Landale,23:50,5,8,1,10,0.2,0,1
20251220,MEM,Olivier-Maxence Prosper,16:31,8,2,5,3,1.0,0,0
20251220,PHO,Collin Gillespie,34:46,16,5,4,14,0.357,3,1
20251220,PHO,Devin Booker,33:51,38,1,5,27,0.481,3,2
20251220,PHO,Dillon Brooks,31:54,22,5,3,11,0.727,0,2
20251220,PHO,Royce O'Neale,29:44,5,3,2,7,0.286,1,3
20251220,PHO,Mark Williams,18:08,4,5,1,3,0.667,2,0
20251220,PHO,Oso Ighodaro,29:44,10,7,2,7,0.714,0,1
20251220,PHO,Jordan Goodwin,25:31,9,1,1,8,0.375,1,1
20251220,PHO,Ryan Dunn,20:22,7,5,3,6,0.333,1,3
20251220,PHO,Jamaree Bouyea,16:01,5,2,2,5,0.4,1,1
20251220,GSW,Stephen Curry,35:06,28,10,6,19,0.474,1,4
20251220,GSW,Jimmy Butler,34:52,25,1,2,21,0.476,0,1
20251220,GSW,Quinten Post,26:25,7,4,2,8,0.375,0,1
20251220,GSW,Moses Moody,17:33,3,2,3,4,0.25,0,0
20251220,GSW,Draymond Green,8:15,4,3,1,2,1.0,1,1
20251220,GSW,Brandin Podziemski,29:54,11,3,6,11,0.364,1,4
20251220,GSW,Will Richard,19:15,20,5,0,7,0.857,0,2
20251220,GSW,Gary Payton II,18:47,5,8,3,6,0.333,1,2
20251220,GSW,Trayce Jackson-Davis,17:27,5,7,0,2,1.0,1,2
20251220,GSW,De'Anthony Melton,15:34,2,2,5,5,0.0,1,2
20251220,GSW,Pat Spencer,10:19,4,1,1,4,0.25,1,0
20251220,GSW,Gui Santos,6:34,5,3,0,3,0.667,2,1
20251220,ORL,Paolo Banchero,42:18,23,9,9,18,0.333,0,2
20251220,ORL,Anthony Black,39:34,20,6,5,12,0.5,0,1
20251220,ORL,Desmond Bane,39:21,32,6,1,21,0.619,2,5
20251220,ORL,Wendell Carter Jr.,37:27,14,9,4,9,0.667,0,2
20251220,ORL,Tyus Jones,18:13,5,1,2,7,0.286,1,0
20251220,ORL,Noah Penda,23:35,13,12,4,11,0.545,2,1
20251220,ORL,Jase Richardson,23:10,10,1,3,10,0.4,0,1
20251220,ORL,Goga Bitadze,15:33,5,4,2,2,1.0,1,0
20251220,ORL,Jett Howard,14:49,5,2,2,4,0.5,0,1
20251220,ORL,Jonathan Isaac,11:00,1,2,0,2,0.0,0,0
20251220,UTA,Keyonte George,41:33,27,4,9,22,0.364,2,5
20251220,UTA,Ace Bailey,34:21,14,4,3,14,0.429,0,0
20251220,UTA,Svi Mykhailiuk,30:55,23,3,2,16,0.563,1,0
20251220,UTA,Kyle Filipowski,21:08,6,4,1,7,0.286,0,1
20251220,UTA,Jusuf Nurkić,21:06,4,8,5,5,0.4,1,1
20251220,UTA,Kevin Love,31:54,16,16,1,12,0.5,1,0
20251220,UTA,Isaiah Collier,28:07,18,5,9,12,0.5,1,3
20251220,UTA,Brice Sensabaugh,24:36,12,4,2,9,0.333,0,1
20251220,UTA,Cody Williams,12:39,0,2,2,4,0.0,0,0
20251220,UTA,Taylor Hendricks,10:38,6,2,0,2,1.0,0,0
20251220,UTA,Walter Clayton,8:03,1,0,0,2,0.0,1,1
20251220,POR,Deni Avdija,40:10,24,7,11,18,0.333,1,5
20251220,POR,Toumani Camara,36:31,15,6,2,14,0.357,4,4
20251220,POR,Kris Murray,35:37,9,3,0,7,0.429,2,1
20251220,POR,Shaedon Sharpe,34:19,23,4,3,19,0.526,2,5
20251220,POR,Donovan Clingan,30:09,14,14,0,7,0.857,1,2
20251220,POR,Sidy Cissoko,23:34,1,3,1,5,0.0,0,2
20251220,POR,Robert Williams,17:53,10,9,1,5,0.8,2,1
20251220,POR,Caleb Love,9:25,2,0,0,5,0.2,0,0
20251220,POR,Rayan Rupert,8:07,0,0,0,0,,0,0
20251220,POR,Duop Reath,4:14,0,0,0,1,0.0,0,0
20251220,SAC,Keegan Murray,39:42,15,6,2,19,0.368,0,2
20251220,SAC,DeMar DeRozan,34:56,15,5,1,12,0.417,5,1
20251220,SAC,Maxime Raynaud,30:30,17,11,1,13,0.538,1,5
20251220,SAC,Russell Westbrook,30:24,7,8,7,10,0.2,4,1
20251220,SAC,Precious Achiuwa,9:34,2,2,0,6,0.0,0,0
20251220,SAC,Dennis Schröder,31:08,21,5,6,13,0.462,1,4
20251220,SAC,Nique Clifford,29:20,12,5,1,11,0.455,2,0
20251220,SAC,Dylan Cardwell,20:46,4,8,0,3,0.333,1,2
20251220,SAC,Keon Ellis,10:15,0,0,0,0,,0,0
20251220,SAC,Dario Šarić,3:25,0,0,0,0,,0,0
20251220,LAL,LeBron James,37:37,36,4,3,28,0.536,2,3
20251220,LAL,Jake LaRavia,37:13,12,11,6,11,0.455,2,0
20251220,LAL,Jaxson Hayes,30:59,8,5,2,4,0.75,1,1
20251220,LAL,Marcus Smart,30:36,5,4,1,12,0.083,0,1
20251220,LAL,Luka Dončić,19:34,12,5,2,13,0.308,0,4
20251220,LAL,Jarred Vanderbilt,27:09,4,5,1,4,0.25,1,2
20251220,LAL,Nick Smith Jr.,21:47,9,3,1,11,0.364,1,0
20251220,LAL,Maxi Kleber,15:50,0,1,0,2,0.0,0,0
20251220,LAL,Dalton Knecht,13:29,2,4,0,3,0.333,0,0
20251220,LAL,Adou Thiero,5:46,0,1,0,0,,0,0
20251220,LAC,Kawhi Leonard,41:53,32,12,3,24,0.333,3,3
20251220,LAC,James Harden,40:57,21,4,10,20,0.3,2,3
20251220,LAC,John Collins,31:37,17,12,1,10,0.7,2,2
20251220,LAC,Kris Dunn,31:37,8,6,3,4,0.75,1,1
20251220,LAC,Ivica Zubac,10:47,5,2,1,3,0.667,0,1
20251220,LAC,Brook Lopez,24:52,11,5,0,7,0.571,0,4
20251220,LAC,Nicolas Batum,20:05,3,4,0,3,0.333,0,0
20251220,LAC,Bogdan Bogdanović,17:51,2,2,4,6,0.167,0,2
20251220,LAC,Kobe Sanders,17:08,4,1,0,3,0.667,0,0
20251220,LAC,Jordan Miller,2:27,0,0,0,0,,0,0
20251220,LAC,Kobe Brown,0:46,0,0,0,0,,0,0
20251221,CHI,Josh Giddey,31:51,19,9,12,12,0.5,2,1
20251221,CHI,Coby White,31:04,21,2,5,13,0.462,0,3
20251221,CHI,Nikola Vučević,30:16,13,5,6,12,0.417,3,1
20251221,CHI,Matas Buzelis,28:53,28,3,0,11,0.909,1,0
20251221,CHI,Isaac Okoro,18:36,14,1,1,7,0.857,2,0
20251221,CHI,Tre Jones,22:57,11,3,5,5,0.4,0,1
20251221,CHI,Kevin Huerter,21:04,16,1,5,9,0.667,1,1
20251221,CHI,Ayo Dosunmu,16:40,13,0,1,10,0.6,0,1
20251221,CHI,Zach Collins,15:59,10,7,2,5,0.8,0,2
20251221,CHI,Jalen Smith,13:12,3,5,3,1,0.0,0,1
20251221,CHI,Patrick Williams,9:29,4,4,1,7,0.286,0,0
20251221,ATL,Onyeka Okongwu,39:31,23,7,6,18,0.556,1,0
20251221,ATL,Dyson Daniels,39:04,8,9,9,9,0.333,2,1
20251221,ATL,Jalen Johnson,35:35,36,11,9,20,0.6,0,2
20251221,ATL,Trae Young,26:21,35,1,9,16,0.625,0,2
20251221,ATL,Zaccharie Risacher,24:16,17,2,2,11,0.545,0,2
20251221,ATL,Nickeil Alexander-Walker,29:01,9,1,2,12,0.25,1,3
20251221,ATL,Vít Krejčí,18:28,20,0,0,10,0.6,0,0
20251221,ATL,Mouhamed Gueye,12:58,2,2,0,2,0.5,1,0
20251221,ATL,Luke Kennard,9:27,0,1,2,0,,1,0
20251221,ATL,Asa Newell,5:19,0,1,0,0,,0,0
20251221,TOR,Scottie Barnes,33:44,6,6,1,10,0.3,1,3
20251221,TOR,Brandon Ingram,33:29,19,5,3,18,0.389,0,3
20251221,TOR,Immanuel Quickley,31:32,17,5,10,16,0.313,0,1
20251221,TOR,Ochai Agbaji,20:47,7,1,0,6,0.5,1,1
20251221,TOR,Jakob Poeltl,6:36,2,2,0,1,1.0,0,1
20251221,TOR,Ja'Kobe Walter,23:08,9,3,0,5,0.8,2,1
20251221,TOR,Jamal Shead,20:28,2,2,4,7,0.143,0,2
20251221,TOR,Sandro Mamukelashvili,19:57,4,5,0,4,0.25,1,3
20251221,TOR,Collin Murray-Boyles,18:42,8,5,2,8,0.5,0,0
20251221,TOR,Gradey Dick,17:08,3,2,1,6,0.167,1,0
20251221,TOR,Jamison Battle,12:24,4,3,1,5,0.4,0,0
20251221,TOR,Garrett Temple,2:05,0,0,1,0,,0,0
20251221,BRK,Michael Porter Jr.,36:09,24,11,5,18,0.5,1,3
20251221,BRK,Noah Clowney,33:21,19,9,2,12,0.417,0,1
20251221,BRK,Egor Dёmin,30:24,16,5,3,10,0.6,2,4
20251221,BRK,Nic Claxton,27:37,12,7,2,9,0.667,0,2
20251221,BRK,Terance Mann,25:42,5,3,7,3,0.667,0,2
20251221,BRK,Nolan Traoré,22:18,8,3,2,9,0.333,1,1
20251221,BRK,Day'Ron Sharpe,20:24,8,3,4,4,0.75,0,2
20251221,BRK,Danny Wolf,18:59,0,3,2,4,0.0,0,1
20251221,BRK,Ziaire Williams,13:58,2,1,0,3,0.0,3,3
20251221,BRK,Tyrese Martin,11:10,2,3,2,3,0.333,0,2
20251221,MIA,Norman Powell,35:11,22,4,3,17,0.412,3,1
20251221,MIA,Kel'el Ware,34:31,28,19,0,15,0.733,1,1
20251221,MIA,Bam Adebayo,33:34,14,9,0,11,0.364,0,3
20251221,MIA,Davion Mitchell,31:04,13,2,8,8,0.625,0,3
20251221,MIA,Andrew Wiggins,24:27,7,5,4,8,0.25,0,1
20251221,MIA,Jaime Jaquez Jr.,33:38,23,0,5,15,0.6,0,1
20251221,MIA,Dru Smith,17:50,9,0,3,4,0.5,1,0
20251221,MIA,Simone Fontecchio,17:21,7,4,3,6,0.167,0,1
20251221,MIA,Kasparas Jakučionis,12:24,2,2,0,3,0.0,0,0
20251221,NYK,Mikal Bridges,40:08,24,2,4,14,0.643,0,2
20251221,NYK,Jalen Brunson,38:11,47,3,8,26,0.577,0,0
20251221,NYK,OG Anunoby,33:32,18,2,3,12,0.5,1,4
20251221,NYK,Josh Hart,33:17,13,10,5,10,0.5,2,0
20251221,NYK,Karl-Anthony Towns,28:47,2,6,2,5,0.2,2,3
20251221,NYK,Mitchell Robinson,22:22,9,7,2,4,0.75,2,0
20251221,NYK,Tyler Kolek,22:12,6,4,3,6,0.5,0,1
20251221,NYK,Jordan Clarkson,17:52,10,2,1,5,0.8,0,2
20251221,NYK,Mohamed Diawara,3:39,3,0,0,3,0.333,0,0
20251221,MIL,Bobby Portis,39:04,16,11,1,17,0.412,1,3
20251221,MIL,Myles Turner,37:39,13,5,4,11,0.364,0,0
20251221,MIL,Kevin Porter Jr.,37:16,24,10,9,17,0.471,4,6
20251221,MIL,Kyle Kuzma,32:10,12,10,4,5,0.6,0,4
20251221,MIL,A.J. Green,23:26,4,3,2,8,0.125,0,2
20251221,MIL,Ryan Rollins,22:44,16,4,5,14,0.429,0,0
20251221,MIL,Jericho Sims,19:12,9,6,2,4,1.0,1,1
20251221,MIL,Gary Trent Jr.,17:47,6,2,0,11,0.182,0,0
20251221,MIL,Gary Harris,10:42,0,0,0,0,,0,0
20251221,MIN,Rudy Gobert,39:18,11,18,3,7,0.714,1,0
20251221,MIN,Anthony Edwards,36:40,24,4,6,24,0.292,0,1
20251221,MIN,Donte DiVincenzo,33:09,18,5,4,11,0.636,2,3
20251221,MIN,Julius Randle,32:21,12,7,2,9,0.444,2,2
20251221,MIN,Jaden McDaniels,8:50,0,1,1,4,0.0,0,0
20251221,MIN,Naz Reid,28:55,12,6,2,12,0.417,1,4
20251221,MIN,Mike Conley,23:54,6,5,6,6,0.333,1,0
20251221,MIN,Bones Hyland,18:33,9,0,4,7,0.429,1,0
20251221,MIN,Terrence Shannon Jr.,12:12,11,0,0,7,0.571,1,0
20251221,MIN,Jaylen Clark,6:08,0,0,0,1,0.0,1,0
20251221,SAS,De'Aaron Fox,32:57,27,7,6,19,0.526,0,0
20251221,SAS,Stephon Castle,31:58,18,5,11,16,0.25,3,2
20251221,SAS,Devin Vassell,30:44,11,6,1,11,0.273,0,1
20251221,SAS,Luke Kornet,27:52,20,12,0,11,0.727,0,0
20251221,SAS,Harrison Barnes,25:56,14,1,2,11,0.455,0,0
20251221,SAS,Keldon Johnson,23:46,12,9,0,6,0.667,0,1
20251221,SAS,Victor Wembanyama,21:30,14,12,2,13,0.462,0,2
20251221,SAS,Julian Champagnie,18:08,3,3,1,6,0.167,0,1
20251221,SAS,Dylan Harper,17:44,1,2,3,8,0.0,0,2
20251221,SAS,Kelly Olynyk,9:25,4,4,0,3,0.667,0,0
20251221,WAS,Bub Carrington,39:49,21,5,4,11,0.636,0,1
20251221,WAS,CJ McCollum,34:10,15,3,4,15,0.4,2,2
20251221,WAS,Kyshawn George,33:16,14,4,7,13,0.462,1,2
20251221,WAS,Tristan Vukcevic,27:12,18,9,0,19,0.421,0,0
20251221,WAS,Justin Champagnie,20:44,5,3,1,6,0.333,0,0
20251221,WAS,Tre Johnson,25:27,19,7,1,10,0.6,0,0
20251221,WAS,Jamir Watkins,21:55,4,5,2,2,0.0,2,0
20251221,WAS,Will Riley,16:48,8,1,1,8,0.375,0,0
20251221,WAS,Malaki Branham,16:01,9,4,0,8,0.5,0,0
20251221,WAS,Anthony Gill,4:38,0,2,0,3,0.0,0,0
20251221,HOU,Kevin Durant,47:30,24,10,8,21,0.381,0,2
20251221,HOU,Amen Thompson,45:09,18,9,8,10,0.7,3,2
20251221,HOU,Alperen Şengün,40:55,28,6,3,17,0.706,2,4
20251221,HOU,Jabari Smith Jr.,36:26,18,5,2,16,0.375,2,0
20251221,HOU,Josh Okogie,33:42,3,6,2,5,0.2,1,2
20251221,HOU,Reed Sheppard,33:49,15,2,4,13,0.308,0,3
20251221,HOU,Tari Eason,15:32,16,3,3,8,0.75,1,0
20251221,HOU,Clint Capela,11:56,2,6,1,4,0.25,0,1
20251221,SAC,Keegan Murray,46:57,26,4,0,14,0.643,1,1
20251221,SAC,DeMar DeRozan,40:08,27,4,9,17,0.529,2,1
20251221,SAC,Maxime Raynaud,37:06,12,14,0,12,0.5,1,2
20251221,SAC,Russell Westbrook,29:20,21,13,4,24,0.333,2,4
20251221,SAC,Precious Achiuwa,18:14,5,1,2,2,0.5,1,1
20251221,SAC,Dennis Schröder,31:52,24,7,10,13,0.538,0,1
20251221,SAC,Nique Clifford,26:54,6,6,4,8,0.25,1,1
20251221,SAC,Dylan Cardwell,20:36,2,4,0,1,1.0,0,0
20251221,SAC,Keon Ellis,9:02,0,2,0,3,0.0,0,0
20251221,SAC,Malik Monk,4:50,2,0,0,1,1.0,0,0
20251222,CHO,Kon Knueppel,30:49,20,1,2,11,0.545,0,3
20251222,CHO,Miles Bridges,29:33,17,6,4,14,0.429,0,1
20251222,CHO,Brandon Miller,26:44,20,1,3,13,0.615,2,3
20251222,CHO,LaMelo Ball,24:24,23,4,9,16,0.5,0,3
20251222,CHO,Mason Plumlee,10:00,5,5,0,4,0.5,0,3
20251222,CHO,Moussa Diabaté,28:24,5,14,2,6,0.333,6,3
20251222,CHO,Tidjane Salaün,21:28,2,3,1,4,0.25,0,0
20251222,CHO,Sion James,20:42,7,1,3,5,0.4,0,1
20251222,CHO,Josh Green,19:30,10,1,1,4,0.75,2,1
20251222,CHO,Tre Mann,17:20,13,5,3,13,0.385,0,1
20251222,CHO,Liam McNeeley,5:33,7,1,1,3,0.667,0,0
20251222,CHO,Pat Connaughton,5:33,3,2,0,1,1.0,0,0
20251222,CLE,Darius Garland,30:24,27,4,10,15,0.6,2,3
20251222,CLE,Donovan Mitchell,28:43,30,4,5,18,0.556,0,3
20251222,CLE,Dean Wade,27:54,14,7,2,7,0.571,0,0
20251222,CLE,Jaylon Tyson,20:02,0,1,3,6,0.0,3,2
20251222,CLE,Jarrett Allen,19:48,12,5,2,4,1.0,1,2
20251222,CLE,Sam Merrill,25:56,4,1,5,7,0.286,1,0
20251222,CLE,De'Andre Hunter,25:40,27,5,1,13,0.692,1,2
20251222,CLE,Lonzo Ball,23:49,6,2,7,5,0.4,1,1
20251222,CLE,Thomas Bryant,19:39,10,1,1,5,0.8,0,0
20251222,CLE,Nae'Qwan Tomlin,12:44,5,0,0,4,0.5,0,0
20251222,CLE,Craig Porter Jr.,2:55,2,0,0,1,1.0,0,0
20251222,CLE,Tyrese Proctor,2:26,2,0,0,2,0.5,0,0
20251222,IND,Pascal Siakam,37:21,25,6,3,18,0.5,0,0
20251222,IND,Bennedict Mathurin,36:49,16,9,0,20,0.35,0,0
20251222,IND,Andrew Nembhard,35:48,20,2,7,13,0.462,0,4
20251222,IND,Ethan Thompson,33:36,13,4,4,12,0.417,1,2
20251222,IND,Jay Huff,25:09,3,5,0,6,0.167,0,2
20251222,IND,Johnny Furphy,23:04,3,5,2,4,0.25,1,0
20251222,IND,Quenton Jackson,15:55,9,0,1,5,0.4,1,2
20251222,IND,Jarace Walker,15:22,2,4,0,5,0.2,1,1
20251222,IND,James Wiseman,12:11,0,1,2,1,0.0,0,0
20251222,IND,Isaiah Jackson,2:23,0,0,0,0,,0,1
20251222,IND,Garrison Mathews,1:00,2,0,0,0,,0,0
20251222,IND,Kam Jones,0:41,2,0,0,1,1.0,0,0
20251222,IND,Taelon Peter,0:41,0,0,0,0,,0,0
20251222,BOS,Jaylen Brown,33:13,31,9,2,25,0.44,1,2
20251222,BOS,Payton Pritchard,32:57,11,3,5,12,0.333,2,3
20251222,BOS,Derrick White,31:31,19,5,4,16,0.438,0,2
20251222,BOS,Neemias Queta,23:22,8,8,2,5,0.6,0,1
20251222,BOS,Josh Minott,8:35,2,0,0,2,0.5,1,0
20251222,BOS,Hugo González,36:47,6,11,1,5,0.6,1,2
20251222,BOS,Luka Garza,24:28,6,9,3,2,1.0,0,0
20251222,BOS,Sam Hauser,19:55,6,3,1,8,0.25,1,1
20251222,BOS,Anfernee Simons,17:25,11,0,1,11,0.364,0,1
20251222,BOS,Baylor Scheierman,11:47,3,1,0,3,0.333,0,1
20251222,DAL,Anthony Davis,35:20,35,17,2,28,0.571,1,4
20251222,DAL,Cooper Flagg,35:01,16,6,6,11,0.455,1,2
20251222,DAL,Naji Marshall,29:03,15,5,6,10,0.7,0,1
20251222,DAL,P.J. Washington,28:23,8,8,0,7,0.429,1,3
20251222,DAL,Ryan Nembhard,24:39,4,4,8,13,0.154,1,5
20251222,DAL,Klay Thompson,31:04,20,5,1,17,0.412,1,1
20251222,DAL,Caleb Martin,16:46,4,2,3,2,1.0,0,0
20251222,DAL,Brandon Williams,14:42,4,3,2,8,0.25,2,0
20251222,DAL,Daniel Gafford,14:05,3,5,0,3,0.333,2,0
20251222,DAL,Jaden Hardy,10:57,4,2,1,5,0.2,0,0
20251222,NOP,Trey Murphy III,37:59,11,5,4,12,0.333,4,1
20251222,NOP,Saddiq Bey,35:13,19,7,1,17,0.412,0,1
20251222,NOP,Derik Queen,34:10,19,10,6,12,0.583,2,3
20251222,NOP,Jeremiah Fears,24:06,12,5,4,14,0.286,1,1
20251222,NOP,Herbert Jones,21:41,9,2,4,7,0.571,1,1
20251222,NOP,Jordan Poole,27:14,14,2,1,12,0.333,0,2
20251222,NOP,Zion Williamson,25:05,24,9,3,14,0.714,0,1
20251222,NOP,Jose Alvarado,15:36,6,2,3,4,0.5,1,1
20251222,NOP,Karlo Matković,13:40,5,6,1,4,0.5,0,1
20251222,NOP,Micah Peavy,5:16,0,3,1,1,0.0,0,0
20251222,UTA,Lauri Markkanen,36:12,27,8,1,20,0.5,0,3
20251222,UTA,Jusuf Nurkić,34:32,17,14,6,10,0.6,0,2
20251222,UTA,Keyonte George,33:55,20,8,7,14,0.5,1,4
20251222,UTA,Ace Bailey,24:01,10,3,0,13,0.308,0,0
20251222,UTA,Svi Mykhailiuk,14:19,6,1,0,8,0.25,0,0
20251222,UTA,Isaiah Collier,23:50,2,2,9,6,0.167,2,2
20251222,UTA,Brice Sensabaugh,23:11,14,6,1,12,0.417,1,1
20251222,UTA,Walter Clayton,16:32,6,2,4,7,0.286,1,0
20251222,UTA,Kyle Filipowski,12:39,5,2,1,2,1.0,0,1
20251222,UTA,Taylor Hendricks,12:37,5,2,0,4,0.5,0,0
20251222,UTA,Cody Williams,8:12,0,1,1,0,,0,1
20251222,DEN,Cameron Johnson,29:10,20,2,4,9,0.667,0,1
20251222,DEN,Nikola Jokić,28:39,14,13,13,7,0.714,2,2
20251222,DEN,Peyton Watson,27:50,20,3,2,9,0.778,1,0
20251222,DEN,Jamal Murray,26:55,27,6,5,16,0.5,1,1
20251222,DEN,Spencer Jones,19:51,3,1,3,6,0.167,1,1
20251222,DEN,Bruce Brown,27:17,15,5,1,9,0.778,2,0
20251222,DEN,Tim Hardaway Jr.,24:37,21,3,2,12,0.5,0,1
20251222,DEN,Jalen Pickett,21:42,3,3,5,5,0.2,0,2
20251222,DEN,Jonas Valančiūnas,16:13,12,11,1,11,0.455,0,0
20251222,DEN,Julian Strawther,11:29,0,0,1,6,0.0,1,2
20251222,DEN,Hunter Tyson,3:09,0,1,0,1,0.0,0,0
20251222,DEN,Zeke Nnaji,3:08,0,3,0,1,0.0,0,0
20251222,MEM,Cam Spencer,34:47,14,5,8,11,0.364,1,4
20251222,MEM,Jaylen Wells,32:30,12,4,0,16,0.313,3,5
20251222,MEM,Jaren Jackson Jr.,31:35,11,3,1,8,0.25,2,0
20251222,MEM,Jock Landale,25:46,11,10,3,9,0.444,0,2
20251222,MEM,Cedric Coward,24:47,16,8,6,10,0.5,0,0
20251222,MEM,Santi Aldama,24:40,9,7,1,13,0.308,0,2
20251222,MEM,Kentavious Caldwell-Pope,20:41,16,3,4,6,0.833,0,3
20251222,MEM,Olivier-Maxence Prosper,17:24,8,1,0,5,0.6,0,2
20251222,MEM,GG Jackson II,12:30,6,2,0,5,0.4,1,1
20251222,MEM,Christian Koloko,9:30,0,1,1,0,,0,0
20251222,MEM,Jahmai Mashack,5:50,0,2,2,0,,1,2
20251222,OKC,Shai Gilgeous-Alexander,35:39,31,10,8,20,0.55,4,5
20251222,OKC,Jalen Williams,34:15,24,6,2,20,0.5,0,2
20251222,OKC,Luguentz Dort,30:24,13,4,0,9,0.556,3,0
20251222,OKC,Cason Wallace,29:08,8,3,1,8,0.375,1,0
20251222,OKC,Branden Carlson,24:44,11,3,2,7,0.571,0,2
20251222,OKC,Kenrich Williams,25:00,11,6,3,9,0.556,4,0
20251222,OKC,Ajay Mitchell,22:12,16,9,2,13,0.538,2,3
20251222,OKC,Isaiah Joe,20:03,5,2,1,5,0.2,0,1
20251222,OKC,Brooks Barnhizer,16:24,0,3,1,2,0.0,0,0
20251222,OKC,Chris Youngblood,2:12,0,0,0,1,0.0,0,0
20251222,ORL,Paolo Banchero,34:03,21,12,7,19,0.368,0,4
20251222,ORL,Desmond Bane,33:03,20,4,3,16,0.5,0,2
20251222,ORL,Anthony Black,30:31,19,6,3,12,0.667,0,2
20251222,ORL,Wendell Carter Jr.,28:44,9,4,2,8,0.375,0,1
20251222,ORL,Tyus Jones,25:57,7,3,4,6,0.333,4,1
20251222,ORL,Jase Richardson,21:58,11,4,0,11,0.455,1,3
20251222,ORL,Jett Howard,18:10,2,2,2,4,0.25,0,2
20251222,ORL,Noah Penda,15:26,5,4,0,3,0.667,0,1
20251222,ORL,Goga Bitadze,14:29,2,5,0,3,0.0,2,1
20251222,ORL,Jonathan Isaac,12:52,1,4,0,2,0.0,1,0
20251222,ORL,Jamal Cain,4:47,0,0,0,3,0.0,0,1
20251222,GSW,Moses Moody,32:25,20,3,3,11,0.727,0,0
20251222,GSW,Stephen Curry,31:08,26,3,6,23,0.435,2,3
20251222,GSW,Jimmy Butler,29:30,21,3,4,9,0.778,0,1
20251222,GSW,Quinten Post,25:11,8,12,4,10,0.4,0,0
20251222,GSW,Draymond Green,17:46,9,7,2,5,0.8,0,1
20251222,GSW,Brandin Podziemski,27:30,16,4,5,10,0.6,1,2
20251222,GSW,De'Anthony Melton,15:30,4,0,1,6,0.167,2,0
20251222,GSW,Will Richard,12:58,0,1,1,2,0.0,0,0
20251222,GSW,Trayce Jackson-Davis,12:19,4,4,0,4,0.5,0,1
20251222,GSW,Pat Spencer,12:00,2,2,2,5,0.0,0,3
20251222,GSW,Gary Payton II,10:20,7,4,5,3,1.0,1,1
20251222,GSW,Gui Santos,10:07,0,1,0,0,,2,0
20251222,GSW,Buddy Hield,3:16,3,3,0,1,1.0,0,1
20251222,DET,Tobias Harris,33:01,12,4,4,14,0.357,0,1
20251222,DET,Duncan Robinson,31:37,15,2,4,14,0.286,0,0
20251222,DET,Ausar Thompson,27:50,18,12,3,16,0.5,4,2
20251222,DET,Cade Cunningham,25:53,14,6,9,9,0.667,1,5
20251222,DET,Jalen Duren,23:37,26,10,2,15,0.733,1,0
20251222,DET,Javonte Green,23:34,6,5,1,7,0.286,2,0
20251222,DET,Isaiah Stewart,20:34,3,4,0,3,0.333,0,0
20251222,DET,Caris LeVert,18:00,0,4,1,8,0.0,1,0
20251222,DET,Jaden Ivey,17:58,11,0,1,8,0.625,2,0
20251222,DET,Daniss Jenkins,13:49,5,1,3,7,0.286,0,0
20251222,DET,Paul Reed,4:07,0,0,0,0,,0,0
20251222,POR,Deni Avdija,38:55,18,8,9,12,0.333,0,3
20251222,POR,Shaedon Sharpe,34:32,25,3,2,21,0.524,5,8
20251222,POR,Donovan Clingan,33:33,17,10,2,8,0.75,0,0
20251222,POR,Toumani Camara,29:23,8,2,0,9,0.333,0,3
20251222,POR,Kris Murray,27:55,5,3,0,4,0.5,0,0
20251222,POR,Sidy Cissoko,27:01,16,3,3,8,0.375,1,3
20251222,POR,Caleb Love,18:03,5,3,4,5,0.2,0,1
20251222,POR,Robert Williams,14:24,8,5,0,3,1.0,0,0
20251222,POR,Rayan Rupert,10:36,0,0,0,2,0.0,0,0
20251222,POR,Duop Reath,5:39,0,1,1,2,0.0,0,0
20251223,WAS,CJ McCollum,33:17,14,6,4,17,0.294,0,0
20251223,WAS,Kyshawn George,31:21,2,2,6,9,0.111,0,3
20251223,WAS,Alex Sarr,24:36,7,11,1,6,0.333,1,0
20251223,WAS,Bilal Coulibaly,23:26,14,5,1,13,0.385,0,1
20251223,WAS,Khris Middleton,21:51,16,1,1,10,0.5,1,0
20251223,WAS,Tre Johnson,21:25,12,3,2,12,0.417,1,0
20251223,WAS,Marvin Bagley III,21:08,15,3,1,7,0.714,0,0
20251223,WAS,Justin Champagnie,19:28,10,9,0,7,0.714,0,0
20251223,WAS,Bub Carrington,15:11,6,5,2,3,0.667,0,1
20251223,WAS,Corey Kispert,13:27,9,1,3,8,0.375,0,0
20251223,WAS,Malaki Branham,5:46,2,3,1,2,0.5,0,1
20251223,WAS,Will Riley,2:16,2,0,0,2,0.5,0,0
20251223,WAS,Anthony Gill,2:16,0,0,0,0,,0,0
20251223,WAS,AJ Johnson,2:16,0,0,0,1,0.0,0,0
20251223,WAS,Tristan Vukcevic,2:16,0,0,0,0,,0,0
20251223,CHO,Moussa Diabaté,35:44,12,18,1,6,1.0,0,0
20251223,CHO,Miles Bridges,33:36,10,9,9,13,0.308,0,1
20251223,CHO,Brandon Miller,30:17,20,4,4,17,0.471,0,0
20251223,CHO,Kon Knueppel,28:26,19,3,2,15,0.467,0,1
20251223,CHO,LaMelo Ball,24:48,23,2,9,12,0.583,1,2
20251223,CHO,Sion James,23:45,13,4,4,5,0.4,1,0
20251223,CHO,Tidjane Salaün,21:36,11,6,1,11,0.364,1,0
20251223,CHO,Collin Sexton,16:03,12,1,2,7,0.286,0,0
20251223,CHO,Tre Mann,11:38,3,2,1,5,0.2,0,0
20251223,CHO,Josh Green,11:17,3,2,2,2,0.5,0,0
20251223,CHO,Pat Connaughton,1:25,0,0,0,0,,0,0
20251223,CHO,Liam McNeeley,1:25,0,0,0,0,,0,0
20251223,BRK,Michael Porter Jr.,33:41,28,5,1,20,0.45,2,3
20251223,BRK,Egor Dёmin,33:28,20,2,5,11,0.545,0,3
20251223,BRK,Terance Mann,30:10,4,5,4,6,0.167,0,2
20251223,BRK,Noah Clowney,28:19,13,1,1,12,0.333,2,2
20251223,BRK,Nic Claxton,27:16,16,10,2,7,0.857,1,1
20251223,BRK,Danny Wolf,21:51,3,2,2,9,0.111,1,2
20251223,BRK,Day'Ron Sharpe,20:44,9,11,6,5,0.6,1,0
20251223,BRK,Ziaire Williams,17:57,9,0,0,5,0.2,1,1
20251223,BRK,Nolan Traoré,14:25,5,1,2,3,0.667,0,3
20251223,BRK,Tyrese Martin,12:09,7,2,1,4,0.5,0,1
20251223,PHI,Tyrese Maxey,39:16,13,3,2,14,0.214,4,4
20251223,PHI,Jared McCain,39:14,10,9,4,11,0.273,2,2
20251223,PHI,Paul George,33:08,19,4,2,14,0.357,4,3
20251223,PHI,Joel Embiid,31:28,27,6,4,13,0.615,0,3
20251223,PHI,Jabari Walker,12:46,5,4,1,4,0.5,0,1
20251223,PHI,Justin Edwards,20:25,4,2,0,5,0.2,1,1
20251223,PHI,Adem Bona,18:37,4,1,0,2,1.0,0,0
20251223,PHI,Eric Gordon,17:06,12,0,0,8,0.5,1,0
20251223,PHI,Andre Drummond,16:34,12,13,0,10,0.5,0,1
20251223,PHI,Kyle Lowry,10:13,0,1,2,0,,0,1
20251223,PHI,Johni Broome,0:36,0,0,0,0,,0,0
20251223,PHI,Hunter Sallis,0:36,0,0,0,0,,0,0
20251223,CHI,Josh Giddey,36:08,19,11,15,15,0.533,0,7
20251223,CHI,Coby White,31:10,24,0,4,13,0.538,3,7
20251223,CHI,Nikola Vučević,30:55,21,10,4,16,0.563,0,0
20251223,CHI,Isaac Okoro,22:05,8,2,1,6,0.333,0,0
20251223,CHI,Matas Buzelis,18:24,15,2,0,8,0.75,0,0
20251223,CHI,Kevin Huerter,26:41,9,7,1,7,0.429,0,0
20251223,CHI,Tre Jones,23:29,9,3,2,6,0.5,0,0
20251223,CHI,Zach Collins,17:40,10,7,2,9,0.556,0,1
20251223,CHI,Ayo Dosunmu,16:10,6,2,2,6,0.333,0,1
20251223,CHI,Jalen Smith,11:44,5,4,3,3,0.333,0,0
20251223,CHI,Patrick Williams,5:34,0,0,1,2,0.0,1,0
20251223,ATL,Jalen Johnson,38:52,24,9,10,23,0.478,1,5
20251223,ATL,Onyeka Okongwu,35:58,10,7,3,9,0.444,0,1
20251223,ATL,Nickeil Alexander-Walker,34:24,21,1,2,19,0.474,2,0
20251223,ATL,Trae Young,31:00,22,1,15,16,0.438,2,1
20251223,ATL,Zaccharie Risacher,20:49,10,7,3,6,0.5,1,0
20251223,ATL,Vít Krejčí,28:31,19,3,2,9,0.778,1,1
20251223,ATL,Asa Newell,21:10,13,7,0,7,0.714,2,3
20251223,ATL,Luke Kennard,20:46,2,2,2,4,0.25,0,0
20251223,ATL,Keaton Wallace,8:30,2,1,1,2,0.5,0,0
20251223,NOP,Bryce McGowens,30:36,8,7,3,7,0.429,3,1
20251223,NOP,Jeremiah Fears,27:13,11,4,5,11,0.273,1,3
20251223,NOP,Trey Murphy III,26:26,14,3,5,12,0.5,1,2
20251223,NOP,Saddiq Bey,26:08,11,3,2,13,0.385,0,0
20251223,NOP,Derik Queen,25:11,21,7,5,14,0.5,1,1
20251223,NOP,Jose Alvarado,25:24,6,2,2,4,0.5,1,2
20251223,NOP,Jordan Hawkins,21:34,7,3,1,5,0.4,0,2
20251223,NOP,Zion Williamson,20:55,26,5,1,15,0.6,1,3
20251223,NOP,Micah Peavy,13:44,5,2,0,4,0.5,1,0
20251223,NOP,Yves Missi,12:48,7,2,2,3,1.0,1,1
20251223,NOP,Karlo Matković,10:01,2,5,0,6,0.167,0,1
20251223,CLE,Donovan Mitchell,29:40,27,4,4,16,0.688,1,3
20251223,CLE,Darius Garland,28:34,10,1,8,9,0.444,0,3
20251223,CLE,Jarrett Allen,26:17,14,9,3,9,0.667,0,1
20251223,CLE,Sam Merrill,25:43,22,6,7,12,0.583,1,1
20251223,CLE,Dean Wade,24:53,11,5,4,10,0.4,0,1
20251223,CLE,Jaylon Tyson,24:39,18,6,2,13,0.615,0,0
20251223,CLE,De'Andre Hunter,24:07,10,2,1,13,0.385,2,1
20251223,CLE,Craig Porter Jr.,22:17,12,8,8,8,0.5,2,1
20251223,CLE,Thomas Bryant,21:43,15,7,1,8,0.75,0,0
20251223,CLE,Tyrese Proctor,8:18,0,1,2,5,0.0,1,2
20251223,CLE,Nae'Qwan Tomlin,3:49,2,0,0,2,0.5,1,0
20251223,MIL,Kevin Porter Jr.,37:52,24,6,5,13,0.615,3,1
20251223,MIL,Kyle Kuzma,34:36,15,7,2,12,0.417,0,5
20251223,MIL,Bobby Portis,31:44,14,9,2,12,0.5,0,1
20251223,MIL,Myles Turner,27:44,10,6,1,14,0.286,0,1
20251223,MIL,A.J. Green,26:01,4,2,3,6,0.167,1,2
20251223,MIL,Ryan Rollins,32:43,23,7,4,15,0.667,1,0
20251223,MIL,Jericho Sims,20:29,6,7,1,3,1.0,1,4
20251223,MIL,Gary Harris,16:13,5,2,1,4,0.5,0,1
20251223,MIL,Gary Trent Jr.,4:56,5,2,1,2,1.0,0,0
20251223,MIL,Amir Coffey,4:00,0,0,0,0,,0,0
20251223,MIL,Cole Anthony,1:14,3,0,0,1,1.0,0,0
20251223,MIL,Andre Jackson Jr.,1:14,2,0,0,0,,0,0
20251223,MIL,Pete Nance,1:14,0,0,0,0,,0,0
20251223,IND,Bennedict Mathurin,33:53,13,6,1,10,0.3,0,1
20251223,IND,Pascal Siakam,33:29,15,9,2,10,0.6,1,0
20251223,IND,Andrew Nembhard,33:11,14,3,6,16,0.313,1,3
20251223,IND,Ethan Thompson,26:08,3,5,1,7,0.143,2,1
20251223,IND,Jay Huff,20:55,9,7,3,7,0.429,1,1
20251223,IND,T.J. McConnell,20:40,16,2,6,9,0.778,0,2
20251223,IND,Johnny Furphy,18:55,6,3,0,7,0.429,1,0
20251223,IND,Jarace Walker,16:49,4,2,0,8,0.125,0,1
20251223,IND,James Wiseman,11:41,3,0,1,1,1.0,0,1
20251223,IND,Garrison Mathews,11:06,6,2,0,4,0.5,1,0
20251223,IND,Quenton Jackson,7:59,2,1,0,1,0.0,0,2
20251223,IND,Tony Bradley,2:46,0,0,0,0,,0,0
20251223,IND,Kam Jones,1:14,3,0,0,1,1.0,0,0
20251223,IND,Taelon Peter,1:14,0,0,0,0,,0,0
20251223,TOR,Scottie Barnes,35:55,27,8,4,14,0.714,0,3
20251223,TOR,Immanuel Quickley,35:29,18,5,7,15,0.333,1,2
20251223,TOR,Brandon Ingram,29:15,12,6,2,14,0.357,0,1
20251223,TOR,Sandro Mamukelashvili,27:29,14,6,7,9,0.556,1,1
20251223,TOR,Ochai Agbaji,21:11,5,5,1,6,0.333,0,1
20251223,TOR,Collin Murray-Boyles,24:45,11,12,0,9,0.556,3,3
20251223,TOR,Ja'Kobe Walter,19:39,4,3,2,5,0.4,2,0
20251223,TOR,Jamal Shead,19:00,8,2,4,6,0.5,1,3
20251223,TOR,Jamison Battle,15:24,11,2,1,4,1.0,2,1
20251223,TOR,Gradey Dick,11:53,2,1,1,4,0.0,2,1
20251223,MIA,Norman Powell,35:04,17,6,6,17,0.353,2,3
20251223,MIA,Bam Adebayo,34:08,9,12,3,11,0.364,2,1
20251223,MIA,Andrew Wiggins,32:33,14,3,2,11,0.455,0,2
20251223,MIA,Davion Mitchell,27:08,3,1,2,6,0.167,1,2
20251223,MIA,Kel'el Ware,21:07,5,9,0,8,0.25,2,0
20251223,MIA,Jaime Jaquez Jr.,35:40,21,2,2,16,0.563,0,4
20251223,MIA,Kasparas Jakučionis,27:30,7,2,0,5,0.4,1,2
20251223,MIA,Dru Smith,16:32,10,2,2,4,0.75,2,1
20251223,MIA,Simone Fontecchio,8:40,5,3,1,4,0.25,2,2
20251223,MIA,Myron Gardner,0:49,0,0,0,0,,0,0
20251223,MIA,Keshad Johnson,0:49,0,0,0,0,,0,0
20251223,DEN,Jamal Murray,37:19,31,7,14,21,0.571,1,3
20251223,DEN,Nikola Jokić,36:25,29,7,14,22,0.545,4,4
20251223,DEN,Spencer Jones,26:09,6,4,2,5,0.6,2,1
20251223,DEN,Peyton Watson,24:26,4,2,1,3,0.0,0,3
20251223,DEN,Cameron Johnson,23:53,8,2,3,7,0.429,0,0
20251223,DEN,Tim Hardaway Jr.,29:11,23,2,1,13,0.615,0,0
20251223,DEN,Bruce Brown,26:29,13,7,3,7,0.857,1,2
20251223,DEN,Jonas Valančiūnas,14:08,8,1,1,4,0.75,0,1
20251223,DEN,Julian Strawther,12:15,8,2,0,4,0.75,0,0
20251223,DEN,Jalen Pickett,5:46,0,0,0,1,0.0,0,0
20251223,DEN,Curtis Jones,3:59,0,0,0,0,,0,1
20251223,DAL,Cooper Flagg,39:44,33,9,9,21,0.667,1,2
20251223,DAL,Anthony Davis,35:52,31,9,4,19,0.632,3,1
20251223,DAL,Ryan Nembhard,32:43,11,3,7,11,0.455,0,1
20251223,DAL,Naji Marshall,31:33,15,4,3,11,0.545,1,1
20251223,DAL,Jaden Hardy,27:50,10,2,2,9,0.556,1,1
20251223,DAL,Caleb Martin,24:51,9,4,3,6,0.667,2,2
20251223,DAL,Daniel Gafford,17:13,4,3,0,4,0.5,1,0
20251223,DAL,Brandon Williams,15:09,9,0,2,6,0.333,0,2
20251223,DAL,D'Angelo Russell,15:05,9,2,4,6,0.5,0,0
20251223,NYK,Josh Hart,42:27,12,15,8,14,0.357,2,6
20251223,NYK,Mikal Bridges,37:49,15,3,0,16,0.438,0,1
20251223,NYK,Karl-Anthony Towns,34:31,40,13,1,24,0.583,1,5
20251223,NYK,Tyler Kolek,31:26,20,11,8,22,0.409,3,2
20251223,NYK,Mitchell Robinson,26:03,2,7,1,4,0.25,1,2
20251223,NYK,Jordan Clarkson,29:56,10,1,1,11,0.273,0,1
20251223,NYK,Ariel Hukporti,11:45,2,3,0,3,0.333,0,1
20251223,NYK,Pacôme Dadiet,10:47,0,2,1,2,0.0,0,0
20251223,NYK,Mohamed Diawara,10:08,3,0,0,3,0.333,1,0
20251223,NYK,Kevin McCullar Jr.,4:33,0,0,0,0,,0,1
20251223,NYK,Tosan Evbuomwan,0:35,0,0,0,0,,0,0
20251223,MIN,Rudy Gobert,37:45,11,16,2,6,0.667,2,1
20251223,MIN,Anthony Edwards,37:10,38,2,2,27,0.556,4,1
20251223,MIN,Julius Randle,33:20,25,6,3,20,0.5,1,3
20251223,MIN,Donte DiVincenzo,32:12,11,2,8,9,0.333,2,1
20251223,MIN,Mike Conley,29:41,8,1,2,6,0.333,2,0
20251223,MIN,Bones Hyland,25:26,9,3,4,10,0.3,1,1
20251223,MIN,Naz Reid,24:55,8,11,1,12,0.25,0,1
20251223,MIN,Jaylen Clark,13:46,5,1,3,2,1.0,0,2
20251223,MIN,Terrence Shannon Jr.,5:45,0,0,0,1,0.0,0,1
20251223,OKC,Shai Gilgeous-Alexander,35:30,33,3,8,22,0.636,0,2
20251223,OKC,Jalen Williams,31:31,17,6,8,18,0.444,2,3
20251223,OKC,Chet Holmgren,27:08,7,3,1,10,0.3,0,0
20251223,OKC,Luguentz Dort,26:26,15,2,0,8,0.625,0,1
20251223,OKC,Isaiah Hartenstein,25:39,8,12,0,7,0.571,0,3
20251223,OKC,Cason Wallace,25:13,4,2,0,6,0.333,0,0
20251223,OKC,Alex Caruso,18:55,2,4,1,3,0.333,0,2
20251223,OKC,Isaiah Joe,15:46,8,4,1,3,0.667,1,0
20251223,OKC,Kenrich Williams,13:15,10,0,1,5,1.0,1,1
20251223,OKC,Aaron Wiggins,11:04,3,0,1,1,1.0,1,1
20251223,OKC,Chris Youngblood,3:11,3,0,0,1,1.0,0,0
20251223,OKC,Brooks Barnhizer,3:11,0,0,1,1,0.0,0,0
20251223,OKC,Branden Carlson,3:11,0,0,1,0,,0,0
20251223,SAS,De'Aaron Fox,33:40,6,3,9,9,0.333,0,0
20251223,SAS,Stephon Castle,27:51,24,0,3,12,0.583,1,2
20251223,SAS,Devin Vassell,27:33,17,5,1,14,0.429,0,0
20251223,SAS,Harrison Barnes,25:45,20,1,0,9,0.667,1,0
20251223,SAS,Luke Kornet,25:43,8,5,3,3,1.0,1,0
20251223,SAS,Victor Wembanyama,23:08,12,5,3,9,0.556,0,3
20251223,SAS,Keldon Johnson,22:14,25,1,1,16,0.625,0,1
20251223,SAS,Julian Champagnie,22:09,4,10,0,5,0.4,1,3
20251223,SAS,Dylan Harper,20:17,4,3,10,3,0.667,5,0
20251223,SAS,Lindy Waters III,2:20,3,0,0,1,1.0,0,0
20251223,SAS,Bismack Biyombo,2:20,2,0,0,1,1.0,0,0
20251223,SAS,Carter Bryant,2:20,2,1,1,1,1.0,0,0
20251223,SAS,Jordan McLaughlin,2:20,2,0,1,1,1.0,0,0
20251223,SAS,Kelly Olynyk,2:20,1,0,2,0,,1,0
20251223,LAL,Marcus Smart,29:51,14,3,6,11,0.455,0,1
20251223,LAL,Jake LaRavia,28:57,12,5,1,8,0.5,2,2
20251223,LAL,Nick Smith Jr.,28:12,12,1,1,11,0.455,0,2
20251223,LAL,Deandre Ayton,27:26,12,10,1,8,0.75,3,2
20251223,LAL,LeBron James,25:46,23,2,6,14,0.5,0,0
20251223,LAL,Austin Reaves,21:43,17,2,2,11,0.545,0,3
20251223,LAL,Jarred Vanderbilt,19:53,5,5,1,4,0.5,0,2
20251223,LAL,Dalton Knecht,14:26,3,3,0,5,0.2,0,1
20251223,LAL,Adou Thiero,13:57,6,2,2,5,0.4,1,1
20251223,LAL,Bronny James,9:50,0,1,1,2,0.0,0,1
20251223,LAL,Maxi Kleber,8:47,2,2,1,2,0.5,0,1
20251223,LAL,Chris Mañon,5:50,0,1,0,0,,1,0
20251223,LAL,Jaxson Hayes,5:22,2,1,0,0,,0,1
20251223,PHO,Collin Gillespie,28:07,16,4,8,10,0.6,3,2
20251223,PHO,Devin Booker,27:18,21,2,11,14,0.5,2,4
20251223,PHO,Dillon Brooks,23:48,25,0,0,15,0.667,0,0
20251223,PHO,Royce O'Neale,22:54,12,3,3,5,0.8,1,1
20251223,PHO,Mark Williams,21:23,18,9,2,8,0.875,0,0
20251223,PHO,Ryan Dunn,28:21,4,7,2,6,0.333,1,2
20251223,PHO,Jamaree Bouyea,24:12,14,4,2,10,0.7,0,1
20251223,PHO,Jordan Goodwin,21:40,8,1,3,7,0.286,2,1
20251223,PHO,Oso Ighodaro,20:47,5,3,3,2,1.0,0,0
20251223,PHO,Rasheer Fleming,9:50,7,2,0,3,0.667,1,0
20251223,PHO,Khaman Maluach,5:50,2,1,0,3,0.333,0,1
20251223,PHO,Nigel Hayes-Davis,5:50,0,2,1,2,0.0,0,1
20251223,MEM,Santi Aldama,34:25,37,5,7,21,0.619,1,3
20251223,MEM,Cam Spencer,32:13,11,3,13,8,0.5,0,1
20251223,MEM,Jaylen Wells,31:49,12,1,4,8,0.5,4,2
20251223,MEM,Jaren Jackson Jr.,30:13,21,7,2,16,0.563,1,4
20251223,MEM,GG Jackson II,29:31,18,9,1,9,0.778,0,0
20251223,MEM,Jock Landale,20:38,17,8,1,10,0.6,0,2
20251223,MEM,Kentavious Caldwell-Pope,19:32,11,1,3,7,0.429,1,1
20251223,MEM,Olivier-Maxence Prosper,18:50,8,1,3,4,0.5,0,1
20251223,MEM,Javon Small,12:26,0,2,7,4,0.0,1,1
20251223,MEM,Christian Koloko,10:01,2,4,0,1,1.0,2,0
20251223,MEM,Jahmai Mashack,0:21,0,0,0,0,,0,0
20251223,UTA,Kyle Filipowski,34:49,25,13,4,15,0.6,0,1
20251223,UTA,Keyonte George,34:03,24,2,4,12,0.5,1,2
20251223,UTA,Ace Bailey,28:59,17,4,0,12,0.583,1,2
20251223,UTA,Kevin Love,28:36,6,6,3,9,0.222,0,1
20251223,UTA,Svi Mykhailiuk,22:14,9,4,3,9,0.222,3,1
20251223,UTA,Taylor Hendricks,26:42,21,4,1,10,0.7,3,1
20251223,UTA,Isaiah Collier,26:09,8,3,9,6,0.5,1,5
20251223,UTA,Walter Clayton,15:14,10,1,2,6,0.167,0,0
20251223,UTA,Brice Sensabaugh,14:34,4,1,3,6,0.167,0,0
20251223,UTA,Cody Williams,8:40,4,2,0,5,0.4,0,0
20251223,ORL,Paolo Banchero,36:25,12,6,3,8,0.5,0,1
20251223,ORL,Desmond Bane,35:36,23,4,5,15,0.4,3,4
20251223,ORL,Tyus Jones,34:56,16,4,7,9,0.667,1,0
20251223,ORL,Anthony Black,32:32,22,7,6,21,0.381,2,3
20251223,ORL,Wendell Carter Jr.,30:47,14,7,1,11,0.455,1,0
20251223,ORL,Noah Penda,23:50,8,6,2,10,0.3,0,3
20251223,ORL,Jonathan Isaac,16:37,9,2,0,5,0.6,1,2
20251223,ORL,Jamal Cain,12:49,4,0,0,2,0.5,2,0
20251223,ORL,Jase Richardson,11:38,2,2,2,2,0.5,0,1
20251223,ORL,Jett Howard,4:50,0,0,0,2,0.0,0,0
20251223,POR,Toumani Camara,39:37,10,6,4,12,0.333,2,2
20251223,POR,Deni Avdija,36:32,25,6,8,25,0.4,2,4
20251223,POR,Donovan Clingan,34:00,8,14,1,8,0.5,1,2
20251223,POR,Kris Murray,28:06,13,6,1,6,0.833,0,1
20251223,POR,Shaedon Sharpe,26:36,22,3,2,18,0.444,2,3
20251223,POR,Caleb Love,33:31,17,3,1,13,0.538,0,0
20251223,POR,Sidy Cissoko,15:22,5,1,1,2,0.5,0,3
20251223,POR,Rayan Rupert,12:55,2,4,2,1,1.0,0,0
20251223,POR,Yang Hansen,7:53,4,2,2,1,1.0,1,2
20251223,POR,Duop Reath,5:29,0,0,1,1,0.0,1,0
20251223,DET,Cade Cunningham,38:38,23,7,14,15,0.533,5,9
20251223,DET,Ausar Thompson,35:38,19,6,2,13,0.462,0,0
20251223,DET,Jalen Duren,32:29,23,13,4,15,0.667,0,1
20251223,DET,Duncan Robinson,30:37,9,1,4,7,0.429,1,0
20251223,DET,Tobias Harris,29:10,24,4,4,16,0.625,0,1
20251223,DET,Isaiah Stewart,21:17,16,3,3,12,0.5,0,1
20251223,DET,Caris LeVert,19:16,5,3,4,6,0.333,2,2
20251223,DET,Javonte Green,18:25,9,2,0,6,0.5,1,1
20251223,DET,Jaden Ivey,14:30,8,3,3,5,0.6,0,0
20251223,SAC,DeMar DeRozan,41:38,37,3,8,18,0.667,0,1
20251223,SAC,Russell Westbrook,38:22,27,6,4,21,0.429,2,3
20251223,SAC,Precious Achiuwa,26:52,15,12,3,13,0.462,2,1
20251223,SAC,Maxime Raynaud,22:34,8,8,2,8,0.5,0,1
20251223,SAC,Keegan Murray,20:13,2,1,1,4,0.25,1,0
20251223,SAC,Dylan Cardwell,26:45,5,6,4,1,0.0,2,0
20251223,SAC,Nique Clifford,25:04,14,2,0,10,0.5,2,2
20251223,SAC,Dennis Schröder,20:32,10,2,3,7,0.286,1,3
20251223,SAC,Malik Monk,13:47,9,1,1,8,0.375,2,2
20251223,SAC,Keon Ellis,4:13,0,1,0,2,0.0,0,0
20251223,HOU,Amen Thompson,34:42,19,9,5,10,0.7,2,3
20251223,HOU,Jabari Smith Jr.,31:58,16,1,1,13,0.462,0,0
20251223,HOU,Kevin Durant,29:24,22,5,1,15,0.533,0,3
20251223,HOU,Alperen Şengün,28:05,19,11,7,16,0.563,2,3
20251223,HOU,Josh Okogie,11:42,0,1,1,1,0.0,0,0
20251223,HOU,Reed Sheppard,26:16,8,1,3,9,0.333,0,0
20251223,HOU,Tari Eason,18:19,7,5,0,7,0.429,0,0
20251223,HOU,Aaron Holiday,16:07,3,0,1,4,0.25,0,2
20251223,HOU,Steven Adams,14:00,2,4,1,3,0.333,0,1
20251223,HOU,Jae'Sean Tate,13:42,7,3,3,4,0.75,0,0
20251223,HOU,Jeff Green,5:15,3,1,0,2,0.5,0,0
20251223,HOU,Clint Capela,5:15,2,1,1,2,0.5,1,0
20251223,HOU,JD Davison,5:15,0,0,1,0,,0,1
20251223,LAC,Kawhi Leonard,36:50,41,8,5,23,0.696,0,2
20251223,LAC,James Harden,34:44,29,4,6,14,0.5,2,4
20251223,LAC,John Collins,29:27,13,5,5,8,0.625,2,0
20251223,LAC,Brook Lopez,27:19,5,6,4,5,0.2,0,0
20251223,LAC,Kris Dunn,25:33,11,4,2,8,0.5,1,0
20251223,LAC,Nicolas Batum,25:13,6,0,0,4,0.5,0,1
20251223,LAC,Bogdan Bogdanović,19:26,3,2,1,6,0.167,0,1
20251223,LAC,Yanic Konan Niederhäuser,15:19,3,2,0,1,1.0,1,0
20251223,LAC,Kobe Sanders,13:24,13,1,1,5,0.8,1,0
20251223,LAC,Jordan Miller,4:15,4,1,0,1,1.0,0,0
20251223,LAC,Kobe Brown,4:15,0,1,1,1,0.0,0,0
20251223,LAC,Cam Christie,4:15,0,0,0,1,0.0,0,0
20251225,CLE,Darius Garland,36:00,20,1,10,14,0.5,0,4
20251225,CLE,Donovan Mitchell,32:51,34,7,6,25,0.48,4,1
20251225,CLE,Dean Wade,29:28,6,4,2,4,0.5,0,0
20251225,CLE,Sam Merrill,29:15,11,5,1,11,0.364,2,1
20251225,CLE,Jarrett Allen,23:07,7,8,2,4,0.75,0,2
20251225,CLE,De'Andre Hunter,27:06,13,3,2,7,0.429,0,0
20251225,CLE,Evan Mobley,25:19,14,9,3,8,0.75,0,2
20251225,CLE,Jaylon Tyson,20:05,16,6,1,11,0.636,1,2
20251225,CLE,Lonzo Ball,13:39,0,1,3,1,0.0,0,1
20251225,CLE,Thomas Bryant,3:10,3,1,0,1,1.0,0,1
20251225,NYK,Jalen Brunson,39:13,34,1,4,25,0.4,2,3
20251225,NYK,Mikal Bridges,36:10,12,3,4,10,0.5,2,2
20251225,NYK,OG Anunoby,33:05,8,2,2,7,0.429,0,1
20251225,NYK,Karl-Anthony Towns,27:23,11,14,1,13,0.385,2,2
20251225,NYK,Josh Hart,26:25,15,5,3,9,0.556,0,1
20251225,NYK,Jordan Clarkson,28:46,25,1,2,17,0.529,3,0
20251225,NYK,Tyler Kolek,24:41,16,3,9,9,0.556,0,2
20251225,NYK,Mitchell Robinson,16:37,0,13,2,1,0.0,0,1
20251225,NYK,Ariel Hukporti,4:00,0,0,0,0,,0,1
20251225,NYK,Mohamed Diawara,3:40,5,1,1,3,0.667,0,0
20251225,SAS,Devin Vassell,34:08,5,4,2,6,0.167,0,0
20251225,SAS,De'Aaron Fox,32:52,29,4,3,19,0.632,1,1
20251225,SAS,Stephon Castle,31:37,19,4,7,11,0.727,1,4
20251225,SAS,Harrison Barnes,30:25,15,6,1,12,0.417,0,1
20251225,SAS,Luke Kornet,21:35,6,4,1,4,0.75,0,1
20251225,SAS,Victor Wembanyama,25:48,19,11,2,12,0.5,1,3
20251225,SAS,Dylan Harper,20:26,12,3,2,8,0.625,0,1
20251225,SAS,Julian Champagnie,20:11,0,5,1,3,0.0,0,1
20251225,SAS,Keldon Johnson,16:58,9,7,0,7,0.571,0,0
20251225,SAS,Jordan McLaughlin,1:12,3,0,0,1,1.0,0,0
20251225,SAS,Carter Bryant,1:12,0,0,1,0,,0,0
20251225,SAS,Kelly Olynyk,1:12,0,0,0,0,,0,0
20251225,SAS,Jeremy Sochan,1:12,0,1,0,0,,0,0
20251225,SAS,Lindy Waters III,1:12,0,0,0,1,0.0,0,0
20251225,OKC,Shai Gilgeous-Alexander,36:08,22,6,4,19,0.368,1,0
20251225,OKC,Chet Holmgren,30:33,10,12,2,9,0.556,0,1
20251225,OKC,Jalen Williams,29:01,12,2,6,13,0.385,2,1
20251225,OKC,Luguentz Dort,28:34,8,4,3,8,0.375,0,1
20251225,OKC,Isaiah Hartenstein,23:31,13,12,3,7,0.714,1,1
20251225,OKC,Cason Wallace,21:18,5,4,1,7,0.143,0,0
20251225,OKC,Alex Caruso,19:39,12,1,0,13,0.231,0,1
20251225,OKC,Kenrich Williams,16:45,8,5,2,6,0.5,2,0
20251225,OKC,Isaiah Joe,15:04,5,1,2,4,0.5,1,0
20251225,OKC,Aaron Wiggins,14:21,5,1,0,7,0.286,0,2
20251225,OKC,Branden Carlson,1:42,2,0,0,2,0.5,0,0
20251225,OKC,Brooks Barnhizer,1:42,0,0,0,0,,0,0
20251225,OKC,Chris Youngblood,1:42,0,0,0,0,,0,0
20251225,DAL,Cooper Flagg,35:57,27,6,5,21,0.619,0,1
20251225,DAL,P.J. Washington,34:04,14,10,2,12,0.583,2,2
20251225,DAL,Naji Marshall,27:45,14,4,0,14,0.357,0,1
20251225,DAL,Ryan Nembhard,16:50,4,1,2,5,0.4,0,1
20251225,DAL,Anthony Davis,10:53,3,3,0,4,0.25,1,0
20251225,DAL,Max Christie,33:32,13,6,3,9,0.556,1,1
20251225,DAL,Brandon Williams,29:57,26,3,3,12,0.75,0,2
20251225,DAL,Klay Thompson,26:19,7,2,2,8,0.375,1,0
20251225,DAL,Daniel Gafford,15:23,6,5,0,3,1.0,0,2
20251225,DAL,Caleb Martin,9:20,2,1,1,1,1.0,0,1
20251225,GSW,Stephen Curry,32:53,23,3,4,18,0.333,0,3
20251225,GSW,Jimmy Butler,31:41,14,9,9,10,0.5,1,4
20251225,GSW,Moses Moody,30:28,12,2,2,9,0.444,1,1
20251225,GSW,Draymond Green,27:33,7,5,3,7,0.286,1,2
20251225,GSW,Quinten Post,13:37,6,3,0,9,0.333,1,0
20251225,GSW,Brandin Podziemski,28:24,13,8,4,8,0.5,0,1
20251225,GSW,De'Anthony Melton,24:04,16,3,3,14,0.357,1,0
20251225,GSW,Gary Payton II,14:32,6,5,5,5,0.6,1,0
20251225,GSW,Will Richard,12:44,5,2,1,6,0.333,0,0
20251225,GSW,Trayce Jackson-Davis,12:38,10,5,0,6,0.833,1,0
20251225,GSW,Al Horford,11:26,14,4,2,7,0.714,2,0
20251225,HOU,Jabari Smith Jr.,35:40,16,7,0,9,0.667,2,0
20251225,HOU,Kevin Durant,33:29,25,4,8,14,0.571,1,3
20251225,HOU,Amen Thompson,31:51,26,7,5,19,0.632,1,2
20251225,HOU,Alperen Şengün,31:13,14,12,4,7,0.714,1,6
20251225,HOU,Tari Eason,26:05,13,3,2,14,0.429,4,1
20251225,HOU,Steven Adams,25:33,4,9,2,3,0.667,0,1
20251225,HOU,Reed Sheppard,19:17,13,2,1,10,0.5,1,0
20251225,HOU,Dorian Finney-Smith,13:11,0,0,0,1,0.0,0,0
20251225,HOU,Josh Okogie,9:52,0,0,0,4,0.0,0,1
20251225,HOU,Aaron Holiday,3:09,0,0,1,2,0.0,0,0
20251225,HOU,Clint Capela,2:40,6,3,0,4,0.75,0,0
20251225,HOU,Jae'Sean Tate,2:40,2,0,0,2,0.5,0,0
20251225,HOU,JD Davison,2:40,0,0,1,1,0.0,0,1
20251225,HOU,Jeff Green,2:40,0,1,0,0,,0,0
20251225,LAL,Deandre Ayton,36:17,10,2,0,6,0.833,0,1
20251225,LAL,Luka Dončić,33:55,25,5,7,17,0.529,1,6
20251225,LAL,LeBron James,32:26,18,2,5,13,0.538,2,3
20251225,LAL,Rui Hachimura,27:42,0,2,1,6,0.0,1,1
20251225,LAL,Austin Reaves,14:48,12,1,1,8,0.625,0,2
20251225,LAL,Marcus Smart,29:22,6,2,1,8,0.375,1,1
20251225,LAL,Jarred Vanderbilt,26:23,11,5,2,6,0.667,1,0
20251225,LAL,Jake LaRavia,23:22,5,4,1,5,0.4,0,1
20251225,LAL,Maxi Kleber,6:18,2,0,1,4,0.25,1,1
20251225,LAL,Bronny James,3:09,3,0,0,1,1.0,0,0
20251225,LAL,Dalton Knecht,3:09,2,0,0,1,1.0,0,0
20251225,LAL,Adou Thiero,3:09,2,2,0,2,0.5,0,0
20251225,MIN,Anthony Edwards,42:16,44,6,3,25,0.56,3,6
20251225,MIN,Jaden McDaniels,39:31,21,4,4,12,0.75,0,3
20251225,MIN,Julius Randle,39:25,32,7,6,22,0.545,3,2
20251225,MIN,Donte DiVincenzo,34:10,6,8,8,11,0.182,2,0
20251225,MIN,Rudy Gobert,33:59,9,12,0,7,0.571,0,0
20251225,MIN,Naz Reid,28:12,13,6,3,13,0.385,0,1
20251225,MIN,Bones Hyland,22:39,11,4,5,8,0.5,1,1
20251225,MIN,Terrence Shannon Jr.,9:43,0,0,0,3,0.0,0,0
20251225,MIN,Mike Conley,9:38,0,0,2,1,0.0,1,0
20251225,MIN,Jaylen Clark,5:21,2,0,0,2,0.5,0,0
20251225,MIN,Johnny Juzang,0:07,0,0,0,0,,0,0
20251225,DEN,Nikola Jokić,42:36,56,16,15,21,0.714,0,5
20251225,DEN,Jamal Murray,42:26,35,2,10,32,0.375,0,4
20251225,DEN,Peyton Watson,42:13,9,4,0,5,0.6,3,2
20251225,DEN,Tim Hardaway Jr.,41:05,19,4,0,16,0.438,0,0
20251225,DEN,Spencer Jones,40:52,12,8,1,10,0.5,2,2
20251225,DEN,Bruce Brown,28:17,7,3,3,7,0.429,1,3
20251225,DEN,Julian Strawther,11:49,0,3,1,3,0.0,0,0
20251225,DEN,Jonas Valančiūnas,10:24,2,4,1,5,0.2,0,1
20251225,DEN,Zeke Nnaji,5:17,2,1,0,2,0.5,0,0
20251226,MIA,Norman Powell,32:54,25,7,5,16,0.563,1,2
20251226,MIA,Kel'el Ware,32:37,16,13,0,10,0.7,1,3
20251226,MIA,Andrew Wiggins,32:22,18,8,3,17,0.529,1,0
20251226,MIA,Pelle Larsson,29:40,21,6,5,13,0.692,1,0
20251226,MIA,Davion Mitchell,29:19,6,1,7,8,0.375,2,2
20251226,MIA,Jaime Jaquez Jr.,27:40,16,5,3,14,0.357,3,1
20251226,MIA,Nikola Jović,21:13,10,7,4,14,0.214,1,2
20251226,MIA,Dru Smith,18:41,6,3,1,8,0.25,3,0
20251226,MIA,Kasparas Jakučionis,15:34,8,2,1,4,0.5,1,0
20251226,ATL,Jalen Johnson,37:41,24,9,10,17,0.588,1,4
20251226,ATL,Dyson Daniels,35:31,8,6,3,6,0.667,2,3
20251226,ATL,Onyeka Okongwu,34:47,12,8,4,16,0.313,1,1
20251226,ATL,Trae Young,32:01,30,2,6,16,0.5,1,4
20251226,ATL,Zaccharie Risacher,20:21,5,0,0,4,0.5,0,2
20251226,ATL,Nickeil Alexander-Walker,31:38,15,4,3,14,0.429,1,2
20251226,ATL,Vít Krejčí,21:43,11,4,0,9,0.444,0,2
20251226,ATL,Asa Newell,12:10,2,3,0,2,0.5,0,1
20251226,ATL,Mouhamed Gueye,11:22,4,5,0,0,,0,0
20251226,ATL,Keaton Wallace,2:46,0,1,0,1,0.0,0,2
20251226,BOS,Payton Pritchard,37:42,29,9,5,17,0.588,1,3
20251226,BOS,Derrick White,33:06,21,5,6,15,0.4,2,2
20251226,BOS,Jaylen Brown,32:10,30,3,4,20,0.65,4,4
20251226,BOS,Neemias Queta,20:43,8,7,3,4,0.5,1,0
20251226,BOS,Jordan Walsh,18:57,3,2,3,2,0.5,0,0
20251226,BOS,Luka Garza,26:38,15,4,2,5,1.0,0,0
20251226,BOS,Anfernee Simons,21:11,8,3,1,7,0.286,0,2
20251226,BOS,Baylor Scheierman,20:07,3,5,1,4,0.25,0,0
20251226,BOS,Sam Hauser,17:03,23,4,0,8,0.875,0,1
20251226,BOS,Hugo González,12:23,0,1,1,1,0.0,0,0
20251226,IND,Bennedict Mathurin,29:51,13,4,4,13,0.385,1,1
20251226,IND,Andrew Nembhard,29:32,18,4,8,13,0.538,2,5
20251226,IND,Pascal Siakam,28:24,11,6,1,13,0.308,2,2
20251226,IND,Jay Huff,21:08,9,4,2,8,0.375,0,1
20251226,IND,Quenton Jackson,15:44,6,3,1,5,0.4,0,0
20251226,IND,Ethan Thompson,26:19,11,4,6,9,0.444,0,2
20251226,IND,Johnny Furphy,18:22,9,2,0,5,0.6,0,1
20251226,IND,Jarace Walker,18:08,12,3,2,9,0.444,0,0
20251226,IND,Micah Potter,17:49,9,1,0,2,1.0,0,0
20251226,IND,T.J. McConnell,14:20,13,1,3,6,0.833,1,1
20251226,IND,Tony Bradley,6:59,4,2,0,2,1.0,0,1
20251226,IND,Kam Jones,6:42,4,0,2,2,1.0,0,0
20251226,IND,Taelon Peter,6:42,3,1,0,2,0.5,0,0
20251226,CHO,Brandon Miller,36:10,15,1,0,16,0.313,0,3
20251226,CHO,Miles Bridges,34:48,16,11,5,13,0.462,1,0
20251226,CHO,Moussa Diabaté,32:42,10,12,3,4,0.75,0,0
20251226,CHO,LaMelo Ball,28:38,22,7,5,20,0.35,1,6
20251226,CHO,Kon Knueppel,15:13,16,3,1,7,0.714,0,2
20251226,CHO,Tidjane Salaün,22:03,14,9,1,7,0.857,0,1
20251226,CHO,Sion James,20:36,0,3,2,2,0.0,0,0
20251226,CHO,Collin Sexton,18:23,13,0,2,9,0.556,0,1
20251226,CHO,Josh Green,11:41,6,1,0,4,0.5,0,0
20251226,CHO,PJ Hall,9:18,7,4,0,3,0.667,1,1
20251226,CHO,Tre Mann,8:27,0,2,3,2,0.0,0,0
20251226,CHO,Pat Connaughton,2:01,1,0,1,0,,0,0
20251226,ORL,Anthony Black,36:20,24,3,4,17,0.471,2,2
20251226,ORL,Desmond Bane,32:45,15,10,4,19,0.368,0,4
20251226,ORL,Paolo Banchero,31:12,13,5,2,13,0.308,2,1
20251226,ORL,Wendell Carter Jr.,28:20,16,8,1,10,0.5,1,1
20251226,ORL,Tyus Jones,19:36,8,4,3,5,0.6,0,0
20251226,ORL,Jase Richardson,22:06,14,4,2,7,0.714,0,0
20251226,ORL,Tristan Da Silva,21:55,8,2,2,8,0.375,0,0
20251226,ORL,Jonathan Isaac,16:28,2,2,0,2,0.0,0,0
20251226,ORL,Jamal Cain,14:13,5,1,1,6,0.333,1,1
20251226,ORL,Noah Penda,11:07,0,1,1,3,0.0,1,0
20251226,ORL,Orlando Robinson,3:12,0,1,1,0,,0,0
20251226,ORL,Jett Howard,2:47,0,1,1,3,0.0,0,0
20251226,TOR,Brandon Ingram,33:14,29,6,2,20,0.5,0,1
20251226,TOR,Sandro Mamukelashvili,32:42,13,11,2,9,0.556,2,1
20251226,TOR,Immanuel Quickley,32:34,25,4,5,13,0.462,2,1
20251226,TOR,Scottie Barnes,29:01,14,4,7,14,0.429,0,3
20251226,TOR,Ochai Agbaji,25:39,8,3,0,9,0.444,2,1
20251226,TOR,Jamal Shead,19:10,6,0,4,8,0.25,0,1
20251226,TOR,Gradey Dick,18:28,5,4,3,6,0.333,1,0
20251226,TOR,Ja'Kobe Walter,17:58,15,0,1,7,0.714,0,1
20251226,TOR,Jonathan Mogbo,10:51,0,0,0,0,,1,0
20251226,TOR,Jamison Battle,9:33,0,0,1,3,0.0,0,0
20251226,TOR,A.J. Lawson,7:00,2,1,0,1,0.0,1,0
20251226,TOR,Garrett Temple,3:50,0,0,1,1,0.0,1,2
20251226,WAS,CJ McCollum,30:47,21,3,4,16,0.5,0,1
20251226,WAS,Kyshawn George,28:28,23,6,3,13,0.692,0,3
20251226,WAS,Bilal Coulibaly,25:58,21,8,1,14,0.571,3,2
20251226,WAS,Alex Sarr,23:53,15,3,2,9,0.778,1,1
20251226,WAS,Khris Middleton,19:20,6,5,2,7,0.429,1,1
20251226,WAS,Justin Champagnie,22:12,8,7,2,4,0.75,1,0
20251226,WAS,Bub Carrington,22:01,15,4,4,8,0.625,0,0
20251226,WAS,Marvin Bagley III,21:36,6,5,2,4,0.75,0,0
20251226,WAS,Tre Johnson,19:37,12,1,3,8,0.5,0,2
20251226,WAS,Will Riley,15:59,8,2,2,7,0.429,1,0
20251226,WAS,Malaki Branham,2:36,3,0,0,1,1.0,0,1
20251226,WAS,AJ Johnson,2:31,0,0,0,0,,0,1
20251226,WAS,Tristan Vukcevic,2:31,0,1,1,0,,0,1
20251226,WAS,Jamir Watkins,2:31,0,1,0,0,,1,0
20251226,PHI,Tyrese Maxey,40:21,27,5,8,24,0.375,0,2
20251226,PHI,Paul George,34:32,15,11,5,15,0.333,0,1
20251226,PHI,VJ Edgecombe,33:22,10,7,3,13,0.308,1,1
20251226,PHI,Joel Embiid,32:11,31,5,1,19,0.526,0,2
20251226,PHI,Dominick Barlow,27:01,7,6,2,3,0.667,3,1
20251226,PHI,Quentin Grimes,25:53,2,1,2,4,0.25,0,0
20251226,PHI,Jared McCain,16:49,6,3,0,9,0.333,2,0
20251226,PHI,Jabari Walker,10:08,1,3,0,0,,0,1
20251226,PHI,Andre Drummond,7:57,2,4,0,4,0.25,0,0
20251226,PHI,Adem Bona,7:30,1,1,0,1,0.0,0,0
20251226,PHI,Justin Edwards,4:16,0,0,1,1,0.0,1,0
20251226,CHI,Josh Giddey,32:37,12,6,11,12,0.25,1,5
20251226,CHI,Coby White,29:01,13,7,6,12,0.333,0,1
20251226,CHI,Nikola Vučević,28:34,7,7,1,7,0.429,0,0
20251226,CHI,Matas Buzelis,19:43,10,8,0,10,0.3,0,3
20251226,CHI,Isaac Okoro,17:50,8,1,2,5,0.6,0,0
20251226,CHI,Tre Jones,24:13,15,6,2,10,0.6,1,0
20251226,CHI,Ayo Dosunmu,23:46,8,3,4,6,0.5,1,1
20251226,CHI,Kevin Huerter,22:30,9,1,1,9,0.444,0,1
20251226,CHI,Jalen Smith,22:21,12,8,3,7,0.571,0,0
20251226,CHI,Zach Collins,19:26,15,5,1,8,0.625,0,0
20251226,MIL,Bobby Portis,34:52,15,12,3,14,0.5,2,3
20251226,MIL,A.J. Green,34:46,20,2,1,13,0.538,2,1
20251226,MIL,Kevin Porter Jr.,33:12,16,8,5,15,0.267,2,7
20251226,MIL,Kyle Kuzma,29:46,15,8,2,10,0.5,1,2
20251226,MIL,Myles Turner,28:00,8,3,1,11,0.182,1,2
20251226,MIL,Ryan Rollins,23:26,15,4,5,12,0.417,2,2
20251226,MIL,Jericho Sims,18:34,2,5,0,2,0.5,0,2
20251226,MIL,Gary Harris,16:30,8,3,1,3,1.0,1,0
20251226,MIL,Amir Coffey,7:10,2,1,0,2,0.5,0,0
20251226,MIL,Andre Jackson Jr.,3:26,3,0,0,2,0.5,0,1
20251226,MIL,Thanasis Antetokounmpo,3:26,0,1,0,0,,0,0
20251226,MIL,Cole Anthony,3:26,0,1,0,0,,0,1
20251226,MIL,Pete Nance,3:26,0,0,0,0,,0,1
20251226,MEM,Jaren Jackson Jr.,30:06,24,9,1,18,0.5,1,2
20251226,MEM,Santi Aldama,30:01,12,7,3,10,0.4,0,1
20251226,MEM,Jaylen Wells,29:18,14,2,3,8,0.5,1,2
20251226,MEM,Ja Morant,25:20,17,4,10,11,0.545,1,4
20251226,MEM,Cedric Coward,24:57,15,5,2,9,0.556,1,0
20251226,MEM,Christian Koloko,28:23,4,3,1,3,0.667,3,0
20251226,MEM,Cam Spencer,25:35,19,5,5,6,0.667,1,3
20251226,MEM,Kentavious Caldwell-Pope,22:06,13,2,2,10,0.6,2,1
20251226,MEM,GG Jackson II,21:52,7,5,1,8,0.375,2,0
20251226,MEM,Javon Small,2:22,0,0,0,2,0.0,0,0
20251226,PHO,Devin Booker,36:29,30,9,5,16,0.625,1,4
20251226,PHO,Collin Gillespie,34:52,16,3,9,14,0.429,1,4
20251226,PHO,Dillon Brooks,32:45,14,3,1,12,0.417,2,2
20251226,PHO,Mark Williams,27:05,24,13,2,13,0.692,2,3
20251226,PHO,Royce O'Neale,25:16,3,2,3,4,0.25,0,0
20251226,PHO,Ryan Dunn,21:11,9,8,1,8,0.5,1,1
20251226,PHO,Oso Ighodaro,20:34,6,5,1,3,1.0,0,0
20251226,PHO,Jordan Goodwin,19:36,4,6,2,9,0.222,2,3
20251226,PHO,Jamaree Bouyea,11:44,3,2,2,6,0.167,0,0
20251226,PHO,Rasheer Fleming,10:28,6,1,0,6,0.5,0,0
20251226,NOP,Trey Murphy III,36:27,19,3,3,16,0.5,4,1
20251226,NOP,Saddiq Bey,31:06,9,4,1,14,0.286,0,0
20251226,NOP,Bryce McGowens,22:25,4,0,1,1,0.0,1,2
20251226,NOP,Derik Queen,19:36,7,7,2,9,0.333,1,3
20251226,NOP,Jeremiah Fears,16:35,9,3,1,7,0.571,1,2
20251226,NOP,Jordan Poole,30:37,19,5,6,18,0.389,3,2
20251226,NOP,Zion Williamson,27:58,20,8,6,10,0.5,0,2
20251226,NOP,Jose Alvarado,25:28,11,2,2,7,0.571,0,0
20251226,NOP,Yves Missi,18:01,7,3,0,4,0.75,0,0
20251226,NOP,Karlo Matković,8:35,3,3,0,2,0.5,0,0
20251226,NOP,Micah Peavy,3:12,0,0,0,0,,0,0
20251226,DET,Cade Cunningham,37:08,29,5,17,19,0.526,2,4
20251226,DET,Tobias Harris,27:16,16,7,4,13,0.462,1,0
20251226,DET,Duncan Robinson,25:46,14,4,1,10,0.5,0,0
20251226,DET,Jalen Duren,21:31,11,4,0,7,0.714,0,4
20251226,DET,Ausar Thompson,15:43,8,6,0,4,0.75,1,3
20251226,DET,Isaiah Stewart,26:23,4,4,1,7,0.286,0,1
20251226,DET,Javonte Green,19:54,8,2,1,6,0.5,3,0
20251226,DET,Caris LeVert,19:39,11,1,4,6,0.667,1,3
20251226,DET,Ron Holland,19:17,11,6,3,6,0.667,0,0
20251226,DET,Jaden Ivey,14:01,11,0,4,5,0.8,0,1
20251226,DET,Daniss Jenkins,9:22,6,0,2,7,0.286,3,1
20251226,DET,Paul Reed,4:01,0,2,1,2,0.0,0,0
20251226,UTA,Lauri Markkanen,38:17,30,4,4,18,0.444,1,2
20251226,UTA,Keyonte George,35:20,31,7,8,22,0.545,2,2
20251226,UTA,Jusuf Nurkić,31:50,16,11,5,9,0.667,1,3
20251226,UTA,Svi Mykhailiuk,21:16,9,4,2,6,0.667,1,0
20251226,UTA,Ace Bailey,11:14,0,2,0,2,0.0,1,0
20251226,UTA,Brice Sensabaugh,33:02,20,2,2,15,0.467,2,3
20251226,UTA,Isaiah Collier,29:21,9,1,9,6,0.5,2,5
20251226,UTA,Kevin Love,16:10,14,5,3,7,0.429,1,1
20251226,UTA,Kyle Filipowski,10:43,2,4,0,4,0.25,1,1
20251226,UTA,Walter Clayton,8:44,0,1,1,1,0.0,0,0
20251226,UTA,Taylor Hendricks,4:03,0,1,1,0,,0,0
20251226,LAC,Kawhi Leonard,41:02,28,8,6,20,0.35,3,4
20251226,LAC,James Harden,38:56,34,2,6,17,0.588,0,3
20251226,LAC,Kris Dunn,33:26,7,3,4,5,0.6,2,1
20251226,LAC,Brook Lopez,33:15,31,5,1,16,0.563,0,1
20251226,LAC,John Collins,18:49,8,3,1,3,0.667,0,2
20251226,LAC,Nicolas Batum,30:06,3,2,1,3,0.333,1,0
20251226,LAC,Kobe Sanders,16:03,5,4,1,2,1.0,0,0
20251226,LAC,Jordan Miller,13:39,3,3,1,1,1.0,0,0
20251226,LAC,Yanic Konan Niederhäuser,12:25,0,2,0,1,0.0,0,1
20251226,LAC,Bogdan Bogdanović,1:36,0,0,0,1,0.0,0,0
20251226,LAC,Cam Christie,0:43,0,0,0,0,,0,0
20251226,POR,Deni Avdija,39:19,29,9,9,18,0.556,0,7
20251226,POR,Toumani Camara,39:12,20,3,0,16,0.375,0,2
20251226,POR,Shaedon Sharpe,32:13,16,4,2,19,0.368,1,1
20251226,POR,Kris Murray,29:50,4,7,3,4,0.5,4,3
20251226,POR,Donovan Clingan,24:41,10,8,4,5,0.6,0,1
20251226,POR,Caleb Love,25:15,14,0,2,10,0.5,0,1
20251226,POR,Robert Williams,19:37,4,12,1,4,0.25,0,0
20251226,POR,Sidy Cissoko,15:59,1,0,2,2,0.0,1,0
20251226,POR,Rayan Rupert,13:11,5,0,0,2,1.0,0,0
20251226,POR,Duop Reath,0:43,0,0,0,0,,0,0
20251227,DAL,Cooper Flagg,34:13,23,6,5,13,0.538,0,5
20251227,DAL,P.J. Washington,33:49,17,5,1,13,0.538,0,2
20251227,DAL,Max Christie,29:56,9,7,5,12,0.25,1,3
20251227,DAL,Daniel Gafford,23:02,11,7,1,7,0.714,1,2
20251227,DAL,Ryan Nembhard,16:48,9,2,3,8,0.5,0,2
20251227,DAL,Naji Marshall,26:25,11,2,1,9,0.444,1,2
20251227,DAL,Klay Thompson,25:09,14,5,0,13,0.385,1,0
20251227,DAL,Dwight Powell,19:11,1,11,0,1,0.0,0,1
20251227,DAL,D'Angelo Russell,12:47,7,0,4,7,0.429,1,1
20251227,DAL,Jaden Hardy,7:16,5,3,2,3,0.667,1,1
20251227,DAL,Moussa Cisse,5:47,0,2,0,0,,0,0
20251227,DAL,Caleb Martin,5:37,0,1,1,1,0.0,0,0
20251227,SAC,Keon Ellis,32:20,21,1,0,15,0.533,3,1
20251227,SAC,Russell Westbrook,27:55,21,5,9,16,0.5,1,4
20251227,SAC,DeMar DeRozan,27:46,9,4,6,10,0.3,2,0
20251227,SAC,Maxime Raynaud,27:00,19,6,2,15,0.6,1,0
20251227,SAC,Precious Achiuwa,25:19,5,9,2,8,0.25,2,0
20251227,SAC,Dylan Cardwell,20:58,4,8,3,4,0.5,1,2
20251227,SAC,Dennis Schröder,20:16,10,2,5,11,0.364,3,1
20251227,SAC,Nique Clifford,20:05,8,9,1,10,0.3,2,1
20251227,SAC,Doug McDermott,19:21,9,3,1,6,0.5,0,0
20251227,SAC,Malik Monk,19:00,7,3,3,9,0.333,1,2
20251227,PHO,Devin Booker,34:06,20,3,4,18,0.333,0,4
20251227,PHO,Dillon Brooks,33:10,18,4,1,18,0.389,2,1
20251227,PHO,Royce O'Neale,32:58,15,5,2,9,0.556,1,2
20251227,PHO,Collin Gillespie,31:29,17,7,7,14,0.429,2,2
20251227,PHO,Oso Ighodaro,28:55,8,10,4,4,1.0,1,2
20251227,PHO,Jordan Goodwin,23:09,16,9,4,12,0.417,0,2
20251227,PHO,Rasheer Fleming,15:12,5,0,1,7,0.286,0,0
20251227,PHO,Jamaree Bouyea,11:45,12,3,0,6,0.833,0,0
20251227,PHO,Isaiah Livers,10:56,0,3,3,0,,0,2
20251227,PHO,Mark Williams,10:37,10,8,0,9,0.444,0,0
20251227,PHO,Nick Richards,7:43,2,3,0,1,1.0,1,1
20251227,NOP,Trey Murphy III,36:56,24,6,1,12,0.5,1,1
20251227,NOP,Jeremiah Fears,33:37,18,8,2,19,0.368,0,3
20251227,NOP,Saddiq Bey,32:44,17,5,2,10,0.5,2,0
20251227,NOP,Derik Queen,26:52,21,11,3,15,0.467,1,4
20251227,NOP,Bryce McGowens,23:36,0,0,1,5,0.0,0,1
20251227,NOP,Zion Williamson,29:02,22,4,0,11,0.727,2,4
20251227,NOP,Yves Missi,20:46,4,8,1,3,0.667,2,0
20251227,NOP,Jose Alvarado,14:23,7,0,3,7,0.429,2,0
20251227,NOP,Jordan Poole,13:36,1,1,3,3,0.0,0,0
20251227,NOP,Micah Peavy,8:28,0,0,0,2,0.0,1,0
20251227,DEN,Nikola Jokić,38:01,34,21,12,22,0.5,1,4
20251227,DEN,Jamal Murray,36:37,24,5,3,21,0.429,0,2
20251227,DEN,Peyton Watson,34:33,15,5,0,9,0.667,2,1
20251227,DEN,Spencer Jones,34:27,14,6,3,7,0.571,0,2
20251227,DEN,Tim Hardaway Jr.,32:48,20,4,2,14,0.429,0,0
20251227,DEN,Bruce Brown,26:35,2,3,4,3,0.333,2,1
20251227,DEN,Julian Strawther,16:52,13,0,1,6,0.833,0,1
20251227,DEN,Jalen Pickett,10:08,0,1,1,1,0.0,0,2
20251227,DEN,Jonas Valančiūnas,9:59,4,4,1,3,0.667,0,3
20251227,ORL,Desmond Bane,38:05,24,1,6,13,0.538,0,1
20251227,ORL,Wendell Carter Jr.,37:49,18,7,4,16,0.5,0,0
20251227,ORL,Paolo Banchero,36:00,12,6,6,13,0.462,0,3
20251227,ORL,Anthony Black,30:06,38,6,5,24,0.583,2,1
20251227,ORL,Tyus Jones,22:42,0,1,6,2,0.0,0,0
20251227,ORL,Tristan Da Silva,30:26,17,5,0,11,0.636,1,0
20251227,ORL,Jase Richardson,17:22,4,3,1,4,0.25,1,1
20251227,ORL,Noah Penda,10:15,2,4,2,0,,0,0
20251227,ORL,Jonathan Isaac,10:06,5,1,2,2,0.5,4,0
20251227,ORL,Jamal Cain,5:04,7,1,0,3,0.667,0,0
20251227,ORL,Jett Howard,2:05,0,0,0,1,0.0,0,0
20251227,NYK,OG Anunoby,38:11,15,10,5,10,0.3,3,1
20251227,NYK,Jalen Brunson,37:40,34,3,5,29,0.517,0,3
20251227,NYK,Mikal Bridges,36:38,14,3,8,13,0.462,1,1
20251227,NYK,Karl-Anthony Towns,29:48,36,15,1,15,0.533,0,2
20251227,NYK,Mohamed Diawara,16:13,5,5,2,7,0.286,0,0
20251227,NYK,Kevin McCullar Jr.,23:29,13,8,2,7,0.571,2,3
20251227,NYK,Jordan Clarkson,21:13,3,2,1,5,0.2,1,2
20251227,NYK,Tyler Kolek,18:36,2,0,2,6,0.167,0,0
20251227,NYK,Mitchell Robinson,18:12,6,9,1,3,1.0,2,0
20251227,ATL,Dyson Daniels,39:16,13,8,9,8,0.625,2,3
20251227,ATL,Jalen Johnson,37:04,20,9,12,16,0.438,0,2
20251227,ATL,Onyeka Okongwu,36:23,31,14,1,16,0.625,1,0
20251227,ATL,Trae Young,31:23,9,0,10,9,0.222,2,6
20251227,ATL,Zaccharie Risacher,19:16,4,4,0,7,0.286,0,0
20251227,ATL,Nickeil Alexander-Walker,29:57,25,0,1,18,0.444,1,0
20251227,ATL,Vít Krejčí,24:11,9,0,0,8,0.375,0,0
20251227,ATL,Asa Newell,16:42,12,2,0,6,0.833,0,0
20251227,ATL,Luke Kennard,4:41,2,0,0,1,1.0,0,0
20251227,ATL,Mouhamed Gueye,1:07,0,0,0,0,,0,0
20251227,MIL,Kevin Porter Jr.,38:59,8,6,9,10,0.3,4,4
20251227,MIL,Ryan Rollins,35:03,20,7,5,12,0.583,2,1
20251227,MIL,A.J. Green,28:00,6,2,1,9,0.222,2,0
20251227,MIL,Myles Turner,27:21,13,5,1,9,0.444,0,0
20251227,MIL,Giannis Antetokounmpo,24:42,29,8,1,15,0.667,1,2
20251227,MIL,Bobby Portis,24:14,17,11,1,16,0.438,2,0
20251227,MIL,Kyle Kuzma,23:04,12,2,4,10,0.4,0,1
20251227,MIL,Gary Harris,21:58,3,0,0,3,0.333,1,1
20251227,MIL,Jericho Sims,16:39,4,6,0,2,1.0,0,1
20251227,CHI,Coby White,28:43,16,2,1,12,0.5,0,5
20251227,CHI,Josh Giddey,26:09,13,7,9,10,0.4,0,4
20251227,CHI,Nikola Vučević,25:41,16,7,1,14,0.5,1,2
20251227,CHI,Matas Buzelis,22:29,8,3,2,5,0.4,1,3
20251227,CHI,Isaac Okoro,19:28,10,4,2,8,0.5,0,0
20251227,CHI,Zach Collins,24:24,10,10,2,9,0.556,0,0
20251227,CHI,Kevin Huerter,23:42,7,6,4,10,0.3,0,0
20251227,CHI,Jalen Smith,22:21,6,10,1,8,0.25,0,0
20251227,CHI,Tre Jones,22:05,6,1,6,6,0.333,1,1
20251227,CHI,Ayo Dosunmu,21:26,11,2,0,10,0.4,2,0
20251227,CHI,Patrick Williams,3:32,0,0,0,1,0.0,0,0
20251227,CLE,Donovan Mitchell,30:27,16,3,6,17,0.412,2,1
20251227,CLE,Sam Merrill,25:22,13,3,3,8,0.625,1,1
20251227,CLE,Darius Garland,24:25,12,0,1,9,0.556,0,3
20251227,CLE,Jarrett Allen,17:37,6,4,2,3,1.0,2,2
20251227,CLE,Dean Wade,17:30,6,3,1,6,0.333,1,0
20251227,CLE,Jaylon Tyson,29:39,23,15,0,20,0.5,1,3
20251227,CLE,De'Andre Hunter,20:18,2,1,2,7,0.0,0,1
20251227,CLE,Evan Mobley,20:04,4,4,2,9,0.222,1,3
20251227,CLE,Lonzo Ball,18:18,2,1,0,2,0.0,2,0
20251227,CLE,Craig Porter Jr.,17:10,2,1,3,5,0.2,0,0
20251227,CLE,Thomas Bryant,12:00,7,7,2,7,0.429,0,0
20251227,CLE,Tyrese Proctor,7:10,7,0,1,3,1.0,0,0
20251227,HOU,Amen Thompson,33:22,13,9,4,14,0.429,0,3
20251227,HOU,Kevin Durant,28:40,30,4,7,17,0.647,0,3
20251227,HOU,Jabari Smith Jr.,26:04,15,7,2,9,0.667,1,0
20251227,HOU,Steven Adams,22:10,9,8,1,6,0.5,2,3
20251227,HOU,Tari Eason,21:08,9,6,0,6,0.5,2,2
20251227,HOU,Reed Sheppard,32:04,18,3,8,12,0.417,5,1
20251227,HOU,Clint Capela,18:03,4,8,0,6,0.333,1,1
20251227,HOU,Dorian Finney-Smith,16:01,3,3,2,4,0.25,1,0
20251227,HOU,Aaron Holiday,13:16,2,1,1,3,0.333,0,0
20251227,HOU,Josh Okogie,13:14,8,0,0,4,0.75,0,1
20251227,HOU,Jae'Sean Tate,6:28,0,1,0,1,0.0,0,0
20251227,HOU,JD Davison,4:45,3,1,1,2,0.5,0,1
20251227,HOU,Jeff Green,4:45,3,0,1,4,0.25,0,0
20251227,IND,Bennedict Mathurin,34:50,25,6,0,16,0.563,2,5
20251227,IND,Andrew Nembhard,34:17,15,3,16,17,0.412,0,3
20251227,IND,Pascal Siakam,33:42,33,7,5,21,0.667,2,5
20251227,IND,Jay Huff,21:56,11,1,2,8,0.625,1,1
20251227,IND,Johnny Furphy,20:47,9,7,1,6,0.667,1,1
20251227,IND,Jarace Walker,20:37,3,3,1,1,0.0,0,3
20251227,IND,Aaron Nesmith,19:12,9,5,1,9,0.333,0,1
20251227,IND,Quenton Jackson,13:43,4,0,3,3,0.333,0,3
20251227,IND,Ethan Thompson,11:49,0,3,0,2,0.0,0,3
20251227,IND,Tony Bradley,11:20,3,4,0,1,1.0,0,1
20251227,IND,Micah Potter,10:51,2,4,1,4,0.25,0,0
20251227,IND,Kam Jones,3:28,2,1,0,4,0.25,0,0
20251227,IND,Taelon Peter,3:28,0,1,0,1,0.0,0,0
20251227,MIA,Andrew Wiggins,30:33,28,6,3,16,0.75,3,2
20251227,MIA,Kel'el Ware,28:30,15,7,0,11,0.636,3,0
20251227,MIA,Norman Powell,28:23,23,5,2,19,0.368,2,1
20251227,MIA,Pelle Larsson,27:27,16,4,7,7,0.714,0,0
20251227,MIA,Davion Mitchell,19:13,0,2,5,6,0.0,2,0
20251227,MIA,Jaime Jaquez Jr.,28:38,28,6,3,15,0.733,1,2
20251227,MIA,Nikola Jović,24:35,19,7,7,14,0.5,2,2
20251227,MIA,Dru Smith,23:23,5,5,3,6,0.333,1,2
20251227,MIA,Kasparas Jakučionis,22:04,4,3,2,8,0.25,3,1
20251227,MIA,Simone Fontecchio,3:28,2,2,1,3,0.333,0,0
20251227,MIA,Keshad Johnson,2:05,2,1,0,1,1.0,0,0
20251227,MIA,Myron Gardner,1:41,0,1,0,1,0.0,0,0
20251227,BRK,Noah Clowney,33:53,11,5,3,10,0.4,0,2
20251227,BRK,Michael Porter Jr.,33:04,27,10,4,16,0.563,0,3
20251227,BRK,Nic Claxton,30:33,14,6,3,9,0.667,1,3
20251227,BRK,Egor Dёmin,27:13,7,2,3,11,0.273,1,2
20251227,BRK,Terance Mann,23:48,2,4,4,2,0.5,1,1
20251227,BRK,Cam Thomas,19:48,30,3,4,15,0.6,0,0
20251227,BRK,Nolan Traoré,18:42,4,1,4,2,1.0,1,1
20251227,BRK,Drake Powell,17:33,7,1,2,6,0.5,1,0
20251227,BRK,Day'Ron Sharpe,17:27,10,4,4,5,1.0,3,1
20251227,BRK,Danny Wolf,16:47,11,3,1,7,0.571,0,2
20251227,BRK,Jalen Wilson,1:12,0,0,0,1,0.0,0,0
20251227,MIN,Anthony Edwards,34:42,28,7,2,22,0.455,1,3
20251227,MIN,Julius Randle,34:00,13,3,11,14,0.357,2,3
20251227,MIN,Jaden McDaniels,33:14,16,3,4,11,0.636,1,2
20251227,MIN,Donte DiVincenzo,31:38,11,5,6,7,0.571,2,1
20251227,MIN,Rudy Gobert,31:26,6,8,0,6,0.333,2,0
20251227,MIN,Naz Reid,29:11,13,4,1,11,0.455,0,1
20251227,MIN,Jaylen Clark,14:47,6,2,0,4,0.25,0,0
20251227,MIN,Bones Hyland,14:24,4,1,2,2,0.5,0,0
20251227,MIN,Rob Dillingham,10:47,7,1,1,5,0.2,0,1
20251227,MIN,Johnny Juzang,1:57,3,0,0,1,1.0,0,0
20251227,MIN,Joan Beringer,1:57,0,0,0,0,,0,0
20251227,MIN,Leonard Miller,1:57,0,0,0,0,,0,0
20251227,UTA,Keyonte George,34:46,28,5,6,18,0.389,2,3
20251227,UTA,Lauri Markkanen,34:18,29,5,1,16,0.688,3,1
20251227,UTA,Brice Sensabaugh,33:37,11,4,3,6,0.667,0,2
20251227,UTA,Jusuf Nurkić,26:13,16,7,6,12,0.5,0,3
20251227,UTA,Svi Mykhailiuk,14:04,3,1,1,1,1.0,0,1
20251227,UTA,Walter Clayton,22:19,17,2,5,6,1.0,1,0
20251227,UTA,Kyle Filipowski,21:47,6,3,6,7,0.286,2,1
20251227,UTA,Cody Williams,19:27,8,6,1,8,0.5,1,0
20251227,UTA,Taylor Hendricks,18:12,2,3,1,4,0.25,0,0
20251227,UTA,Isaiah Collier,15:17,7,1,4,5,0.6,0,4
20251227,SAS,Devin Vassell,35:16,11,3,3,12,0.333,0,0
20251227,SAS,Stephon Castle,33:22,20,2,7,19,0.421,2,4
20251227,SAS,Victor Wembanyama,27:42,32,7,3,21,0.571,0,3
20251227,SAS,Julian Champagnie,25:48,4,5,0,10,0.2,1,0
20251227,SAS,Harrison Barnes,22:47,3,2,2,4,0.25,0,0
20251227,SAS,Dylan Harper,26:42,7,7,12,10,0.3,3,2
20251227,SAS,Keldon Johnson,24:33,27,10,1,15,0.667,0,0
20251227,SAS,Luke Kornet,19:05,7,8,1,3,0.667,0,0
20251227,SAS,Carter Bryant,13:48,3,2,0,4,0.25,0,0
20251227,SAS,Jeremy Sochan,5:41,0,0,1,0,,0,2
20251227,SAS,Lindy Waters III,4:03,0,0,0,1,0.0,0,0
20251227,SAS,Jordan McLaughlin,1:13,0,0,0,0,,0,0
20251228,PHI,Tyrese Maxey,36:25,28,2,5,18,0.556,4,5
20251228,PHI,VJ Edgecombe,33:55,10,2,5,16,0.188,0,2
20251228,PHI,Paul George,29:14,12,4,3,11,0.364,1,3
20251228,PHI,Dominick Barlow,25:26,2,4,2,4,0.25,0,2
20251228,PHI,Andre Drummond,17:33,4,4,0,4,0.5,0,4
20251228,PHI,Adem Bona,28:22,11,8,1,4,0.75,0,2
20251228,PHI,Jared McCain,23:19,10,4,1,6,0.667,0,3
20251228,PHI,Quentin Grimes,22:26,13,2,3,10,0.3,0,1
20251228,PHI,Justin Edwards,19:50,12,5,1,9,0.444,0,1
20251228,PHI,Jabari Walker,3:30,2,3,0,1,1.0,0,0
20251228,OKC,Jalen Williams,32:04,14,4,6,10,0.4,2,2
20251228,OKC,Chet Holmgren,29:25,29,9,1,17,0.706,0,6
20251228,OKC,Shai Gilgeous-Alexander,29:01,27,2,5,13,0.769,2,1
20251228,OKC,Luguentz Dort,23:02,3,1,0,2,0.5,1,2
20251228,OKC,Isaiah Hartenstein,19:39,5,3,3,6,0.333,1,2
20251228,OKC,Cason Wallace,25:37,9,4,4,8,0.5,2,0
20251228,OKC,Aaron Wiggins,22:58,15,3,3,8,0.75,1,0
20251228,OKC,Ajay Mitchell,20:08,13,1,3,9,0.556,2,0
20251228,OKC,Alex Caruso,15:37,7,1,0,5,0.6,0,0
20251228,OKC,Kenrich Williams,7:05,3,4,2,3,0.333,0,0
20251228,OKC,Branden Carlson,5:31,4,2,0,3,0.667,1,0
20251228,OKC,Isaiah Joe,5:12,0,1,0,1,0.0,0,0
20251228,OKC,Chris Youngblood,4:41,0,0,0,2,0.0,0,0
20251228,GSW,Stephen Curry,41:09,39,3,4,30,0.4,1,4
20251228,GSW,Jimmy Butler,37:41,19,6,5,16,0.375,0,3
20251228,GSW,Draymond Green,33:17,21,4,7,14,0.571,1,3
20251228,GSW,Moses Moody,29:00,3,6,1,6,0.167,2,2
20251228,GSW,Quinten Post,18:08,8,2,2,3,0.667,0,2
20251228,GSW,Will Richard,35:07,10,7,1,7,0.429,5,2
20251228,GSW,Brandin Podziemski,27:57,13,3,2,9,0.556,0,1
20251228,GSW,Al Horford,16:51,7,7,0,6,0.5,0,0
20251228,GSW,Buddy Hield,14:16,3,3,1,2,0.5,0,1
20251228,GSW,Gary Payton II,11:34,4,1,2,3,0.667,0,2
20251228,TOR,Scottie Barnes,42:27,23,25,10,17,0.647,3,3
20251228,TOR,Brandon Ingram,39:29,26,4,6,26,0.462,1,2
20251228,TOR,Immanuel Quickley,38:03,27,4,7,15,0.467,1,5
20251228,TOR,RJ Barrett,23:46,12,7,4,13,0.385,0,0
20251228,TOR,Ochai Agbaji,19:56,10,4,1,6,0.667,0,0
20251228,TOR,Ja'Kobe Walter,33:15,18,2,3,10,0.6,1,0
20251228,TOR,Jamal Shead,28:58,8,0,8,8,0.375,1,4
20251228,TOR,Sandro Mamukelashvili,21:48,13,6,0,11,0.545,2,0
20251228,TOR,Gradey Dick,14:54,4,2,1,4,0.5,1,0
20251228,TOR,Jamison Battle,0:48,0,0,0,0,,0,0
20251228,TOR,Jonathan Mogbo,0:48,0,0,0,0,,0,0
20251228,TOR,Garrett Temple,0:48,0,1,0,0,,0,0
20251228,BOS,Derrick White,39:53,12,4,5,16,0.313,5,3
20251228,BOS,Payton Pritchard,37:37,9,5,5,10,0.3,2,2
20251228,BOS,Jaylen Brown,36:57,37,7,4,23,0.609,0,6
20251228,BOS,Neemias Queta,29:20,11,8,0,9,0.556,1,3
20251228,BOS,Jordan Walsh,9:46,5,1,0,3,0.667,1,1
20251228,BOS,Hugo González,30:17,13,6,3,10,0.5,2,2
20251228,BOS,Sam Hauser,19:26,3,2,0,5,0.2,0,0
20251228,BOS,Anfernee Simons,18:43,13,3,1,11,0.364,2,0
20251228,BOS,Luka Garza,11:01,5,3,0,4,0.25,0,2
20251228,BOS,Baylor Scheierman,7:00,0,0,1,0,,0,0
20251228,POR,Deni Avdija,38:44,24,7,10,16,0.5,2,5
20251228,POR,Toumani Camara,35:04,20,4,3,14,0.5,1,1
20251228,POR,Donovan Clingan,33:38,18,18,1,10,0.8,0,2
20251228,POR,Shaedon Sharpe,31:47,26,5,1,20,0.5,1,3
20251228,POR,Kris Murray,30:26,5,5,3,5,0.4,0,1
20251228,POR,Caleb Love,28:55,18,2,3,14,0.429,1,4
20251228,POR,Sidy Cissoko,22:23,0,3,4,5,0.0,2,1
20251228,POR,Yang Hansen,10:38,3,3,0,3,0.333,0,2
20251228,POR,Rayan Rupert,8:25,0,1,1,2,0.0,0,1
20251228,MEM,Santi Aldama,35:29,14,10,3,14,0.357,5,3
20251228,MEM,Jaren Jackson Jr.,35:02,31,8,1,25,0.44,1,3
20251228,MEM,Jaylen Wells,27:30,11,7,3,11,0.364,0,2
20251228,MEM,Ja Morant,27:28,21,0,7,16,0.5,0,3
20251228,MEM,Cedric Coward,22:44,11,6,3,9,0.444,0,2
20251228,MEM,Cam Spencer,26:43,8,3,7,11,0.364,2,2
20251228,MEM,Christian Koloko,25:29,4,7,1,5,0.4,1,0
20251228,MEM,GG Jackson II,21:05,5,1,1,5,0.4,4,1
20251228,MEM,Kentavious Caldwell-Pope,10:44,4,1,1,5,0.4,0,0
20251228,MEM,Olivier-Maxence Prosper,7:46,3,0,0,2,0.5,1,0
20251228,WAS,CJ McCollum,32:31,16,4,5,12,0.417,0,4
20251228,WAS,Bilal Coulibaly,28:44,14,8,2,15,0.4,3,1
20251228,WAS,Alex Sarr,26:14,20,9,1,20,0.45,2,1
20251228,WAS,Tre Johnson,25:32,14,0,4,11,0.455,1,1
20251228,WAS,Khris Middleton,22:36,10,6,2,7,0.286,1,1
20251228,WAS,Bub Carrington,26:55,12,4,7,9,0.444,1,8
20251228,WAS,Justin Champagnie,25:22,10,12,0,8,0.375,1,2
20251228,WAS,Marvin Bagley III,21:44,14,7,1,8,0.75,0,1
20251228,WAS,Will Riley,18:55,0,4,4,5,0.0,0,0
20251228,WAS,Malaki Branham,11:04,6,0,0,4,0.5,0,0
20251228,WAS,Jamir Watkins,0:23,0,0,0,0,,0,0
20251228,DET,Cade Cunningham,32:06,27,5,9,18,0.5,0,3
20251228,DET,Jalen Duren,31:26,18,14,2,12,0.667,0,1
20251228,DET,Duncan Robinson,26:43,5,4,0,6,0.167,0,0
20251228,DET,Ausar Thompson,23:41,6,6,1,6,0.167,2,2
20251228,DET,Tobias Harris,21:37,6,0,1,5,0.4,3,2
20251228,DET,Jaden Ivey,28:44,11,3,3,10,0.2,1,0
20251228,DET,Isaiah Stewart,23:41,8,4,0,11,0.364,0,1
20251228,DET,Ron Holland,18:10,4,3,2,3,0.667,1,2
20251228,DET,Javonte Green,13:01,7,3,0,4,0.75,0,0
20251228,DET,Caris LeVert,12:48,4,1,0,3,0.333,1,1
20251228,DET,Paul Reed,5:40,3,2,0,3,0.333,1,0
20251228,DET,Daniss Jenkins,2:23,0,0,0,1,0.0,0,1
20251228,LAC,James Harden,40:00,28,4,7,23,0.304,0,3
20251228,LAC,Kawhi Leonard,38:38,55,11,2,26,0.654,5,3
20251228,LAC,Brook Lopez,35:43,7,7,2,7,0.429,2,2
20251228,LAC,Nicolas Batum,31:22,12,4,1,8,0.5,1,0
20251228,LAC,Kris Dunn,30:27,5,1,3,4,0.5,2,0
20251228,LAC,Derrick Jones Jr.,18:19,3,3,0,4,0.25,0,1
20251228,LAC,Jordan Miller,17:22,0,3,1,0,,1,0
20251228,LAC,Kobe Sanders,15:52,0,0,2,2,0.0,0,0
20251228,LAC,Yanic Konan Niederhäuser,12:17,2,2,0,1,1.0,1,1
20251228,SAC,Maxime Raynaud,34:38,16,10,2,10,0.8,0,2
20251228,SAC,DeMar DeRozan,33:40,22,4,5,17,0.471,1,3
20251228,SAC,Russell Westbrook,26:15,13,5,4,17,0.353,2,6
20251228,SAC,Keon Ellis,22:16,2,0,0,5,0.2,0,0
20251228,SAC,Precious Achiuwa,19:35,5,3,1,4,0.5,1,0
20251228,SAC,Nique Clifford,28:55,11,6,3,6,0.667,1,4
20251228,SAC,Dylan Cardwell,23:42,7,7,0,4,0.75,3,0
20251228,SAC,Dennis Schröder,19:28,11,2,7,6,0.5,2,2
20251228,SAC,Malik Monk,19:24,11,2,2,10,0.4,1,2
20251228,SAC,Doug McDermott,12:07,3,0,0,4,0.25,0,0
20251228,LAL,Luka Dončić,32:44,34,5,7,23,0.478,3,5
20251228,LAL,Deandre Ayton,30:10,11,11,2,9,0.556,0,0
20251228,LAL,LeBron James,28:38,24,3,5,13,0.846,2,2
20251228,LAL,Rui Hachimura,26:14,12,4,1,10,0.5,2,0
20251228,LAL,Marcus Smart,20:25,0,3,2,1,0.0,1,1
20251228,LAL,Jake LaRavia,25:20,11,2,4,8,0.375,2,2
20251228,LAL,Nick Smith Jr.,23:58,21,3,1,14,0.571,0,0
20251228,LAL,Jarred Vanderbilt,22:18,5,2,0,4,0.5,2,2
20251228,LAL,Maxi Kleber,13:14,2,3,2,2,0.0,1,2
20251228,LAL,Dalton Knecht,4:36,3,1,0,2,0.5,0,0
20251228,LAL,Adou Thiero,4:36,2,3,1,3,0.333,1,0
20251228,LAL,Bronny James,4:36,0,0,0,0,,0,0
20251228,LAL,Drew Timme,3:11,0,1,0,0,,0,1
20251229,MIL,Kevin Porter Jr.,37:37,15,5,11,13,0.462,2,1
20251229,MIL,Myles Turner,30:52,23,6,1,12,0.583,0,0
20251229,MIL,Ryan Rollins,30:52,13,3,4,10,0.3,2,3
20251229,MIL,A.J. Green,26:36,5,3,2,6,0.333,1,0
20251229,MIL,Giannis Antetokounmpo,25:17,24,4,7,16,0.688,1,2
20251229,MIL,Kyle Kuzma,25:42,6,5,2,7,0.429,2,1
20251229,MIL,Bobby Portis,23:17,25,2,1,12,0.667,0,1
20251229,MIL,Gary Trent Jr.,19:58,9,1,1,6,0.5,1,0
20251229,MIL,Gary Harris,17:21,3,2,0,2,0.5,0,0
20251229,MIL,Jericho Sims,2:28,0,0,0,0,,0,0
20251229,CHO,Brandon Miller,37:31,31,8,5,22,0.409,1,1
20251229,CHO,Moussa Diabaté,34:52,14,9,3,9,0.667,2,2
20251229,CHO,LaMelo Ball,29:06,26,2,7,23,0.391,1,6
20251229,CHO,Sion James,28:42,0,4,1,3,0.0,0,0
20251229,CHO,Miles Bridges,7:06,3,3,0,2,0.5,0,0
20251229,CHO,Tidjane Salaün,27:49,3,11,1,4,0.25,1,2
20251229,CHO,Josh Green,22:57,10,2,1,10,0.4,0,0
20251229,CHO,Collin Sexton,19:16,16,1,8,12,0.5,0,1
20251229,CHO,PJ Hall,16:14,3,2,0,2,0.5,0,1
20251229,CHO,Liam McNeeley,12:02,7,5,2,6,0.5,0,0
20251229,CHO,Tre Mann,4:25,0,0,0,0,,0,0
20251229,PHO,Devin Booker,35:21,22,6,5,23,0.348,1,2
20251229,PHO,Dillon Brooks,32:39,26,3,0,20,0.4,0,1
20251229,PHO,Royce O'Neale,32:36,15,5,4,8,0.625,1,1
20251229,PHO,Oso Ighodaro,29:48,6,10,3,3,0.667,2,1
20251229,PHO,Collin Gillespie,28:37,25,4,6,14,0.714,2,2
20251229,PHO,Jordan Goodwin,27:46,14,7,2,14,0.429,2,1
20251229,PHO,Nick Richards,17:08,2,9,0,8,0.125,0,0
20251229,PHO,Jamaree Bouyea,12:34,2,1,3,6,0.0,0,2
20251229,PHO,Rasheer Fleming,11:44,0,4,0,2,0.0,0,0
20251229,PHO,Isaiah Livers,9:39,3,2,2,3,0.333,0,0
20251229,PHO,Nigel Hayes-Davis,1:04,0,0,0,0,,0,0
20251229,PHO,Khaman Maluach,1:04,0,0,0,0,,0,0
20251229,WAS,CJ McCollum,28:13,17,3,4,13,0.462,2,3
20251229,WAS,Bilal Coulibaly,26:36,13,7,3,8,0.375,0,3
20251229,WAS,Tre Johnson,25:07,24,1,2,12,0.75,1,3
20251229,WAS,Alex Sarr,24:50,2,2,4,5,0.2,1,2
20251229,WAS,Jamir Watkins,17:19,3,4,0,4,0.25,0,1
20251229,WAS,Bub Carrington,26:45,10,5,4,8,0.5,0,1
20251229,WAS,Justin Champagnie,26:42,11,6,0,9,0.444,1,0
20251229,WAS,Marvin Bagley III,22:06,7,7,2,5,0.4,0,0
20251229,WAS,Will Riley,20:38,10,5,1,10,0.4,1,1
20251229,WAS,Malaki Branham,19:36,4,3,1,4,0.5,0,1
20251229,WAS,Anthony Gill,1:04,0,0,0,0,,0,0
20251229,WAS,AJ Johnson,1:04,0,0,0,0,,0,0
20251229,GSW,Jimmy Butler,31:12,21,5,4,9,0.556,1,1
20251229,GSW,Stephen Curry,28:36,27,2,5,15,0.533,1,2
20251229,GSW,Draymond Green,24:47,7,5,3,3,0.333,1,1
20251229,GSW,Moses Moody,11:40,4,3,0,8,0.125,0,0
20251229,GSW,Quinten Post,4:52,3,0,0,1,1.0,0,1
20251229,GSW,De'Anthony Melton,23:32,10,8,1,6,0.667,2,1
20251229,GSW,Will Richard,22:51,10,1,3,7,0.571,2,1
20251229,GSW,Trayce Jackson-Davis,21:56,11,6,1,6,0.833,1,1
20251229,GSW,Brandin Podziemski,20:02,7,2,2,6,0.5,0,1
20251229,GSW,Gui Santos,19:10,0,4,2,2,0.0,0,2
20251229,GSW,Buddy Hield,10:57,6,3,0,5,0.6,2,0
20251229,GSW,Pat Spencer,10:21,4,1,4,4,0.5,1,0
20251229,GSW,Gary Payton II,10:04,10,0,1,5,0.8,0,2
20251229,BRK,Michael Porter Jr.,36:07,27,9,5,18,0.556,3,2
20251229,BRK,Nic Claxton,35:43,15,9,4,9,0.778,3,1
20251229,BRK,Egor Dёmin,32:20,23,3,3,17,0.412,1,3
20251229,BRK,Terance Mann,28:04,4,2,4,3,0.0,1,1
20251229,BRK,Noah Clowney,24:51,11,5,2,8,0.375,2,3
20251229,BRK,Danny Wolf,19:51,0,1,2,2,0.0,0,0
20251229,BRK,Cam Thomas,18:50,13,0,2,12,0.417,0,2
20251229,BRK,Drake Powell,17:19,2,0,0,2,0.0,0,0
20251229,BRK,Nolan Traoré,14:38,9,0,0,6,0.5,0,2
20251229,BRK,Day'Ron Sharpe,12:17,3,5,0,3,0.333,0,1
20251229,DEN,Jamal Murray,34:47,20,6,11,21,0.429,1,2
20251229,DEN,Spencer Jones,33:06,16,3,1,6,0.833,3,0
20251229,DEN,Peyton Watson,31:42,11,2,1,10,0.4,1,1
20251229,DEN,Tim Hardaway Jr.,28:20,16,3,2,13,0.462,0,0
20251229,DEN,Nikola Jokić,19:21,21,5,8,14,0.643,0,2
20251229,DEN,Bruce Brown,25:54,15,5,2,9,0.778,0,2
20251229,DEN,Jonas Valančiūnas,15:41,6,4,1,3,1.0,0,2
20251229,DEN,Julian Strawther,14:11,4,1,1,3,0.0,0,1
20251229,DEN,Zeke Nnaji,9:27,4,0,0,1,1.0,0,0
20251229,DEN,DaRon Holmes,8:16,4,3,0,0,,0,0
20251229,DEN,Curtis Jones,6:25,2,1,1,5,0.2,0,0
20251229,DEN,Jalen Pickett,6:25,2,2,1,1,1.0,0,0
20251229,DEN,Hunter Tyson,6:25,2,1,0,3,0.333,0,0
20251229,MIA,Davion Mitchell,31:34,10,3,9,8,0.5,0,3
20251229,MIA,Andrew Wiggins,31:20,19,5,6,10,0.6,3,0
20251229,MIA,Norman Powell,27:58,25,1,4,16,0.563,1,3
20251229,MIA,Kel'el Ware,23:56,19,9,0,12,0.667,1,0
20251229,MIA,Bam Adebayo,21:10,13,10,4,10,0.5,1,2
20251229,MIA,Jaime Jaquez Jr.,27:51,20,3,11,11,0.727,0,0
20251229,MIA,Nikola Jović,25:54,22,4,5,12,0.583,0,0
20251229,MIA,Dru Smith,21:06,11,4,1,6,0.667,2,1
20251229,MIA,Pelle Larsson,15:24,3,2,0,5,0.2,0,0
20251229,MIA,Simone Fontecchio,3:27,3,0,0,1,0.0,0,0
20251229,MIA,Keshad Johnson,3:27,2,1,0,5,0.2,0,0
20251229,MIA,Myron Gardner,3:27,0,3,0,3,0.0,0,0
20251229,MIA,Kasparas Jakučionis,3:27,0,1,0,0,,0,0
20251229,ORL,Paolo Banchero,37:58,23,15,10,19,0.474,0,1
20251229,ORL,Anthony Black,32:10,27,3,3,19,0.474,1,4
20251229,ORL,Wendell Carter Jr.,31:41,9,6,2,10,0.4,1,1
20251229,ORL,Desmond Bane,29:53,18,6,3,18,0.333,0,0
20251229,ORL,Tyus Jones,28:09,10,4,2,8,0.5,1,1
20251229,ORL,Tristan Da Silva,26:38,6,6,1,6,0.333,0,0
20251229,ORL,Jase Richardson,19:39,7,3,4,7,0.286,1,0
20251229,ORL,Goga Bitadze,15:50,2,5,0,2,0.5,0,0
20251229,ORL,Jamal Cain,12:06,3,3,0,2,0.0,0,0
20251229,ORL,Noah Penda,5:27,1,1,0,0,,0,1
20251229,ORL,Jonathan Isaac,0:29,0,0,0,0,,0,0
20251229,TOR,Scottie Barnes,36:55,13,11,2,12,0.417,2,2
20251229,TOR,Brandon Ingram,34:04,17,9,4,22,0.318,0,0
20251229,TOR,Immanuel Quickley,24:42,4,5,5,12,0.167,0,1
20251229,TOR,Sandro Mamukelashvili,23:16,13,4,1,10,0.5,1,0
20251229,TOR,Ochai Agbaji,20:07,10,4,3,8,0.5,0,0
20251229,TOR,Jamal Shead,28:53,19,4,5,15,0.533,0,1
20251229,TOR,Collin Murray-Boyles,24:59,4,12,2,6,0.167,0,2
20251229,TOR,Ja'Kobe Walter,23:41,10,7,0,6,0.333,2,0
20251229,TOR,Gradey Dick,15:25,15,1,0,7,0.571,1,0
20251229,TOR,Mo Bamba,4:18,0,0,0,0,,0,0
20251229,TOR,Jamison Battle,3:40,2,1,0,1,1.0,0,0
20251229,MIN,Anthony Edwards,32:15,23,2,4,13,0.692,1,0
20251229,MIN,Rudy Gobert,29:37,9,10,1,5,0.8,1,0
20251229,MIN,Julius Randle,28:01,17,5,14,11,0.545,1,0
20251229,MIN,Donte DiVincenzo,26:32,12,6,3,10,0.4,0,0
20251229,MIN,Jaden McDaniels,22:47,7,5,3,9,0.333,0,0
20251229,MIN,Naz Reid,26:52,33,7,3,18,0.611,0,1
20251229,MIN,Jaylen Clark,18:50,11,4,0,7,0.571,3,0
20251229,MIN,Mike Conley,17:45,2,0,1,3,0.333,1,0
20251229,MIN,Bones Hyland,14:22,12,0,1,8,0.625,1,0
20251229,MIN,Rob Dillingham,5:45,5,0,0,3,0.667,0,0
20251229,MIN,Leonard Miller,5:45,3,2,0,2,0.5,0,1
20251229,MIN,Johnny Juzang,5:45,2,2,2,4,0.25,1,0
20251229,MIN,Joan Beringer,5:45,0,3,0,2,0.0,0,1
20251229,CHI,Nikola Vučević,30:02,23,5,2,17,0.588,0,3
20251229,CHI,Matas Buzelis,23:58,13,5,2,14,0.357,0,2
20251229,CHI,Isaac Okoro,20:02,4,3,0,4,0.0,0,1
20251229,CHI,Josh Giddey,17:52,11,4,3,10,0.3,0,1
20251229,CHI,Coby White,6:35,0,0,2,0,,0,0
20251229,CHI,Ayo Dosunmu,31:37,10,6,7,12,0.333,1,2
20251229,CHI,Jalen Smith,25:31,12,6,1,6,0.667,1,1
20251229,CHI,Kevin Huerter,21:59,8,6,1,6,0.5,0,1
20251229,CHI,Tre Jones,21:07,11,2,4,9,0.556,0,1
20251229,CHI,Patrick Williams,19:38,7,3,2,8,0.375,0,2
20251229,CHI,Dalen Terry,10:56,0,1,1,3,0.0,1,1
20251229,CHI,Julian Phillips,5:45,2,1,0,2,0.5,0,1
20251229,CHI,Jevon Carter,4:58,0,0,0,2,0.0,0,0
20251229,IND,Pascal Siakam,31:13,23,4,4,16,0.5,1,2
20251229,IND,Andrew Nembhard,29:18,11,1,2,13,0.308,3,1
20251229,IND,Bennedict Mathurin,25:39,14,3,4,11,0.455,0,0
20251229,IND,Johnny Furphy,20:27,9,4,1,5,0.8,1,0
20251229,IND,Jay Huff,18:35,8,3,1,8,0.375,1,1
20251229,IND,Aaron Nesmith,23:40,14,3,3,8,0.625,0,1
20251229,IND,Jarace Walker,23:35,12,2,3,7,0.714,1,1
20251229,IND,Kam Jones,17:30,4,1,1,4,0.5,2,0
20251229,IND,T.J. McConnell,16:03,6,1,4,7,0.286,1,1
20251229,IND,Micah Potter,12:11,3,3,6,3,0.333,0,1
20251229,IND,Tony Bradley,10:43,0,3,0,1,0.0,0,0
20251229,IND,Quenton Jackson,3:42,7,0,0,2,1.0,1,1
20251229,IND,Taelon Peter,3:42,6,1,0,2,1.0,1,0
20251229,IND,Ethan Thompson,3:42,2,0,1,1,1.0,0,0
20251229,HOU,Amen Thompson,37:23,20,8,7,9,0.667,0,3
20251229,HOU,Jabari Smith Jr.,33:52,21,10,2,16,0.5,0,3
20251229,HOU,Kevin Durant,33:41,30,6,5,20,0.65,0,3
20251229,HOU,Tari Eason,28:39,13,8,1,8,0.625,1,2
20251229,HOU,Steven Adams,22:17,8,5,0,4,0.75,0,0
20251229,HOU,Reed Sheppard,24:15,13,1,3,12,0.5,2,2
20251229,HOU,Dorian Finney-Smith,16:17,6,2,0,3,0.667,0,1
20251229,HOU,Clint Capela,13:20,6,7,1,4,0.75,0,0
20251229,HOU,Josh Okogie,12:51,3,3,0,2,0.5,0,0
20251229,HOU,Jae'Sean Tate,8:53,2,0,1,3,0.333,0,0
20251229,HOU,Aaron Holiday,3:42,0,0,0,1,0.0,0,0
20251229,HOU,JD Davison,2:26,2,0,1,0,,1,1
20251229,HOU,Jeff Green,2:26,2,0,0,1,1.0,0,1
20251229,NYK,OG Anunoby,37:05,23,11,1,22,0.364,3,2
20251229,NYK,Jalen Brunson,35:32,28,3,10,23,0.435,0,1
20251229,NYK,Mikal Bridges,34:50,6,5,10,5,0.6,2,1
20251229,NYK,Karl-Anthony Towns,29:58,12,12,4,9,0.444,0,0
20251229,NYK,Mohamed Diawara,17:49,18,1,0,9,0.778,2,0
20251229,NYK,Miles McBride,18:27,14,3,2,8,0.5,1,0
20251229,NYK,Guerschon Yabusele,15:52,9,2,1,5,0.6,0,2
20251229,NYK,Jordan Clarkson,13:13,9,2,1,6,0.5,0,1
20251229,NYK,Tyler Kolek,12:12,7,2,5,5,0.4,0,1
20251229,NYK,Ariel Hukporti,11:40,0,0,0,0,,0,0
20251229,NYK,Kevin McCullar Jr.,8:58,2,0,1,2,0.5,0,0
20251229,NYK,Trey Jemison,4:24,2,1,0,1,1.0,0,0
20251229,NOP,Trey Murphy III,38:17,21,6,2,16,0.5,0,2
20251229,NOP,Saddiq Bey,36:34,26,6,6,21,0.429,2,2
20251229,NOP,Zion Williamson,28:51,32,5,2,16,0.688,2,2
20251229,NOP,Derik Queen,28:30,7,9,5,13,0.231,1,2
20251229,NOP,Jeremiah Fears,22:11,4,4,4,5,0.4,1,1
20251229,NOP,Jordan Poole,25:50,26,3,2,14,0.5,0,0
20251229,NOP,Kevon Looney,23:58,2,9,3,3,0.333,0,0
20251229,NOP,Yves Missi,14:21,2,6,2,2,0.5,0,1
20251229,NOP,Jordan Hawkins,11:45,2,2,1,3,0.333,0,1
20251229,NOP,Micah Peavy,9:44,3,0,0,3,0.333,0,0
20251229,ATL,Nickeil Alexander-Walker,39:56,30,4,5,24,0.458,2,1
20251229,ATL,Onyeka Okongwu,34:59,26,14,6,16,0.5,1,4
20251229,ATL,Dyson Daniels,34:33,13,6,7,13,0.462,1,3
20251229,ATL,Vít Krejčí,34:11,18,1,2,14,0.5,1,0
20251229,ATL,Zaccharie Risacher,22:44,12,4,0,9,0.444,1,2
20251229,ATL,Luke Kennard,30:43,12,4,5,8,0.5,1,2
20251229,ATL,Asa Newell,20:26,9,0,2,8,0.375,1,2
20251229,ATL,Keaton Wallace,12:14,9,0,2,4,0.75,1,2
20251229,ATL,Mouhamed Gueye,10:14,0,5,3,1,0.0,2,0
20251229,OKC,Shai Gilgeous-Alexander,35:53,39,6,6,24,0.625,2,3
20251229,OKC,Cason Wallace,33:40,17,7,3,8,0.75,2,1
20251229,OKC,Jalen Williams,32:54,20,8,7,17,0.471,1,3
20251229,OKC,Chet Holmgren,30:30,24,10,2,14,0.643,0,2
20251229,OKC,Luguentz Dort,22:35,6,4,1,9,0.222,0,1
20251229,OKC,Alex Caruso,24:02,16,8,2,8,0.875,2,1
20251229,OKC,Ajay Mitchell,23:18,10,1,4,8,0.375,2,0
20251229,OKC,Aaron Wiggins,11:21,2,3,1,5,0.2,0,1
20251229,OKC,Branden Carlson,10:45,6,0,0,3,0.667,0,0
20251229,OKC,Isaiah Joe,10:14,0,1,1,2,0.0,0,0
20251229,OKC,Kenrich Williams,4:48,0,1,0,0,,0,1
20251229,CLE,Donovan Mitchell,35:17,10,2,7,12,0.25,3,3
20251229,CLE,Darius Garland,31:22,15,5,11,13,0.385,1,3
20251229,CLE,Evan Mobley,28:38,16,7,2,13,0.538,0,1
20251229,CLE,Jarrett Allen,28:05,27,10,0,21,0.524,2,2
20251229,CLE,Dean Wade,24:39,10,5,0,7,0.571,0,0
20251229,CLE,Sam Merrill,25:50,5,0,1,6,0.167,1,1
20251229,CLE,De'Andre Hunter,24:00,11,9,2,9,0.444,2,1
20251229,CLE,Jaylon Tyson,21:31,11,3,2,8,0.5,3,1
20251229,CLE,Craig Porter Jr.,15:17,2,6,4,2,0.0,0,0
20251229,CLE,Nae'Qwan Tomlin,5:21,6,0,0,5,0.4,0,0
20251229,SAS,Stephon Castle,34:17,15,4,8,13,0.385,1,5
20251229,SAS,De'Aaron Fox,32:13,14,2,3,13,0.308,1,2
20251229,SAS,Devin Vassell,29:31,7,4,0,10,0.3,0,1
20251229,SAS,Victor Wembanyama,27:19,26,14,3,16,0.438,1,2
20251229,SAS,Harrison Barnes,26:56,3,4,3,7,0.143,1,1
20251229,SAS,Julian Champagnie,24:14,7,6,0,4,0.5,1,1
20251229,SAS,Luke Kornet,23:03,10,9,3,4,0.75,1,0
20251229,SAS,Keldon Johnson,17:47,8,3,0,3,0.667,0,2
20251229,SAS,Dylan Harper,17:23,11,4,1,11,0.455,1,4
20251229,SAS,Carter Bryant,7:17,0,2,0,2,0.0,0,0
20251229,DAL,Cooper Flagg,35:27,15,6,8,20,0.3,3,5
20251229,DAL,P.J. Washington,29:18,8,5,1,8,0.375,0,0
20251229,DAL,Max Christie,28:40,25,3,5,12,0.667,0,2
20251229,DAL,Daniel Gafford,25:34,17,10,0,9,0.778,1,2
20251229,DAL,Ryan Nembhard,17:03,0,2,6,4,0.0,0,1
20251229,DAL,Brandon Williams,30:22,22,3,4,12,0.667,1,0
20251229,DAL,Naji Marshall,29:16,17,7,4,12,0.583,0,2
20251229,DAL,Klay Thompson,19:14,14,1,1,12,0.417,1,0
20251229,DAL,Dwight Powell,17:50,2,3,2,1,1.0,0,0
20251229,DAL,Caleb Martin,7:16,2,1,2,1,1.0,0,0
20251229,POR,Deni Avdija,39:00,27,9,11,18,0.5,2,6
20251229,POR,Shaedon Sharpe,33:06,24,5,5,23,0.391,1,3
20251229,POR,Donovan Clingan,28:50,18,11,1,10,0.8,0,0
20251229,POR,Toumani Camara,25:27,9,4,2,7,0.429,0,0
20251229,POR,Sidy Cissoko,21:51,6,5,1,8,0.125,0,2
20251229,POR,Caleb Love,34:16,24,3,2,15,0.533,0,1
20251229,POR,Rayan Rupert,27:42,9,3,2,9,0.444,0,0
20251229,POR,Robert Williams,19:46,8,8,2,5,0.8,0,2
20251229,POR,Yang Hansen,10:02,0,0,1,2,0.0,0,1
20251230,PHI,Tyrese Maxey,43:09,34,4,12,21,0.619,2,0
20251230,PHI,VJ Edgecombe,40:50,25,6,4,21,0.476,4,1
20251230,PHI,Paul George,39:04,17,3,3,17,0.353,0,3
20251230,PHI,Joel Embiid,38:06,34,10,8,28,0.393,1,4
20251230,PHI,Dominick Barlow,24:28,12,5,0,10,0.6,2,0
20251230,PHI,Quentin Grimes,37:32,11,3,3,9,0.444,3,0
20251230,PHI,Adem Bona,25:36,4,6,2,0,,1,0
20251230,PHI,Jared McCain,12:42,2,4,1,4,0.25,0,0
20251230,PHI,Justin Edwards,3:34,0,0,0,1,0.0,1,0
20251230,MEM,Jaren Jackson Jr.,37:05,15,12,3,12,0.333,0,2
20251230,MEM,Cedric Coward,36:45,28,16,4,16,0.625,0,3
20251230,MEM,Ja Morant,34:29,40,2,3,22,0.727,2,4
20251230,MEM,Jaylen Wells,32:02,14,4,2,12,0.5,0,2
20251230,MEM,Christian Koloko,19:37,0,3,2,2,0.0,0,0
20251230,MEM,Santi Aldama,36:18,15,6,2,11,0.545,0,4
20251230,MEM,GG Jackson II,23:01,6,1,2,4,0.5,0,1
20251230,MEM,Cam Spencer,18:31,7,1,5,3,0.667,0,2
20251230,MEM,Jock Landale,18:19,6,3,2,7,0.429,0,1
20251230,MEM,Javon Small,8:53,5,3,3,3,0.667,0,1
20251230,BOS,Derrick White,36:17,27,7,6,16,0.5,0,1
20251230,BOS,Payton Pritchard,35:24,18,4,6,15,0.533,1,0
20251230,BOS,Jaylen Brown,33:36,23,6,10,19,0.474,2,2
20251230,BOS,Neemias Queta,28:42,12,3,0,7,0.857,3,1
20251230,BOS,Jordan Walsh,13:16,6,3,0,4,0.5,0,0
20251230,BOS,Anfernee Simons,27:59,20,5,4,15,0.4,1,1
20251230,BOS,Luka Garza,18:32,15,6,0,8,0.75,1,0
20251230,BOS,Hugo González,17:28,3,4,1,2,0.5,0,1
20251230,BOS,Sam Hauser,17:11,5,5,0,8,0.25,0,0
20251230,BOS,Baylor Scheierman,11:35,0,1,0,0,,0,1
20251230,UTA,Brice Sensabaugh,39:17,5,5,3,9,0.222,0,2
20251230,UTA,Keyonte George,38:32,37,6,7,24,0.542,1,3
20251230,UTA,Lauri Markkanen,38:19,22,9,2,16,0.375,2,0
20251230,UTA,Jusuf Nurkić,33:49,26,8,8,11,0.909,0,3
20251230,UTA,Taylor Hendricks,17:26,3,3,2,4,0.25,0,0
20251230,UTA,Isaiah Collier,24:11,7,6,8,5,0.6,0,2
20251230,UTA,Walter Clayton,20:51,7,0,1,7,0.429,0,0
20251230,UTA,Kyle Filipowski,14:11,10,3,0,8,0.375,1,2
20251230,UTA,Cody Williams,13:24,2,0,0,3,0.0,0,1
20251230,DET,Cade Cunningham,32:45,27,5,11,19,0.632,1,5
20251230,DET,Duncan Robinson,27:38,6,2,4,5,0.4,0,0
20251230,DET,Jalen Duren,27:31,14,8,2,8,0.75,5,5
20251230,DET,Ausar Thompson,21:40,7,2,3,6,0.5,1,0
20251230,DET,Tobias Harris,5:48,7,0,0,2,1.0,0,1
20251230,DET,Javonte Green,31:20,8,4,2,7,0.429,0,0
20251230,DET,Marcus Sasser,24:05,19,2,5,8,0.625,2,1
20251230,DET,Ron Holland,19:22,11,7,0,7,0.571,1,2
20251230,DET,Isaiah Stewart,17:31,15,2,0,6,1.0,0,1
20251230,DET,Jaden Ivey,17:14,9,2,2,5,0.8,1,1
20251230,DET,Paul Reed,8:02,3,2,0,3,0.333,1,1
20251230,DET,Daniss Jenkins,4:09,0,1,1,0,,0,1
20251230,DET,Chaz Lanier,2:56,2,0,0,0,,0,0
20251230,LAL,Jake LaRavia,38:08,9,4,1,9,0.333,4,2
20251230,LAL,Luka Dončić,35:44,30,5,11,22,0.409,0,8
20251230,LAL,LeBron James,31:55,17,4,4,17,0.353,1,5
20251230,LAL,Deandre Ayton,25:46,10,2,0,8,0.625,1,1
20251230,LAL,Marcus Smart,24:53,6,2,5,4,0.25,3,1
20251230,LAL,Jarred Vanderbilt,27:26,8,8,1,3,1.0,0,1
20251230,LAL,Jaxson Hayes,18:05,13,2,2,5,1.0,1,0
20251230,LAL,Nick Smith Jr.,17:09,3,0,1,6,0.167,0,1
20251230,LAL,Maxi Kleber,8:27,0,1,0,2,0.0,0,1
20251230,LAL,Dalton Knecht,4:09,10,2,0,4,1.0,0,0
20251230,LAL,Bronny James,4:09,0,0,2,1,0.0,0,0
20251230,LAL,Adou Thiero,4:09,0,3,1,1,0.0,0,0
20251230,SAC,Maxime Raynaud,35:04,12,12,0,8,0.625,0,0
20251230,SAC,Keegan Murray,29:37,11,2,1,13,0.308,0,0
20251230,SAC,DeMar DeRozan,27:38,8,7,3,8,0.25,1,2
20251230,SAC,Russell Westbrook,18:55,12,3,4,10,0.4,0,3
20251230,SAC,Precious Achiuwa,17:11,0,3,2,4,0.0,0,0
20251230,SAC,Nique Clifford,28:53,18,1,2,12,0.583,0,2
20251230,SAC,Dennis Schröder,24:43,11,3,4,10,0.4,0,3
20251230,SAC,Keon Ellis,19:21,2,2,2,5,0.2,0,1
20251230,SAC,Drew Eubanks,12:56,6,3,0,4,0.75,0,1
20251230,SAC,Malik Monk,11:06,3,2,0,2,0.5,0,5
20251230,SAC,Devin Carter,7:18,4,0,0,5,0.4,0,0
20251230,SAC,Doug McDermott,7:18,3,1,0,2,0.5,0,1
20251230,LAC,Kawhi Leonard,32:40,33,5,5,19,0.579,3,1
20251230,LAC,James Harden,30:02,21,3,5,14,0.429,1,0
20251230,LAC,Brook Lopez,22:55,8,6,3,9,0.222,1,1
20251230,LAC,John Collins,21:55,16,5,1,9,0.667,1,0
20251230,LAC,Kris Dunn,20:53,10,6,1,7,0.571,2,0
20251230,LAC,Kobe Sanders,26:00,7,6,4,8,0.375,2,0
20251230,LAC,Yanic Konan Niederhäuser,25:05,16,6,2,8,0.75,0,1
20251230,LAC,Derrick Jones Jr.,19:49,8,1,3,5,0.6,2,0
20251230,LAC,Nicolas Batum,18:47,3,1,2,3,0.333,1,0
20251230,LAC,Jordan Miller,7:18,6,1,0,4,0.75,0,0
20251230,LAC,Kobe Brown,7:18,3,1,2,3,0.333,0,0
20251230,LAC,Cam Christie,7:18,0,1,1,1,0.0,0,0
20251231,GSW,Stephen Curry,33:07,26,2,4,16,0.563,0,5
20251231,GSW,Jimmy Butler,30:52,19,5,7,8,0.5,1,3
20251231,GSW,Draymond Green,28:12,10,8,12,6,0.667,1,4
20251231,GSW,Moses Moody,18:53,7,5,2,7,0.429,1,0
20251231,GSW,Quinten Post,14:18,9,1,0,7,0.429,1,1
20251231,GSW,Brandin Podziemski,23:18,19,3,3,9,0.667,0,1
20251231,GSW,De'Anthony Melton,22:55,7,3,2,8,0.375,2,3
20251231,GSW,Will Richard,16:59,5,2,3,3,0.667,1,2
20251231,GSW,Gui Santos,16:50,13,5,2,6,0.833,0,0
20251231,GSW,Al Horford,13:04,8,2,0,7,0.429,0,0
20251231,GSW,Gary Payton II,10:02,9,1,0,4,1.0,0,0
20251231,GSW,Pat Spencer,6:04,0,0,0,2,0.0,0,0
20251231,GSW,Trayce Jackson-Davis,5:27,0,0,0,0,,0,0
20251231,CHO,Brandon Miller,36:21,33,2,2,29,0.483,1,3
20251231,CHO,Kon Knueppel,32:20,20,5,8,11,0.636,0,1
20251231,CHO,LaMelo Ball,30:18,27,5,5,13,0.692,3,5
20251231,CHO,Moussa Diabaté,27:53,0,8,3,3,0.0,1,2
20251231,CHO,Collin Sexton,27:25,16,5,8,16,0.375,3,4
20251231,CHO,Sion James,25:45,9,1,3,4,0.75,1,0
20251231,CHO,Tidjane Salaün,16:46,6,1,1,5,0.6,1,0
20251231,CHO,Josh Green,16:44,5,2,2,5,0.4,0,0
20251231,CHO,PJ Hall,15:39,9,7,2,6,0.667,0,0
20251231,CHO,Liam McNeeley,10:50,0,1,1,1,0.0,1,0
20251231,MIN,Anthony Edwards,33:07,30,5,2,18,0.556,1,2
20251231,MIN,Julius Randle,31:29,19,7,2,13,0.538,1,1
20251231,MIN,Rudy Gobert,28:27,6,11,3,6,0.5,1,1
20251231,MIN,Donte DiVincenzo,25:39,6,2,7,8,0.25,1,1
20251231,MIN,Jaden McDaniels,21:38,8,4,2,5,0.6,0,2
20251231,MIN,Naz Reid,21:51,6,7,1,10,0.2,0,3
20251231,MIN,Jaylen Clark,15:36,3,0,0,4,0.25,1,1
20251231,MIN,Mike Conley,14:29,2,2,0,2,0.0,0,0
20251231,MIN,Bones Hyland,12:35,0,1,1,7,0.0,0,2
20251231,MIN,Johnny Juzang,7:52,10,3,1,6,0.667,0,0
20251231,MIN,Leonard Miller,7:52,7,0,0,4,0.75,0,0
20251231,MIN,Rob Dillingham,7:52,5,2,3,4,0.5,0,0
20251231,MIN,Joan Beringer,7:52,0,2,0,0,,0,0
20251231,MIN,Joe Ingles,3:41,0,0,0,0,,0,1
20251231,ATL,Jalen Johnson,32:13,34,10,6,22,0.682,2,3
20251231,ATL,Nickeil Alexander-Walker,31:11,11,0,3,12,0.333,0,2
20251231,ATL,Zaccharie Risacher,28:20,9,4,1,10,0.4,0,0
20251231,ATL,Dyson Daniels,28:19,11,8,9,8,0.625,2,1
20251231,ATL,Onyeka Okongwu,26:59,17,8,5,13,0.462,0,0
20251231,ATL,Luke Kennard,26:54,15,6,5,12,0.5,1,1
20251231,ATL,Vít Krejčí,25:35,6,1,5,8,0.25,2,0
20251231,ATL,Kristaps Porziņģis,17:20,16,2,1,12,0.5,0,1
20251231,ATL,Asa Newell,15:47,7,9,1,5,0.6,1,0
20251231,ATL,Mouhamed Gueye,3:41,0,1,1,1,0.0,1,0
20251231,ATL,Keaton Wallace,3:41,0,0,1,1,0.0,0,0
20251231,ORL,Paolo Banchero,34:47,29,10,4,21,0.571,1,5
20251231,ORL,Desmond Bane,33:21,18,7,6,17,0.412,0,2
20251231,ORL,Anthony Black,31:08,15,4,5,11,0.545,2,4
20251231,ORL,Wendell Carter Jr.,28:56,6,11,2,4,0.25,0,0
20251231,ORL,Jalen Suggs,25:24,11,3,3,11,0.364,3,3
20251231,ORL,Tyus Jones,23:34,4,1,1,7,0.286,1,0
20251231,ORL,Goga Bitadze,19:04,14,9,3,7,0.857,0,2
20251231,ORL,Tristan Da Silva,14:34,0,4,3,5,0.0,0,1
20251231,ORL,Jamal Cain,12:19,11,0,1,4,0.75,0,0
20251231,ORL,Noah Penda,9:03,4,0,0,3,0.667,1,0
20251231,ORL,Jase Richardson,7:50,0,0,0,0,,1,2
20251231,IND,Bennedict Mathurin,37:00,23,5,2,10,0.4,0,5
20251231,IND,Pascal Siakam,33:49,26,4,0,20,0.45,2,1
20251231,IND,Andrew Nembhard,30:41,19,4,7,15,0.6,1,3
20251231,IND,Jay Huff,10:31,0,0,1,3,0.0,2,2
20251231,IND,Johnny Furphy,5:15,0,2,0,0,,0,0
20251231,IND,Aaron Nesmith,31:36,9,10,0,11,0.273,3,0
20251231,IND,Micah Potter,25:57,8,3,3,4,0.5,0,1
20251231,IND,Ben Sheppard,18:36,12,1,0,7,0.571,0,0
20251231,IND,Jarace Walker,17:44,9,4,0,7,0.571,1,0
20251231,IND,T.J. McConnell,17:19,4,1,8,4,0.25,1,3
20251231,IND,Tony Bradley,11:32,0,5,1,2,0.0,0,1
20251231,PHO,Dillon Brooks,34:29,20,3,3,15,0.467,3,1
20251231,PHO,Devin Booker,32:43,32,2,4,25,0.52,1,1
20251231,PHO,Collin Gillespie,27:15,17,6,5,15,0.4,2,2
20251231,PHO,Royce O'Neale,27:08,9,2,1,10,0.4,1,4
20251231,PHO,Mark Williams,23:42,2,9,2,3,0.0,0,1
20251231,PHO,Jordan Goodwin,22:22,4,15,2,11,0.091,1,1
20251231,PHO,Oso Ighodaro,20:37,0,1,1,4,0.0,0,1
20251231,PHO,Ryan Dunn,19:23,6,5,0,7,0.286,0,1
20251231,PHO,Jamaree Bouyea,15:17,18,3,4,12,0.583,0,0
20251231,PHO,Isaiah Livers,6:01,0,2,1,0,,0,0
20251231,PHO,Nigel Hayes-Davis,3:41,5,3,0,2,1.0,0,0
20251231,PHO,Rasheer Fleming,3:41,0,0,0,1,0.0,0,0
20251231,PHO,Khaman Maluach,3:41,0,1,0,0,,0,1
20251231,CLE,Donovan Mitchell,29:52,34,10,7,18,0.556,2,4
20251231,CLE,Darius Garland,28:59,19,1,6,13,0.538,1,3
20251231,CLE,Evan Mobley,28:40,16,10,5,10,0.7,1,2
20251231,CLE,Jarrett Allen,26:36,16,11,3,12,0.583,0,2
20251231,CLE,Dean Wade,23:24,5,5,2,5,0.4,2,0
20251231,CLE,Jaylon Tyson,31:13,18,2,3,16,0.438,0,1
20251231,CLE,Craig Porter Jr.,28:32,2,9,2,3,0.333,1,0
20251231,CLE,Sam Merrill,22:47,16,1,1,14,0.429,0,2
20251231,CLE,Nae'Qwan Tomlin,12:36,0,4,1,1,0.0,0,0
20251231,CLE,Tyrese Proctor,3:41,0,1,1,2,0.0,0,0
20251231,CLE,Thomas Bryant,3:40,3,0,0,2,0.5,0,0
20251231,NOP,Saddiq Bey,33:35,16,4,3,16,0.375,0,0
20251231,NOP,Trey Murphy III,33:35,15,6,5,15,0.4,0,4
20251231,NOP,Zion Williamson,29:28,31,7,3,19,0.632,0,1
20251231,NOP,Derik Queen,25:26,9,7,4,7,0.571,2,2
20251231,NOP,Jeremiah Fears,22:31,5,0,4,8,0.25,0,2
20251231,NOP,Jordan Poole,26:11,26,3,2,14,0.429,0,0
20251231,NOP,Yves Missi,22:42,3,6,0,3,0.333,2,0
20251231,NOP,Kevon Looney,17:56,2,10,3,5,0.2,0,0
20251231,NOP,Jordan Hawkins,14:25,5,1,0,7,0.286,0,0
20251231,NOP,Micah Peavy,14:11,6,2,1,4,0.5,0,1
20251231,CHI,Isaac Okoro,35:37,24,5,2,10,0.8,1,2
20251231,CHI,Nikola Vučević,33:30,17,8,5,13,0.538,0,0
20251231,CHI,Tre Jones,27:05,20,2,12,7,1.0,0,1
20251231,CHI,Matas Buzelis,27:01,19,6,2,17,0.471,1,0
20251231,CHI,Jalen Smith,26:20,14,14,1,11,0.455,1,1
20251231,CHI,Kevin Huerter,29:26,13,6,1,9,0.444,1,1
20251231,CHI,Ayo Dosunmu,24:40,12,4,6,11,0.273,0,0
20251231,CHI,Patrick Williams,20:02,12,2,2,8,0.5,1,1
20251231,CHI,Dalen Terry,10:13,0,2,2,3,0.0,0,0
20251231,CHI,Jevon Carter,6:06,3,0,0,3,0.333,0,1
20251231,NYK,Jalen Brunson,35:39,29,4,8,24,0.417,2,1
20251231,NYK,Mikal Bridges,34:35,13,5,3,9,0.556,1,1
20251231,NYK,OG Anunoby,34:08,9,5,2,10,0.3,2,2
20251231,NYK,Karl-Anthony Towns,33:28,20,7,4,10,0.5,1,3
20251231,NYK,Mohamed Diawara,5:45,6,1,1,5,0.4,0,0
20251231,NYK,Miles McBride,25:52,21,3,2,12,0.583,0,0
20251231,NYK,Jordan Clarkson,24:18,20,2,2,17,0.471,0,0
20251231,NYK,Tyler Kolek,15:07,3,3,6,3,0.333,0,0
20251231,NYK,Ariel Hukporti,13:42,6,6,1,4,0.75,1,1
20251231,NYK,Guerschon Yabusele,9:05,2,2,1,1,1.0,0,1
20251231,NYK,Kevin McCullar Jr.,8:21,3,2,2,1,1.0,0,1
20251231,SAS,De'Aaron Fox,37:41,26,1,7,21,0.524,3,0
20251231,SAS,Julian Champagnie,36:10,36,6,0,17,0.647,0,1
20251231,SAS,Stephon Castle,26:45,5,2,7,9,0.111,0,3
20251231,SAS,Harrison Barnes,25:44,7,6,4,6,0.333,0,2
20251231,SAS,Victor Wembanyama,23:43,31,13,1,12,0.833,0,3
20251231,SAS,Keldon Johnson,31:15,19,8,0,12,0.417,2,1
20251231,SAS,Luke Kornet,24:10,7,9,4,4,0.75,0,0
20251231,SAS,Dylan Harper,16:20,2,2,0,6,0.167,1,1
20251231,SAS,Kelly Olynyk,10:54,1,1,2,1,0.0,1,0
20251231,SAS,Carter Bryant,7:18,0,0,0,1,0.0,0,0
20251231,DEN,Spencer Jones,37:47,6,7,2,3,0.0,1,2
20251231,DEN,Jamal Murray,37:34,21,7,6,18,0.333,1,2
20251231,DEN,Peyton Watson,36:00,24,8,0,19,0.474,2,1
20251231,DEN,Jalen Pickett,28:17,10,1,1,11,0.364,0,0
20251231,DEN,Jonas Valančiūnas,23:08,17,9,4,6,0.833,1,1
20251231,DEN,Tim Hardaway Jr.,30:09,9,5,1,13,0.231,0,1
20251231,DEN,Bruce Brown,25:26,8,7,2,5,0.6,0,2
20251231,DEN,DaRon Holmes,21:39,11,3,1,5,0.8,0,1
20251231,TOR,Brandon Ingram,36:20,30,8,1,21,0.524,0,1
20251231,TOR,Immanuel Quickley,34:17,22,3,4,16,0.313,1,0
20251231,TOR,Scottie Barnes,33:10,20,14,10,14,0.5,1,0
20251231,TOR,RJ Barrett,24:26,17,6,3,13,0.538,0,2
20251231,TOR,Ochai Agbaji,11:05,2,2,1,2,0.5,0,0
20251231,TOR,Collin Murray-Boyles,25:59,6,9,2,11,0.273,2,1
20251231,TOR,Ja'Kobe Walter,23:13,2,3,0,6,0.167,0,1
20251231,TOR,Jamal Shead,21:11,2,0,5,8,0.125,1,1
20251231,TOR,Sandro Mamukelashvili,12:15,0,4,1,5,0.0,1,1
20251231,TOR,Gradey Dick,11:49,0,0,0,2,0.0,0,1
20251231,TOR,Jamison Battle,6:15,2,1,0,2,0.5,0,0
20251231,WAS,CJ McCollum,32:22,18,4,4,15,0.467,0,1
20251231,WAS,Alex Sarr,28:23,20,11,2,15,0.467,0,2
20251231,WAS,Tre Johnson,28:22,14,2,2,13,0.385,0,1
20251231,WAS,Bilal Coulibaly,25:04,10,5,2,8,0.25,2,1
20251231,WAS,Khris Middleton,22:38,0,3,6,6,0.0,0,0
20251231,WAS,Justin Champagnie,32:33,12,9,2,9,0.556,2,0
20251231,WAS,Bub Carrington,23:43,20,5,5,14,0.5,0,2
20251231,WAS,Marvin Bagley III,19:37,9,3,4,6,0.667,2,1
20251231,WAS,AJ Johnson,15:38,8,0,2,5,0.6,1,2
20251231,WAS,Will Riley,11:40,3,2,2,3,0.333,1,0
20251231,MIL,Kevin Porter Jr.,39:20,19,6,5,17,0.529,0,3
20251231,MIL,Ryan Rollins,39:17,16,7,7,13,0.385,0,3
20251231,MIL,A.J. Green,33:53,9,2,2,8,0.375,0,0
20251231,MIL,Myles Turner,31:08,13,7,2,10,0.4,2,0
20251231,MIL,Giannis Antetokounmpo,28:25,33,15,3,21,0.571,0,6
20251231,MIL,Kyle Kuzma,21:02,5,5,2,3,0.667,0,3
20251231,MIL,Bobby Portis,20:13,13,5,3,11,0.364,0,0
20251231,MIL,Gary Trent Jr.,15:28,0,1,0,4,0.0,0,0
20251231,MIL,Gary Harris,11:14,5,0,0,2,1.0,0,0
20251231,POR,Toumani Camara,33:30,6,7,4,7,0.286,0,5
20251231,POR,Deni Avdija,31:56,17,7,7,14,0.357,2,7
20251231,POR,Shaedon Sharpe,28:27,14,4,1,17,0.294,3,3
20251231,POR,Sidy Cissoko,27:11,19,1,2,10,0.7,0,3
20251231,POR,Donovan Clingan,17:21,6,5,0,5,0.4,0,1
20251231,POR,Caleb Love,30:08,10,5,4,12,0.333,3,3
20251231,POR,Kris Murray,25:45,10,3,1,5,0.6,0,1
20251231,POR,Robert Williams,16:14,8,8,0,4,1.0,1,0
20251231,POR,Rayan Rupert,12:07,2,4,1,6,0.167,0,0
20251231,POR,Yang Hansen,10:50,3,5,0,4,0.25,0,0
20251231,POR,Duop Reath,6:31,0,1,0,3,0.0,1,1
20251231,OKC,Shai Gilgeous-Alexander,28:35,30,2,6,15,0.733,4,0
20251231,OKC,Cason Wallace,26:32,5,2,4,5,0.4,0,1
20251231,OKC,Jalen Williams,25:42,13,7,7,13,0.462,3,2
20251231,OKC,Luguentz Dort,24:46,12,2,1,10,0.4,1,0
20251231,OKC,Chet Holmgren,24:43,12,10,1,10,0.5,2,4
20251231,OKC,Ajay Mitchell,23:10,17,6,3,4,1.0,1,2
20251231,OKC,Aaron Wiggins,21:59,2,0,2,5,0.0,2,1
20251231,OKC,Branden Carlson,19:40,12,7,1,9,0.556,0,2
20251231,OKC,Isaiah Joe,19:25,15,1,1,10,0.5,0,0
20251231,OKC,Kenrich Williams,11:58,3,2,3,5,0.2,1,1
20251231,OKC,Alex Caruso,8:35,3,1,0,2,0.5,1,1
20251231,OKC,Chris Youngblood,4:55,0,1,0,2,0.0,0,0
